chave_local,municipio,local,endereco,latitude,longitude,bairro,status,consulta_usada,display_name
ARAPIRACA|ESCOLA DE ENSINO FUNDAMENTAL ENEAS BENEDITO DOS SANTOS|POVOADO CANGANDU S/N,ARAPIRACA,ESCOLA DE ENSINO FUNDAMENTAL ENEAS BENEDITO DOS SANTOS,POVOADO CANGANDU S/N,,,,NAO_ENCONTRADO_OSM,,
ARAPIRACA|ESCOLA DE 1 GRAU FERNANDO COLLOR DE MELLO|POVOADO CANAA S/N,ARAPIRACA,ESCOLA DE 1 GRAU FERNANDO COLLOR DE MELLO,POVOADO CANAA S/N,,,,NAO_ENCONTRADO_OSM,,
ARAPIRACA|ESCOLA DE ENSINO FUNDAMENTAL MANOEL HUMBERTO DA COSTA|SITIO BATINGAS,ARAPIRACA,ESCOLA DE ENSINO FUNDAMENTAL MANOEL HUMBERTO DA COSTA,SITIO BATINGAS,,,,NAO_ENCONTRADO_OSM,,
ARAPIRACA|GRUPO ESCOLAR ANTONIO CEZARIO DE OLIVEIRA|VILA SAO JOSE S/N,ARAPIRACA,GRUPO ESCOLAR ANTONIO CEZARIO DE OLIVEIRA,VILA SAO JOSE S/N,,,,NAO_ENCONTRADO_OSM,,
ARAPIRACA|ESCOLA DE 1 GRAU MANOEL ANDRE|AV. JOSE LUCIO DA SILVA S/N,ARAPIRACA,ESCOLA DE 1 GRAU MANOEL ANDRE,AV. JOSE LUCIO DA SILVA S/N,,,,NAO_ENCONTRADO_OSM,,
ARAPIRACA|ESCOLA DE ENSINO FUNDAMENTAL CLAUDECY BISPO DOS SANTOS|RUA JOSE C. DE FARIAS,ARAPIRACA,ESCOLA DE ENSINO FUNDAMENTAL CLAUDECY BISPO DOS SANTOS,RUA JOSE C. DE FARIAS,,,,NAO_ENCONTRADO_OSM,,
ARAPIRACA|ESCOLA DE 1 GRAU PARQUE LIONS|RUA GOV. AFRANIO LAGES S/N,ARAPIRACA,ESCOLA DE 1 GRAU PARQUE LIONS,RUA GOV. AFRANIO LAGES S/N,,,,NAO_ENCONTRADO_OSM,,
ARAPIRACA|GRUPO ESCOLAR JOSE PEREIRA LUCIO|POVOADO BANANEIRAS S/N,ARAPIRACA,GRUPO ESCOLAR JOSE PEREIRA LUCIO,POVOADO BANANEIRAS S/N,,,,NAO_ENCONTRADO_OSM,,
ARAPIRACA|ESCOLA PROFESSOR LUIZ ALBERTO DE MELO|POVOADO PAU D ARCO S/N,ARAPIRACA,ESCOLA PROFESSOR LUIZ ALBERTO DE MELO,POVOADO PAU D ARCO S/N,,,,NAO_ENCONTRADO_OSM,,
ARAPIRACA|ESCOLA JOAO SATURNINO DE ALMEIDA|AV. JOAO SATURNINO S/N,ARAPIRACA,ESCOLA JOAO SATURNINO DE ALMEIDA,AV. JOAO SATURNINO S/N,,,,NAO_ENCONTRADO_OSM,,
ARAPIRACA|ESCOLA DE ENSINO FUNDAMENTAL CLEONICE BARBOSA DE ALMEIDA|CONJUNTO BRISA DO LAGO - OLHO DAGUA DOS CAZUZINHO,ARAPIRACA,ESCOLA DE ENSINO FUNDAMENTAL CLEONICE BARBOSA DE ALMEIDA,CONJUNTO BRISA DO LAGO - OLHO DAGUA DOS CAZUZINHO,,,,NAO_ENCONTRADO_OSM,,
ARAPIRACA|GRUPO ESCOLAR DOMINGOS LOPES|RUA VEREADOR DOMINGOS LOPES S/N,ARAPIRACA,GRUPO ESCOLAR DOMINGOS LOPES,RUA VEREADOR DOMINGOS LOPES S/N,,,,NAO_ENCONTRADO_OSM,,
ARAPIRACA|GRUPO ESCOLAR JOAO BATISTA PEREIRA|COHAB NOVA S/N,ARAPIRACA,GRUPO ESCOLAR JOAO BATISTA PEREIRA,COHAB NOVA S/N,,,,NAO_ENCONTRADO_OSM,,
ARAPIRACA|GRUPO ESCOLAR CONEGO EPITACIO RODRIGUES|VILA SAO FRANCISCO,ARAPIRACA,GRUPO ESCOLAR CONEGO EPITACIO RODRIGUES,VILA SAO FRANCISCO,,,,NAO_ENCONTRADO_OSM,,
ARAPIRACA|ESCOLA DE ENSINO FUNDAMENTAL ZELIA BARBOSA ROCHA|RUA DJALMA M. SANTANA,ARAPIRACA,ESCOLA DE ENSINO FUNDAMENTAL ZELIA BARBOSA ROCHA,RUA DJALMA M. SANTANA,-9.7712290,-36.6412944,Boa Vista,ENCONTRADO_OSM,"ESCOLA DE ENSINO FUNDAMENTAL ZELIA BARBOSA ROCHA, ARAPIRACA, Alagoas, Brasil","Escola De Ensino Fundamental Zélia Barbosa Rocha, 255, Rua Djalma Matheus Santana, Boa Vista, Arapiraca, Alagoas, Região Nordeste, 57316-305, Brasil"
ARAPIRACA|GRUPO ESCOLAR PEDRO CORREIA DAS GRACAS|RUA VICENTE NUNES S/N,ARAPIRACA,GRUPO ESCOLAR PEDRO CORREIA DAS GRACAS,RUA VICENTE NUNES S/N,,,,NAO_ENCONTRADO_OSM,,
ARAPIRACA|ESCOLAR ANA BERNARDES SILVEIRA|SERRA DOS FERREIRA S/N,ARAPIRACA,ESCOLAR ANA BERNARDES SILVEIRA,SERRA DOS FERREIRA S/N,,,,NAO_ENCONTRADO_OSM,,
ARAPIRACA|ESCOLA LINDAUVA EULALIA DE FARIAS|POVOADO BAIXA GRANDE DE DENTRO,ARAPIRACA,ESCOLA LINDAUVA EULALIA DE FARIAS,POVOADO BAIXA GRANDE DE DENTRO,,,,NAO_ENCONTRADO_OSM,,
ARAPIRACA|ESCOLA DE ENSINO FUNDAMENTAL LOJA MACONICA|RUA JOSE CLOVIS R. DE BARROS,ARAPIRACA,ESCOLA DE ENSINO FUNDAMENTAL LOJA MACONICA,RUA JOSE CLOVIS R. DE BARROS,,,,NAO_ENCONTRADO_OSM,,
ARAPIRACA|ESCOLA DE ENSINO FUNDAMENTAL GUIMARAES PASSOS|VILA FERNANDES,ARAPIRACA,ESCOLA DE ENSINO FUNDAMENTAL GUIMARAES PASSOS,VILA FERNANDES,,,,NAO_ENCONTRADO_OSM,,
ARAPIRACA|ANEXO ESCOLA JAYME DE ALTAVILLA|AV. MIGUEL CORREIA S/N,ARAPIRACA,ANEXO ESCOLA JAYME DE ALTAVILLA,AV. MIGUEL CORREIA S/N,,,,NAO_ENCONTRADO_OSM,,
"ARAPIRACA|IFAL - INSTITUTO FEDERAL DE ALAGOAS|RODOVIA AL 110, N 4805",ARAPIRACA,IFAL - INSTITUTO FEDERAL DE ALAGOAS,"RODOVIA AL 110, N 4805",-9.4071760,-36.6551382,Vila João XXIII,ENCONTRADO_OSM,"IFAL - INSTITUTO FEDERAL DE ALAGOAS, Alagoas, Brasil","IFAL - Instituto Federal de Alagoas, Vila João XXIII, Palmeira dos Índios, Alagoas, Região Nordeste, Brasil"
"ARAPIRACA|ESCOLA DE ENSINO FUNDAMENTAL VOLUNTARIA MARIA DAS NEVES BORGES|RUA SINESIO FERREIRA LIMA, N 383, OURO PRETO",ARAPIRACA,ESCOLA DE ENSINO FUNDAMENTAL VOLUNTARIA MARIA DAS NEVES BORGES,"RUA SINESIO FERREIRA LIMA, N 383, OURO PRETO",,,,NAO_ENCONTRADO_OSM,,
ARAPIRACA|CENTRO DE EDUCACAO INFANTIL JOANNA DE ANGELLIS (ANTIGO MADRE PAULINA)|RUA DOMINGOS CORREIA 1065,ARAPIRACA,CENTRO DE EDUCACAO INFANTIL JOANNA DE ANGELLIS (ANTIGO MADRE PAULINA),RUA DOMINGOS CORREIA 1065,,,,NAO_ENCONTRADO_OSM,,
"ARAPIRACA|CENTRO DE EDUCACAO INFANTIL MARIA DE LOURDES PEREIRA CAVALCANTE|RUA OSMAN CAVALCANTE, S/N",ARAPIRACA,CENTRO DE EDUCACAO INFANTIL MARIA DE LOURDES PEREIRA CAVALCANTE,"RUA OSMAN CAVALCANTE, S/N",,,,NAO_ENCONTRADO_OSM,,
"CORURIPE|ESCOLA ESTADUAL LIMA CASTRO|AVENIDA WASHINTON LUIZ, ANTIGA AV CAMACARI",CORURIPE,ESCOLA ESTADUAL LIMA CASTRO,"AVENIDA WASHINTON LUIZ, ANTIGA AV CAMACARI",-9.5699512,-35.7858739,Clima Bom,ENCONTRADO_OSM,"ESCOLA ESTADUAL LIMA CASTRO, Alagoas, Brasil","Escola Estadual Benedito de Castro Lima, Travessa Haroldo de Azevedo, Clima Bom, Maceió, Alagoas, Região Nordeste, 57071-080, Brasil"
"CORURIPE|ESCOLA ESTADUAL DJALMA BARROS SIQUEIRA|RUA PERNAMBUCO NOVO, S/N",CORURIPE,ESCOLA ESTADUAL DJALMA BARROS SIQUEIRA,"RUA PERNAMBUCO NOVO, S/N",,,,NAO_ENCONTRADO_OSM,,
"CORURIPE|ESCOLA MUN. EDUC. BASICA PROF. MARIA ROCHA SANTOS SILVA|TRAVESSA FLAMENGO, 182, QUADRA S",CORURIPE,ESCOLA MUN. EDUC. BASICA PROF. MARIA ROCHA SANTOS SILVA,"TRAVESSA FLAMENGO, 182, QUADRA S",,,,NAO_ENCONTRADO_OSM,,
CORURIPE|ESCOLA MUNICIPAL SANTA SOFIA|RUA DA CAIXA DAGUA - POVOADO BOTAFOGO,CORURIPE,ESCOLA MUNICIPAL SANTA SOFIA,RUA DA CAIXA DAGUA - POVOADO BOTAFOGO,,,,NAO_ENCONTRADO_OSM,,
"CORURIPE|ESCOLA ESTADUAL DEPUTADO JOAO BELTRAO|AV. ANFRISIO DE CASTRO LESSA SANTOS, 506",CORURIPE,ESCOLA ESTADUAL DEPUTADO JOAO BELTRAO,"AV. ANFRISIO DE CASTRO LESSA SANTOS, 506",-10.1164747,-36.1822774,Coruripe,ENCONTRADO_OSM,"ESCOLA ESTADUAL DEPUTADO JOAO BELTRAO, AV. ANFRISIO DE CASTRO LESSA SANTOS, 506, CORURIPE, Alagoas, Brasil","Escola Estadual Deputado João Beltrão, 488, Avenida Anfrísio Lessa de Castro Santos, Coruripe, Alagoas, Região Nordeste, 57230-000, Brasil"
"CORURIPE|ESCOLA MUNICIPAL GENERAL DE GOIS MONTEIRO|RUA ABELARDO HOLANDA, 105",CORURIPE,ESCOLA MUNICIPAL GENERAL DE GOIS MONTEIRO,"RUA ABELARDO HOLANDA, 105",,,,NAO_ENCONTRADO_OSM,,
"CORURIPE|ESCOLA MUNICIPAL MANOEL CECILIO DE JESUS|RUA DO JASMIM,",CORURIPE,ESCOLA MUNICIPAL MANOEL CECILIO DE JESUS,"RUA DO JASMIM,",,,,NAO_ENCONTRADO_OSM,,
"CORURIPE|ESCOLA MUN. CENT. EDUCACAO INFANTIL PROF. MARIA ZENAIDE ROCHA SANTOS|RUA PERNAMBUCO NOVO, S/N,",CORURIPE,ESCOLA MUN. CENT. EDUCACAO INFANTIL PROF. MARIA ZENAIDE ROCHA SANTOS,"RUA PERNAMBUCO NOVO, S/N,",,,,NAO_ENCONTRADO_OSM,,
CORURIPE|CENTRO EDUCACIONAL PROFISSIONAL MARIA ALICE BELTRAO DE CASTRO SIQUEIRA|RUA PERNAMBUCO NOVO,CORURIPE,CENTRO EDUCACIONAL PROFISSIONAL MARIA ALICE BELTRAO DE CASTRO SIQUEIRA,RUA PERNAMBUCO NOVO,,,,NAO_ENCONTRADO_OSM,,
"CORURIPE|ESCOLA MUNICIPAL NOSSA SENHORA DO MONT SERRAT|POVOADO MIAI DE BAIXO, S/N",CORURIPE,ESCOLA MUNICIPAL NOSSA SENHORA DO MONT SERRAT,"POVOADO MIAI DE BAIXO, S/N",,,,NAO_ENCONTRADO_OSM,,
"DELMIRO GOUVEIA|VIRGILIA BEZERRA,ESCOLA DE 1 E 2 GRAUS PROFESSORA|AV MASCARENHAS DE MORAIS S/N",DELMIRO GOUVEIA,"VIRGILIA BEZERRA,ESCOLA DE 1 E 2 GRAUS PROFESSORA",AV MASCARENHAS DE MORAIS S/N,,,,NAO_ENCONTRADO_OSM,,
"DELMIRO GOUVEIA|FRANCISCA ROSA DA COSTA,GRUPO ESCOLAR|RUA SARGENTO REGINALDO BANDEIRA, 342",DELMIRO GOUVEIA,"FRANCISCA ROSA DA COSTA,GRUPO ESCOLAR","RUA SARGENTO REGINALDO BANDEIRA, 342",,,,NAO_ENCONTRADO_OSM,,
"DELMIRO GOUVEIA|JOSE CORREIA FILHO,ESCOLA|POVOADO JARDIM CORDEIRO",DELMIRO GOUVEIA,"JOSE CORREIA FILHO,ESCOLA",POVOADO JARDIM CORDEIRO,,,,NAO_ENCONTRADO_OSM,,
"DELMIRO GOUVEIA|ANCHIETA, GRUPO ESCOLAR PADRE ( POV. LAGOINHA)|POVOADO LAGOINHAS S/N",DELMIRO GOUVEIA,"ANCHIETA, GRUPO ESCOLAR PADRE ( POV. LAGOINHA)",POVOADO LAGOINHAS S/N,,,,NAO_ENCONTRADO_OSM,,
"DELMIRO GOUVEIA|NOEMIA BANDEIRA DA SILVA,ESCOLA|RUA DO CHAFARIZ, SN",DELMIRO GOUVEIA,"NOEMIA BANDEIRA DA SILVA,ESCOLA","RUA DO CHAFARIZ, SN",,,,NAO_ENCONTRADO_OSM,,
"DELMIRO GOUVEIA|ESCOLA ESTADUAL PEDRO NEPOMUCENO DOS SANTOS|RUA PROJETADA, S/N. DISTRITO DE BARRAGEM LESTE",DELMIRO GOUVEIA,ESCOLA ESTADUAL PEDRO NEPOMUCENO DOS SANTOS,"RUA PROJETADA, S/N. DISTRITO DE BARRAGEM LESTE",,,,NAO_ENCONTRADO_OSM,,
"DELMIRO GOUVEIA|MANOEL MOURA, COLEGIO DE 1 GRAU|POVOADO BARRAGEM",DELMIRO GOUVEIA,"MANOEL MOURA, COLEGIO DE 1 GRAU",POVOADO BARRAGEM,,,,NAO_ENCONTRADO_OSM,,
"DELMIRO GOUVEIA|SAO JOSE, ESCOLA MUN DE ENSINO FUNDAMENTAL|POVOADO SALGADO",DELMIRO GOUVEIA,"SAO JOSE, ESCOLA MUN DE ENSINO FUNDAMENTAL",POVOADO SALGADO,,,,NAO_ENCONTRADO_OSM,,
"DELMIRO GOUVEIA|ERENICE GOMES DE LIMA, ESCOLA ESTADUAL PROFa|RUA MARTINHA CARDEAL S/N",DELMIRO GOUVEIA,"ERENICE GOMES DE LIMA, ESCOLA ESTADUAL PROFa",RUA MARTINHA CARDEAL S/N,,,,NAO_ENCONTRADO_OSM,,
DELMIRO GOUVEIA|GRUPO ESCOLAR CASTRO ALVES|POVOADO BARRAGEM,DELMIRO GOUVEIA,GRUPO ESCOLAR CASTRO ALVES,POVOADO BARRAGEM,,,,NAO_ENCONTRADO_OSM,,
"DELMIRO GOUVEIA|RUI BARBOSA,ESCOLA MUNICIPAL|POVOADO SAO SEBASTIAO",DELMIRO GOUVEIA,"RUI BARBOSA,ESCOLA MUNICIPAL",POVOADO SAO SEBASTIAO,,,,NAO_ENCONTRADO_OSM,,
"DELMIRO GOUVEIA|JOSE CORREIA DOS SANTOS,GRUPO ESCOLAR|POVOADO SINIMBU",DELMIRO GOUVEIA,"JOSE CORREIA DOS SANTOS,GRUPO ESCOLAR",POVOADO SINIMBU,,,,NAO_ENCONTRADO_OSM,,
"DELMIRO GOUVEIA|RAIMYSON SILVA NASCIMENTO, EMEF|POVOADO CARAIBEIRINHAS",DELMIRO GOUVEIA,"RAIMYSON SILVA NASCIMENTO, EMEF",POVOADO CARAIBEIRINHAS,,,,NAO_ENCONTRADO_OSM,,
"DELMIRO GOUVEIA|ANTENOR CORREIA SERPA, ESCOLA MUNICIPAL DR.|POVOADO CRUZ",DELMIRO GOUVEIA,"ANTENOR CORREIA SERPA, ESCOLA MUNICIPAL DR.",POVOADO CRUZ,,,,NAO_ENCONTRADO_OSM,,
DELMIRO GOUVEIA|ESCOLA MUNICIPAL DE EDUCACAO BASICA JUSCELINO KUBISTCHEK DE OLIVEIRA|POVOADO ALTO BONITO,DELMIRO GOUVEIA,ESCOLA MUNICIPAL DE EDUCACAO BASICA JUSCELINO KUBISTCHEK DE OLIVEIRA,POVOADO ALTO BONITO,,,,NAO_ENCONTRADO_OSM,,
"MACEIO|ESCOLA DE ENSINO FUNDAMENTAL DR JOSE HAROLDO DA COSTA|CONJ. SALVADOR LIRA, S/N",MACEIO,ESCOLA DE ENSINO FUNDAMENTAL DR JOSE HAROLDO DA COSTA,"CONJ. SALVADOR LIRA, S/N",,,,NAO_ENCONTRADO_OSM,,
"MACEIO|E.E. GERALDO MELO DOS SANTOS|RUA 61, QD C-6, CJ. GRACILIANO RAMOS",MACEIO,E.E. GERALDO MELO DOS SANTOS,"RUA 61, QD C-6, CJ. GRACILIANO RAMOS",,,,NAO_ENCONTRADO_OSM,,
"MACEIO|E.M. JAYME DE ALTAVILLA|RUA DILERMANO REIS, S/N, LOT SANTA LUCIA",MACEIO,E.M. JAYME DE ALTAVILLA,"RUA DILERMANO REIS, S/N, LOT SANTA LUCIA",,,,NAO_ENCONTRADO_OSM,,
"MACEIO|ESCOLA ESTADUAL ROMEU DE AVELAR|RUA RACOES CARB, S/N",MACEIO,ESCOLA ESTADUAL ROMEU DE AVELAR,"RUA RACOES CARB, S/N",,,,NAO_ENCONTRADO_OSM,,
"MACEIO|ESCOLA ESTADUAL PROFa. ROSALVA PEREIRA VIANA|LOT. POR DO SOL, QD D, S/N, MOCAMBO",MACEIO,ESCOLA ESTADUAL PROFa. ROSALVA PEREIRA VIANA,"LOT. POR DO SOL, QD D, S/N, MOCAMBO",,,,NAO_ENCONTRADO_OSM,,
"MACEIO|ESCOLA DE ENS. FUND. NOSSO LAR I|RUA SAMPAIO DORIA, S/N",MACEIO,ESCOLA DE ENS. FUND. NOSSO LAR I,"RUA SAMPAIO DORIA, S/N",,,,NAO_ENCONTRADO_OSM,,
"MACEIO|E.E. ALFREDO GASPAR DE MENDONCA|CONJ. EUSTAQUIO GOMES DE MELO, S/N",MACEIO,E.E. ALFREDO GASPAR DE MENDONCA,"CONJ. EUSTAQUIO GOMES DE MELO, S/N",,,,NAO_ENCONTRADO_OSM,,
"MACEIO|ESCOLA ESTADUAL PROFa. MARIA SALETE GUSMAO DE ARAUJO|CJ. OSMAN LOUREIRO, QD A",MACEIO,ESCOLA ESTADUAL PROFa. MARIA SALETE GUSMAO DE ARAUJO,"CJ. OSMAN LOUREIRO, QD A",,,,NAO_ENCONTRADO_OSM,,
"MACEIO|COLEGIO ZUMBI DOS PALMARES|CJ ROSANE COLLOR, QD M, S/N",MACEIO,COLEGIO ZUMBI DOS PALMARES,"CJ ROSANE COLLOR, QD M, S/N",,,,NAO_ENCONTRADO_OSM,,
"MACEIO|COLEGIO EDSON MONTEIRO|RUA ANDRE PAPINE GOES, 177, LOTEAMENTO ACAUA",MACEIO,COLEGIO EDSON MONTEIRO,"RUA ANDRE PAPINE GOES, 177, LOTEAMENTO ACAUA",,,,NAO_ENCONTRADO_OSM,,
"MACEIO|ESC. EST. MIRAN MARROQUIM|RUA DA LIBERDADE, S/N - PIABAS",MACEIO,ESC. EST. MIRAN MARROQUIM,"RUA DA LIBERDADE, S/N - PIABAS",,,,NAO_ENCONTRADO_OSM,,
"MACEIO|E.E. DEPUTADO RUBENS CANUTO|AV. GURGURI , S/N",MACEIO,E.E. DEPUTADO RUBENS CANUTO,"AV. GURGURI , S/N",,,,NAO_ENCONTRADO_OSM,,
"MACEIO|E.M. PROFESSOR CORINTHO DA PAZ|RUA 5-A, S/N - CJ. EUSTAQUIO GOMES DE MELO",MACEIO,E.M. PROFESSOR CORINTHO DA PAZ,"RUA 5-A, S/N - CJ. EUSTAQUIO GOMES DE MELO",,,,NAO_ENCONTRADO_OSM,,
"MACEIO|E.E. JORNALISTA LAFAIETTE BELO|PARQUE RESIDENCIAL BENEDITO BENTES I, S/N",MACEIO,E.E. JORNALISTA LAFAIETTE BELO,"PARQUE RESIDENCIAL BENEDITO BENTES I, S/N",,,,NAO_ENCONTRADO_OSM,,
"MACEIO|ESCOLA ESTADUAL AURELINA PALMEIRA DE MELO|PRACA PADRE CICERO, S/N",MACEIO,ESCOLA ESTADUAL AURELINA PALMEIRA DE MELO,"PRACA PADRE CICERO, S/N",-9.6586968,-35.7582469,Vergel do Lago,ENCONTRADO_OSM,"ESCOLA ESTADUAL AURELINA PALMEIRA DE MELO, MACEIO, Alagoas, Brasil","Escola Estadual Aurelina Palmeira de Melo, Rua Vila Kennedy A, Vergel do Lago, Maceió, Alagoas, Região Nordeste, 57014-630, Brasil"
"MACEIO|ESC. MUN. PROF. LENILTO ALVES SANTOS|RUA ENFERMEIRO MARIANO - COHAB, S/N",MACEIO,ESC. MUN. PROF. LENILTO ALVES SANTOS,"RUA ENFERMEIRO MARIANO - COHAB, S/N",,,,NAO_ENCONTRADO_OSM,,
"MACEIO|ESCOLA ESTADUAL PROFa. IRENE GARRIDO|RUA G, QD 3, S/N, CONJ. DUBEAUX LEAO",MACEIO,ESCOLA ESTADUAL PROFa. IRENE GARRIDO,"RUA G, QD 3, S/N, CONJ. DUBEAUX LEAO",,,,NAO_ENCONTRADO_OSM,,
"MACEIO|ESCOLA ESTADUAL PROFESSOR PEDRO TEIXEIRA|RUA PAU DARCO, S/N",MACEIO,ESCOLA ESTADUAL PROFESSOR PEDRO TEIXEIRA,"RUA PAU DARCO, S/N",,,,NAO_ENCONTRADO_OSM,,
"MACEIO|E.M. MARIA CARMELITA CARDOSO GAMA (CAIC-UFAL)|BR 104, 1099 KM 14 - CAMPUS A.C.SIMOES",MACEIO,E.M. MARIA CARMELITA CARDOSO GAMA (CAIC-UFAL),"BR 104, 1099 KM 14 - CAMPUS A.C.SIMOES",,,,NAO_ENCONTRADO_OSM,,
"MACEIO|E.E. PROFA. GILVANA ATAIDE CAVALCANTE CABRAL|RUA ELINELMA DE OLIVEIRA SANTOS, S/N",MACEIO,E.E. PROFA. GILVANA ATAIDE CAVALCANTE CABRAL,"RUA ELINELMA DE OLIVEIRA SANTOS, S/N",,,,NAO_ENCONTRADO_OSM,,
"MACEIO|ESCOLA EST. DR. EDSON BERNARDES|CONJ. JOAQUIM LEAO, S/N",MACEIO,ESCOLA EST. DR. EDSON BERNARDES,"CONJ. JOAQUIM LEAO, S/N",,,,NAO_ENCONTRADO_OSM,,
"MACEIO|E.M. PROF. AURELIO BUARQUE DE HOLANDA FERREIRA|RUA F, S/N, CONJUNTO FREITAS NETO",MACEIO,E.M. PROF. AURELIO BUARQUE DE HOLANDA FERREIRA,"RUA F, S/N, CONJUNTO FREITAS NETO",,,,NAO_ENCONTRADO_OSM,,
"MACEIO|E.M. MARIA DE LOURDES DE MELO PIMENTEL|RUA PADRE CICERO, 05, VILAGE CAMPESTE II",MACEIO,E.M. MARIA DE LOURDES DE MELO PIMENTEL,"RUA PADRE CICERO, 05, VILAGE CAMPESTE II",,,,NAO_ENCONTRADO_OSM,,
"MACEIO|ESC. MUN. PROFa EULINA RIBEIRO ALENCAR|RUA COARACI FONSECA, 01",MACEIO,ESC. MUN. PROFa EULINA RIBEIRO ALENCAR,"RUA COARACI FONSECA, 01",,,,NAO_ENCONTRADO_OSM,,
"MACEIO|ESCOLA DE ENSINO FUNDAMENTAL PROF. DONIZETTI CALHEIROS|AV. UBERABA, S/N",MACEIO,ESCOLA DE ENSINO FUNDAMENTAL PROF. DONIZETTI CALHEIROS,"AV. UBERABA, S/N",,,,NAO_ENCONTRADO_OSM,,
"MACEIO|ESC. MUN. ARNON AFFONSO FARIAS DE MELLO|CONJ. JOSE DA SILVA PEIXOTO, S/N",MACEIO,ESC. MUN. ARNON AFFONSO FARIAS DE MELLO,"CONJ. JOSE DA SILVA PEIXOTO, S/N",,,,NAO_ENCONTRADO_OSM,,
"MACEIO|E.M. PROFA. HEVIA VALERIA MAIA AMORIM|AV JOSE AILTON DOS SANTOS, S/N, VILAGE CAMPESTRE I",MACEIO,E.M. PROFA. HEVIA VALERIA MAIA AMORIM,"AV JOSE AILTON DOS SANTOS, S/N, VILAGE CAMPESTRE I",,,,NAO_ENCONTRADO_OSM,,
MACEIO|ESCOLA MUN. SILVESTRE PERICLES|PRACA DR CAIO DE AGUIAR PORTO S/N - PONTAL DA BARRA,MACEIO,ESCOLA MUN. SILVESTRE PERICLES,PRACA DR CAIO DE AGUIAR PORTO S/N - PONTAL DA BARRA,,,,NAO_ENCONTRADO_OSM,,
"MACEIO|ESCOLA MONTEIRO LOBATO|RUA DO IPE ROXO, 291",MACEIO,ESCOLA MONTEIRO LOBATO,"RUA DO IPE ROXO, 291",-9.6104712,-35.7385532,Gruta de Lourdes,ENCONTRADO_OSM,"ESCOLA MONTEIRO LOBATO, MACEIO, Alagoas, Brasil","Colégio Monteiro Lobato, 277, Rua Ipê Roxo, Gruta de Lourdes, Maceió, Alagoas, Região Nordeste, 57052-590, Brasil"
"MACEIO|COLEGIO SANTISSIMO SENHOR|LOTEAMENTO BRISA DA SERRARIA, 302 - CONJ. JOSE TENORIO",MACEIO,COLEGIO SANTISSIMO SENHOR,"LOTEAMENTO BRISA DA SERRARIA, 302 - CONJ. JOSE TENORIO",-9.6012888,-35.7193828,Serraria,ENCONTRADO_OSM,"COLEGIO SANTISSIMO SENHOR, MACEIO, Alagoas, Brasil","Colégio Santíssimo Senhor, 302, Avenida Deputado Edson Lins, Serraria, Maceió, Alagoas, Região Nordeste, 57046-140, Brasil"
"MACEIO|ESC. MUN. ANTONIO SEMEAO LAMENHA LINS|RUA MAJOR JOAQUIM CALHEIROS, S/N",MACEIO,ESC. MUN. ANTONIO SEMEAO LAMENHA LINS,"RUA MAJOR JOAQUIM CALHEIROS, S/N",,,,NAO_ENCONTRADO_OSM,,
"MACEIO|ESC. EST. MANOEL SIMPLICIO DO NASCIMENTO|RUA DIVISORIA FEICAO, S/N",MACEIO,ESC. EST. MANOEL SIMPLICIO DO NASCIMENTO,"RUA DIVISORIA FEICAO, S/N",,,,NAO_ENCONTRADO_OSM,,
"MACEIO|COLEGIO INTENSIVO|LARGO DA VITORIA, 215",MACEIO,COLEGIO INTENSIVO,"LARGO DA VITORIA, 215",-9.6688306,-35.7185657,Pajuçara,ENCONTRADO_OSM,"COLEGIO INTENSIVO, MACEIO, Alagoas, Brasil","Colégio Intensivo, 211, Rua Doutor Messias de Gusmão, Pajuçara, Maceió, Alagoas, Região Nordeste, 57030-085, Brasil"
"MACEIO|E.M. TRADUTOR JOAO SAMPAIO|PRACA CENTRAL, S/N, CONJ. JOAO SAMPAIO I",MACEIO,E.M. TRADUTOR JOAO SAMPAIO,"PRACA CENTRAL, S/N, CONJ. JOAO SAMPAIO I",,,,NAO_ENCONTRADO_OSM,,
"MACEIO|ESC. MUN. DR. BALTAZAR DE MENDONCA|RUA DIVISORIA FEICAO, S/N",MACEIO,ESC. MUN. DR. BALTAZAR DE MENDONCA,"RUA DIVISORIA FEICAO, S/N",,,,NAO_ENCONTRADO_OSM,,
"MACEIO|ESC. EST. PROF. THEOTONIO VILELA BRANDAO|RUA ADAUTO GOMES BARBOSA, SN - SANTO EDUARDO",MACEIO,ESC. EST. PROF. THEOTONIO VILELA BRANDAO,"RUA ADAUTO GOMES BARBOSA, SN - SANTO EDUARDO",,,,NAO_ENCONTRADO_OSM,,
"MACEIO|ESCOLA ESTADUAL MARIA AMALIA|RUA VALDEMAR RUFINO DOS SANTOS, S/N,VILA ABC",MACEIO,ESCOLA ESTADUAL MARIA AMALIA,"RUA VALDEMAR RUFINO DOS SANTOS, S/N,VILA ABC",,,,NAO_ENCONTRADO_OSM,,
"MACEIO|CLUBE DA CAIXA ECONOMICA FEDERAL (APCEF/AL)|ROD. AL 101 NORTE, S/N",MACEIO,CLUBE DA CAIXA ECONOMICA FEDERAL (APCEF/AL),"ROD. AL 101 NORTE, S/N",,,,NAO_ENCONTRADO_OSM,,
"MACEIO|ESCOLA MUNICIPAL PROFESSORA JAREDE VIANA DE OLIVEIRA|RUA SAO JOSE, S/N, AO LADO DA ESCOLA MUNICIPAL TOBIAS GRANJA",MACEIO,ESCOLA MUNICIPAL PROFESSORA JAREDE VIANA DE OLIVEIRA,"RUA SAO JOSE, S/N, AO LADO DA ESCOLA MUNICIPAL TOBIAS GRANJA",,,,NAO_ENCONTRADO_OSM,,
MACEIO|COLEGIO MARIA MONTESSORI|RUA PAPA JOAO PAULO 30,MACEIO,COLEGIO MARIA MONTESSORI,RUA PAPA JOAO PAULO 30,-9.6191601,-35.7330217,Bairro Gruta de Lourdes,ENCONTRADO_OSM,"COLEGIO MARIA MONTESSORI, MACEIO, Alagoas, Brasil","Ginásio do Colégio Maria Montessori, Rua Danúsia de Menezes Brandão Ayres, Bairro Gruta de Lourdes, Gruta de Lourdes, Maceió, Alagoas, Região Nordeste, 57052-620, Brasil"
"MACEIO|ESC. EST. PROF. EDUARDO DA MOTA TRIGUEIROS|RUA ADAUTO GOMES BARBOSA, S/N - SANTO EDUARDO",MACEIO,ESC. EST. PROF. EDUARDO DA MOTA TRIGUEIROS,"RUA ADAUTO GOMES BARBOSA, S/N - SANTO EDUARDO",,,,NAO_ENCONTRADO_OSM,,
"MACEIO|ESC. MUN. DR. ORLANDO ARAUJO|RUA DR. JOSE SAMPAIO LUZ, S/N",MACEIO,ESC. MUN. DR. ORLANDO ARAUJO,"RUA DR. JOSE SAMPAIO LUZ, S/N",,,,NAO_ENCONTRADO_OSM,,
"MACEIO|ESC. DE ENS. FUND. PROF. ALMEIDA LEITE|RUA DR. VIRGILIO GUEDES, S/N",MACEIO,ESC. DE ENS. FUND. PROF. ALMEIDA LEITE,"RUA DR. VIRGILIO GUEDES, S/N",,,,NAO_ENCONTRADO_OSM,,
"MACEIO|E.M. SELMA BANDEIRA|AV. DA PAZ, SN - CJ. SELMA BANDEIRA",MACEIO,E.M. SELMA BANDEIRA,"AV. DA PAZ, SN - CJ. SELMA BANDEIRA",-9.5811514,-35.7159217,Benedito Bentes,ENCONTRADO_OSM,"E.M. SELMA BANDEIRA, MACEIO, Alagoas, Brasil","Quadra Vinte e Dois, Conjunto Selma Bandeira, Benedito Bentes, Maceió, Alagoas, Região Nordeste, 57046-080, Brasil"
"MACEIO|ESCOLA MUN. SERGIO LUIZ PESSOA BRAGA|PRACA GOVERNADOR LAMENHA FILHO, S/N",MACEIO,ESCOLA MUN. SERGIO LUIZ PESSOA BRAGA,"PRACA GOVERNADOR LAMENHA FILHO, S/N",,,,NAO_ENCONTRADO_OSM,,
"MACEIO|E.E. MANOEL DE ARAUJO DORIA|AV. SENADOR TEOTONIO VILELA - CJ HENRIQUE EQUELMAN, S/N",MACEIO,E.E. MANOEL DE ARAUJO DORIA,"AV. SENADOR TEOTONIO VILELA - CJ HENRIQUE EQUELMAN, S/N",,,,NAO_ENCONTRADO_OSM,,
"MACEIO|ESC. MUN. RADIALISTA EDECIO LOPES (ANTIGO COL. LAERSON ROSA)|RUA ALAMEDA CELIA DOS ANJOS, 06",MACEIO,ESC. MUN. RADIALISTA EDECIO LOPES (ANTIGO COL. LAERSON ROSA),"RUA ALAMEDA CELIA DOS ANJOS, 06",,,,NAO_ENCONTRADO_OSM,,
"MACEIO|CENTRO DE ENSINO SANTA JULIANA|AV DURVAL DE GOES MONTEIRO, 2345, C67P, CM",MACEIO,CENTRO DE ENSINO SANTA JULIANA,"AV DURVAL DE GOES MONTEIRO, 2345, C67P, CM",,,,NAO_ENCONTRADO_OSM,,
"MACEIO|ESC. MUN. JOAO XXIII|RUA DR.JOSE JOAQUIM DE ARAUJO, S/N",MACEIO,ESC. MUN. JOAO XXIII,"RUA DR.JOSE JOAQUIM DE ARAUJO, S/N",,,,NAO_ENCONTRADO_OSM,,
"MACEIO|E.E. MANUEL BALTAZAR P. DIEGUES JUNIOR|CONJUNTO SANTA MARIA, S/N - RUA D QD 8",MACEIO,E.E. MANUEL BALTAZAR P. DIEGUES JUNIOR,"CONJUNTO SANTA MARIA, S/N - RUA D QD 8",,,,NAO_ENCONTRADO_OSM,,
"MACEIO|ESCOLA DE ENSINO FUNDAMENTAL CLETO MARQUES LUZ|RUA P, LOT COLINA DOS EUCALIPTOS",MACEIO,ESCOLA DE ENSINO FUNDAMENTAL CLETO MARQUES LUZ,"RUA P, LOT COLINA DOS EUCALIPTOS",-9.5847954,-35.7746425,Santa Amélia,ENCONTRADO_OSM,"ESCOLA DE ENSINO FUNDAMENTAL CLETO MARQUES LUZ, MACEIO, Alagoas, Brasil","Escola de Ensino Fundamental Cleto Marques Luz, Pista A, Conjunto Colina dos Eucaliptos, Santa Amélia, Maceió, Alagoas, Região Nordeste, 57063-505, Brasil"
"MACEIO|COLEGIO SAGRADA FAMILIA|RUA ALAMEDA MARIA DAS GRACAS NOVAES BRANDAO VILELA, 07",MACEIO,COLEGIO SAGRADA FAMILIA,"RUA ALAMEDA MARIA DAS GRACAS NOVAES BRANDAO VILELA, 07",-9.7620208,-36.6533746,Ouro Preto,ENCONTRADO_OSM,"COLEGIO SAGRADA FAMILIA, Alagoas, Brasil","Colégio Sagrada Família, Rua Dom Pedro II, Ouro Preto, Arapiraca, Alagoas, Região Nordeste, 57313-130, Brasil"
"MACEIO|E.M. GASTONE LUCIA DE CARVALHO BELTRAO|CONJ. JARDIM ROYAL - MODULO II - QD Q, S/N",MACEIO,E.M. GASTONE LUCIA DE CARVALHO BELTRAO,"CONJ. JARDIM ROYAL - MODULO II - QD Q, S/N",,,,NAO_ENCONTRADO_OSM,,
"MACEIO|COLEGIO SANTA AMELIA|RUA D, 11 LOTEAMENTO SANTA AMELIA",MACEIO,COLEGIO SANTA AMELIA,"RUA D, 11 LOTEAMENTO SANTA AMELIA",-9.6336915,-35.7389922,Pinheiro,ENCONTRADO_OSM,"COLEGIO SANTA AMELIA, MACEIO, Alagoas, Brasil","Colégio Santa Amélia, 793, Alameda São Benedito, Pinheiro, Maceió, Alagoas, Região Nordeste, 57055-465, Brasil"
"MACEIO|SEST/SENAT|AV. DEP. CESAR ESUSTAQUIO MALTA, 500",MACEIO,SEST/SENAT,"AV. DEP. CESAR ESUSTAQUIO MALTA, 500",-9.6130147,-35.7230614,Serraria,ENCONTRADO_OSM,"SEST/SENAT, MACEIO, Alagoas, Brasil","SEST/SENAT, Rua E, Serraria, Maceió, Alagoas, Região Nordeste, 57046-685, Brasil"
"MACEIO|ESCOLA ESTADUAL DR. JULIO AUTO|CONJUNTO JOAQUIM LEAO, S/N",MACEIO,ESCOLA ESTADUAL DR. JULIO AUTO,"CONJUNTO JOAQUIM LEAO, S/N",-9.6628001,-35.7612245,Ponta Grossa,ENCONTRADO_OSM,"ESCOLA ESTADUAL DR. JULIO AUTO, MACEIO, Alagoas, Brasil","Escola Estadual Doutor Júlio Auto, Avenida Silvestre Péricles de Góes Monteiro, Ponta Grossa, Maceió, Alagoas, Região Nordeste, 57014-000, Brasil"
"MACEIO|COLEGIO ATHENEU|ESTRADA DA CODEAL, 33",MACEIO,COLEGIO ATHENEU,"ESTRADA DA CODEAL, 33",-9.5658454,-35.7480234,Salvador Lyra,ENCONTRADO_OSM,"COLEGIO ATHENEU, MACEIO, Alagoas, Brasil","Colégio Atheneu, Rua da Cordeal, Salvador Lyra, Tabuleiros dos Martins, Maceió, Alagoas, Região Nordeste, 57081-071, Brasil"
"MACEIO|GRUPO ESCOLAR ANTONIO VASCO|PRACA JOSE EMIDIO DE CARVALHO, S/N",MACEIO,GRUPO ESCOLAR ANTONIO VASCO,"PRACA JOSE EMIDIO DE CARVALHO, S/N",,,,NAO_ENCONTRADO_OSM,,
"MACEIO|ESCOLA SANTA ROSA|TRAV FIRMINO DE VASCONCELOS, 100",MACEIO,ESCOLA SANTA ROSA,"TRAV FIRMINO DE VASCONCELOS, 100",-9.6620212,-35.7115688,Ponta da Terra,ENCONTRADO_OSM,"ESCOLA SANTA ROSA, MACEIO, Alagoas, Brasil","Colégio Santa Rosa, Rua José Fragoso, Ponta da Terra, Maceió, Alagoas, Região Nordeste, 57035-300, Brasil"
"MACEIO|COLEGIO BRASIL (ANTIGO ISAAC NEWTON)|RUA FERNANDO MENDES PINTO, N 11",MACEIO,COLEGIO BRASIL (ANTIGO ISAAC NEWTON),"RUA FERNANDO MENDES PINTO, N 11",,,,NAO_ENCONTRADO_OSM,,
"MACEIO|ESCOLA ESTADUAL TAVARES BASTOS|PRACA CENTENARIO, S/N",MACEIO,ESCOLA ESTADUAL TAVARES BASTOS,"PRACA CENTENARIO, S/N",-9.1570390,-36.0303767,União dos Palmares,ENCONTRADO_OSM,"ESCOLA ESTADUAL TAVARES BASTOS, Alagoas, Brasil","Colégio Estadual Doutor Jorge de Lima, Rua Tavares Bastos, União dos Palmares, Alagoas, Região Nordeste, 57800-000, Brasil"
"MACEIO|CRECHE AGENOR FERNANDES PONTES|VILA GOIABEIRA, 132",MACEIO,CRECHE AGENOR FERNANDES PONTES,"VILA GOIABEIRA, 132",,,,NAO_ENCONTRADO_OSM,,
"MACEIO|EDIFICIO DO SENAC|AV. PEDRO PAULINO, 77",MACEIO,EDIFICIO DO SENAC,"AV. PEDRO PAULINO, 77",,,,NAO_ENCONTRADO_OSM,,
"MACEIO|CMEI HERBERT DE SOUZA|ROD. AL 101 NORTE, S/N",MACEIO,CMEI HERBERT DE SOUZA,"ROD. AL 101 NORTE, S/N",,,,NAO_ENCONTRADO_OSM,,
"MACEIO|ESC. EST. PROFa ANA COELHO PALMEIRA|CONJ. ALFREDO GASPAR DE MENDONCA, S/N",MACEIO,ESC. EST. PROFa ANA COELHO PALMEIRA,"CONJ. ALFREDO GASPAR DE MENDONCA, S/N",,,,NAO_ENCONTRADO_OSM,,
"MACEIO|ESC. MUN. PIO X (PREDIO DO ANTIGO COL.SAGRADA FAMILIA)|RUA PROFESSORA ZEZE LOUREIRO, 200",MACEIO,ESC. MUN. PIO X (PREDIO DO ANTIGO COL.SAGRADA FAMILIA),"RUA PROFESSORA ZEZE LOUREIRO, 200",,,,NAO_ENCONTRADO_OSM,,
"MACEIO|ESC. MUN. PROFa NEIDE DE FREITAS FRANCA|CONJ. OTACILIO HOLANDA, S/N",MACEIO,ESC. MUN. PROFa NEIDE DE FREITAS FRANCA,"CONJ. OTACILIO HOLANDA, S/N",,,,NAO_ENCONTRADO_OSM,,
"MACEIO|ESCOLA MUN. DOM MIGUEL FENELON CAMARA|LOTEAMENTO JARDIM PETROPOLIS II, SN, QD 26",MACEIO,ESCOLA MUN. DOM MIGUEL FENELON CAMARA,"LOTEAMENTO JARDIM PETROPOLIS II, SN, QD 26",,,,NAO_ENCONTRADO_OSM,,
"MACEIO|E.E. AQUILINA BULHOES BARROS|RUA HENRIQUE FRANCISCO BULHOES, 14 QD C",MACEIO,E.E. AQUILINA BULHOES BARROS,"RUA HENRIQUE FRANCISCO BULHOES, 14 QD C",,,,NAO_ENCONTRADO_OSM,,
"MACEIO|COLEGIO ROSA MISTICA|CONJUNTO OSMAN LOUREIRO, RUA 15, N 133, QD C2",MACEIO,COLEGIO ROSA MISTICA,"CONJUNTO OSMAN LOUREIRO, RUA 15, N 133, QD C2",-9.7534485,-36.6586217,Centro,ENCONTRADO_OSM,"COLEGIO ROSA MISTICA, Alagoas, Brasil","Colégio Rosa Mística, Rua Estudante José de Oliveira Leite, Centro, Arapiraca, Alagoas, Região Nordeste, 57300-010, Brasil"
"MACEIO|ESCOLA MUNICIPAL JOAO FEITOSA|RUA SAO LUIZ, RESIDENCIAL VALE DO TOCANTINS",MACEIO,ESCOLA MUNICIPAL JOAO FEITOSA,"RUA SAO LUIZ, RESIDENCIAL VALE DO TOCANTINS",,,,NAO_ENCONTRADO_OSM,,
"MACEIO|ESCOLA MUN. PROF. DERALDO CAMPOS|RUA TENENTE MOISES S. FIRMINO, S/N",MACEIO,ESCOLA MUN. PROF. DERALDO CAMPOS,"RUA TENENTE MOISES S. FIRMINO, S/N",,,,NAO_ENCONTRADO_OSM,,
"MACEIO|INSS|AV. DONA CONSTANCIA DE GOES MONTEIRO, S/N",MACEIO,INSS,"AV. DONA CONSTANCIA DE GOES MONTEIRO, S/N",-9.6566290,-35.7208118,Jatiúca,ENCONTRADO_OSM,"INSS, MACEIO, Alagoas, Brasil","Instituto Nacional do Seguro Social - INSS, Travessa Dona Constança, Jatiúca, Maceió, Alagoas, Região Nordeste, 57025-357, Brasil"
"MACEIO|ESC. EST. PROFa EROTILDES RODRIGUES SALDANHA (EX SEN PETRONIO PORTELA)|RUA GOV. LAMENHA FILHO, S/N",MACEIO,ESC. EST. PROFa EROTILDES RODRIGUES SALDANHA (EX SEN PETRONIO PORTELA),"RUA GOV. LAMENHA FILHO, S/N",,,,NAO_ENCONTRADO_OSM,,
MACEIO|COLEGIO DOM BOSCO (ANTIGO COLEGIO CARVALHO)|RUA EURICO AYRES N. 131,MACEIO,COLEGIO DOM BOSCO (ANTIGO COLEGIO CARVALHO),RUA EURICO AYRES N. 131,,,,NAO_ENCONTRADO_OSM,,
"MACEIO|ESCOLA EST. DOM ADELMO MACHADO|RUA DOM ADELMO MACHADO, S/N",MACEIO,ESCOLA EST. DOM ADELMO MACHADO,"RUA DOM ADELMO MACHADO, S/N",,,,NAO_ENCONTRADO_OSM,,
"MACEIO|ESC. MUN. NOSSA SRa APARECIDA (PREDIO DO ANTIGO COL.SAGRADA FAMILIA)|RUA PROFESSORA MARIA JOSE LOUREIRO, S/N",MACEIO,ESC. MUN. NOSSA SRa APARECIDA (PREDIO DO ANTIGO COL.SAGRADA FAMILIA),"RUA PROFESSORA MARIA JOSE LOUREIRO, S/N",,,,NAO_ENCONTRADO_OSM,,
"MACEIO|ESCOLA ESTADUAL MAJOR EDUARDO EMILIANO DA FONSECA|RUA DR LUIS DE BARROS, S/N",MACEIO,ESCOLA ESTADUAL MAJOR EDUARDO EMILIANO DA FONSECA,"RUA DR LUIS DE BARROS, S/N",,,,NAO_ENCONTRADO_OSM,,
"MACEIO|COLEGIO SAO JERONIMO|RUA JACI MELO, S/N, C6JX, 7R, JARDIM DA SAUDE",MACEIO,COLEGIO SAO JERONIMO,"RUA JACI MELO, S/N, C6JX, 7R, JARDIM DA SAUDE",-9.5696654,-35.7503333,Salvador Lyra,ENCONTRADO_OSM,"COLEGIO SAO JERONIMO, MACEIO, Alagoas, Brasil","Colégio São Jerônimo, Rua Jacy Melo, Salvador Lyra, Tabuleiros dos Martins, Maceió, Alagoas, Região Nordeste, 57082-310, Brasil"
"MACEIO|CMEI SONIA CAVALCANTI|RUA GENERAL HERMES, S/N, BOM PARTO (VIZ. A SEMED)",MACEIO,CMEI SONIA CAVALCANTI,"RUA GENERAL HERMES, S/N, BOM PARTO (VIZ. A SEMED)",,,,NAO_ENCONTRADO_OSM,,
MACEIO|SEADES - SEC. DE EST. DA ASSISTENCIA E DESENVOLVIMENTO SOCIAL|RUA COMENDADOR CALACA 1339,MACEIO,SEADES - SEC. DE EST. DA ASSISTENCIA E DESENVOLVIMENTO SOCIAL,RUA COMENDADOR CALACA 1339,,,,NAO_ENCONTRADO_OSM,,
MARECHAL DEODORO|ESCOLA MUNICIPAL ALTINA RIBEIRO TOLEDO|VILA ALTINA SN,MARECHAL DEODORO,ESCOLA MUNICIPAL ALTINA RIBEIRO TOLEDO,VILA ALTINA SN,,,,NAO_ENCONTRADO_OSM,,
MARECHAL DEODORO|ESCOLA ESTADUAL JOSE CORREIA DA SILVA TITARA|LOT BOSQUE DA MASSAGUEIRA N 3A,MARECHAL DEODORO,ESCOLA ESTADUAL JOSE CORREIA DA SILVA TITARA,LOT BOSQUE DA MASSAGUEIRA N 3A,-9.7434219,-35.8441367,Marechal Deodoro,ENCONTRADO_OSM,"ESCOLA ESTADUAL JOSE CORREIA DA SILVA TITARA, MARECHAL DEODORO, Alagoas, Brasil","Escola Estadual José Correia da Silva Titara, Acesso Massagueira, Massagueira, Marechal Deodoro, Alagoas, Região Nordeste, 57160-000, Brasil"
MARECHAL DEODORO|ESCOLA MUNICIPAL PREFEITO MANOEL MESSIAS DOS SANTOS|RUA SALVADOR S/N LOT. LUAR DO FRANCES,MARECHAL DEODORO,ESCOLA MUNICIPAL PREFEITO MANOEL MESSIAS DOS SANTOS,RUA SALVADOR S/N LOT. LUAR DO FRANCES,,,,NAO_ENCONTRADO_OSM,,
"MARECHAL DEODORO|ESCOLA MUNICIPAL CARLOS AVELINO DA SILVA|RES MARIA GISLENE MATHEUS, S/N",MARECHAL DEODORO,ESCOLA MUNICIPAL CARLOS AVELINO DA SILVA,"RES MARIA GISLENE MATHEUS, S/N",,,,NAO_ENCONTRADO_OSM,,
MARECHAL DEODORO|ESCOLA MUNICIPAL MARIA PETRONILA DE GOUVEA|RUA MARINITA DE GOUVEIA SN,MARECHAL DEODORO,ESCOLA MUNICIPAL MARIA PETRONILA DE GOUVEA,RUA MARINITA DE GOUVEIA SN,,,,NAO_ENCONTRADO_OSM,,
MARECHAL DEODORO|NEI ADELIA CAVALCANTE COSTA|RUA DOS CAJUEIROS,MARECHAL DEODORO,NEI ADELIA CAVALCANTE COSTA,RUA DOS CAJUEIROS,,,,NAO_ENCONTRADO_OSM,,
MARECHAL DEODORO|ESCOLA ESTADUAL DEODORO DA FONSECA|PRACA PEDRO PAULINO SN,MARECHAL DEODORO,ESCOLA ESTADUAL DEODORO DA FONSECA,PRACA PEDRO PAULINO SN,-9.7165403,-35.8940881,Centro,ENCONTRADO_OSM,"ESCOLA ESTADUAL DEODORO DA FONSECA, MARECHAL DEODORO, Alagoas, Brasil","Escola Estadual Deodoro da Fonseca, Rua Professor Olímpio Falcão, Centro, Marechal Deodoro, Alagoas, Região Nordeste, 57160-000, Brasil"
MARECHAL DEODORO|NEI MARIA IRENE DA SILVA|AV VIOLETA SN RD DENISSON AMORIM,MARECHAL DEODORO,NEI MARIA IRENE DA SILVA,AV VIOLETA SN RD DENISSON AMORIM,,,,NAO_ENCONTRADO_OSM,,
MARECHAL DEODORO|ESCOLA MUNICIPAL ADELINA DE CARVALHO MELO|RUA ADELINA DE CARVALHO MELO SN,MARECHAL DEODORO,ESCOLA MUNICIPAL ADELINA DE CARVALHO MELO,RUA ADELINA DE CARVALHO MELO SN,,,,NAO_ENCONTRADO_OSM,,
MARECHAL DEODORO|ESCOLA PROFESSORA ELEUZA GALVAO RODAS|RUA ARTHUR PAIVA REGO SN,MARECHAL DEODORO,ESCOLA PROFESSORA ELEUZA GALVAO RODAS,RUA ARTHUR PAIVA REGO SN,,,,NAO_ENCONTRADO_OSM,,
MARECHAL DEODORO|ESCOLA MUNICIPAL PREFEITO EDIVAL LEMOS SANTOS|AV. SAO JOSE POEIRA SN,MARECHAL DEODORO,ESCOLA MUNICIPAL PREFEITO EDIVAL LEMOS SANTOS,AV. SAO JOSE POEIRA SN,,,,NAO_ENCONTRADO_OSM,,
"MARECHAL DEODORO|UBS - MARIA DO CARMO ARAUJO SOARES|RUA ADELINA DE CARVALHO MELO, S/N",MARECHAL DEODORO,UBS - MARIA DO CARMO ARAUJO SOARES,"RUA ADELINA DE CARVALHO MELO, S/N",,,,NAO_ENCONTRADO_OSM,,
PALMEIRA DOS INDIOS|COLEGIO ESTADUAL HUMBERTO MENDES|AV GOV MUNIZ FALCAO 701,PALMEIRA DOS INDIOS,COLEGIO ESTADUAL HUMBERTO MENDES,AV GOV MUNIZ FALCAO 701,-9.4142332,-36.6271187,São Luiz,ENCONTRADO_OSM,"COLEGIO ESTADUAL HUMBERTO MENDES, PALMEIRA DOS INDIOS, Alagoas, Brasil","Colegio Estadual Humberto Mendes, 701, Avenida Governador Muniz Falcão, São Luiz, Palmeira dos Índios, Alagoas, Região Nordeste, 57602-490, Brasil"
"PALMEIRA DOS INDIOS|FACULDADE CESMAC DO SERTAO|RUA BRAULIO MONTENEGRO, S/N, VILA MARIA",PALMEIRA DOS INDIOS,FACULDADE CESMAC DO SERTAO,"RUA BRAULIO MONTENEGRO, S/N, VILA MARIA",-9.4213348,-36.6418535,São Cristovão,ENCONTRADO_OSM,"FACULDADE CESMAC DO SERTAO, PALMEIRA DOS INDIOS, Alagoas, Brasil","Faculdade CESMAC do Sertão, 285;286, Rua Bráulio Montenegro, São Cristovão, Palmeira dos Índios, Alagoas, Região Nordeste, 57607-520, Brasil"
PALMEIRA DOS INDIOS|GRUPO ESCOLAR ANTONIA MACEDO|RUA CEL ANTONIO PANTALEAO SN,PALMEIRA DOS INDIOS,GRUPO ESCOLAR ANTONIA MACEDO,RUA CEL ANTONIO PANTALEAO SN,,,,NAO_ENCONTRADO_OSM,,
"PALMEIRA DOS INDIOS|ESCOLA ESTADUAL MANOEL PASSOS LIMA|RUA GERVASIO MOREIRA, S/N",PALMEIRA DOS INDIOS,ESCOLA ESTADUAL MANOEL PASSOS LIMA,"RUA GERVASIO MOREIRA, S/N",,,,NAO_ENCONTRADO_OSM,,
PALMEIRA DOS INDIOS|ESCOLA MUNICIPAL PEDRO RODRIGUES GAIA|POVOADO CORURIPE DA CAL,PALMEIRA DOS INDIOS,ESCOLA MUNICIPAL PEDRO RODRIGUES GAIA,POVOADO CORURIPE DA CAL,,,,NAO_ENCONTRADO_OSM,,
PALMEIRA DOS INDIOS|ESCOLA ESTADUAL DIJANIRA SANTOS SILVA|POVOADO SANTO ANTONIO,PALMEIRA DOS INDIOS,ESCOLA ESTADUAL DIJANIRA SANTOS SILVA,POVOADO SANTO ANTONIO,,,,NAO_ENCONTRADO_OSM,,
PALMEIRA DOS INDIOS|ESCOLA MUNICIPAL NOE SIMPLICIO|POVOADO BONIFACIO,PALMEIRA DOS INDIOS,ESCOLA MUNICIPAL NOE SIMPLICIO,POVOADO BONIFACIO,,,,NAO_ENCONTRADO_OSM,,
PALMEIRA DOS INDIOS|ESCOLA ESTADUAL EGIDIO BARBOSA|POVOADO LAGOA DO CALDEIRAO,PALMEIRA DOS INDIOS,ESCOLA ESTADUAL EGIDIO BARBOSA,POVOADO LAGOA DO CALDEIRAO,,,,NAO_ENCONTRADO_OSM,,
"PALMEIRA DOS INDIOS|UNIVERSISADE ESTADUAL DE ALAGOAS - UNEAL - PALMERIA DOS INDIOS|RODOVIA EDUARDO ALVES DA SILVA, KM 03",PALMEIRA DOS INDIOS,UNIVERSISADE ESTADUAL DE ALAGOAS - UNEAL - PALMERIA DOS INDIOS,"RODOVIA EDUARDO ALVES DA SILVA, KM 03",,,,NAO_ENCONTRADO_OSM,,
"PENEDO|COLEGIO ESTADUAL COMENDADOR JOSE DA SILVA PEIXOTO|RUA CASTRO ALVES, S/N, EM FRENTE A CODEVASF",PENEDO,COLEGIO ESTADUAL COMENDADOR JOSE DA SILVA PEIXOTO,"RUA CASTRO ALVES, S/N, EM FRENTE A CODEVASF",,,,NAO_ENCONTRADO_OSM,,
"PENEDO|COLEGIO DIOCESANO DE PENEDO|PCA. LARGO DE FATIMA, PX. A 9A. COORDENADORIA DE ENSINO DE ALAGOAS",PENEDO,COLEGIO DIOCESANO DE PENEDO,"PCA. LARGO DE FATIMA, PX. A 9A. COORDENADORIA DE ENSINO DE ALAGOAS",-10.2838865,-36.5708105,Dom Constatino,ENCONTRADO_OSM,"COLEGIO DIOCESANO DE PENEDO, PENEDO, Alagoas, Brasil","Colégio Diocesano de Penedo., Praça Largo de Fátima, Dom Constatino, Penedo, Alagoas, Região Nordeste, 49980-000, Brasil"
"PENEDO|ESCOLA MUNICIPAL VEREADOR MANOEL SOARES DE MELO|RUA FLORIANO ROSA, S/N, PX. AO POSTO DE SAUDE, CONJUNTO VILA MATIAS",PENEDO,ESCOLA MUNICIPAL VEREADOR MANOEL SOARES DE MELO,"RUA FLORIANO ROSA, S/N, PX. AO POSTO DE SAUDE, CONJUNTO VILA MATIAS",,,,NAO_ENCONTRADO_OSM,,
"PENEDO|ESCOLA ESTADUAL PROFESSOR ERNANI MERO (GRUPO ESCOLAR EXPERIMENTAL)|PRACA LARGO DE FATIMA, S/N, EM FRENTE AO NUDEPE",PENEDO,ESCOLA ESTADUAL PROFESSOR ERNANI MERO (GRUPO ESCOLAR EXPERIMENTAL),"PRACA LARGO DE FATIMA, S/N, EM FRENTE AO NUDEPE",,,,NAO_ENCONTRADO_OSM,,
"PENEDO|COOPERATIVA EDUCACIONAL DE PENEDO - COOPEPE LTDA|PARQUE DR. ADAIL FREIRE PEREIRA, 127 (PRACA SANTA LUZIA)",PENEDO,COOPERATIVA EDUCACIONAL DE PENEDO - COOPEPE LTDA,"PARQUE DR. ADAIL FREIRE PEREIRA, 127 (PRACA SANTA LUZIA)",,,,NAO_ENCONTRADO_OSM,,
"PENEDO|EMEB VEREADOR JOSE DA COSTA MANGABEIRA|RUA F, LOTEAMENTO SAO GONCALO, SN",PENEDO,EMEB VEREADOR JOSE DA COSTA MANGABEIRA,"RUA F, LOTEAMENTO SAO GONCALO, SN",,,,NAO_ENCONTRADO_OSM,,
"PENEDO|ESCOLA ESTADUAL DR. ALCIDES ANDRADE|ROD. ENGENHEIRO JOAQUIM GONCALVES, S/N, PX. A GRANDE RIO VEICULOS",PENEDO,ESCOLA ESTADUAL DR. ALCIDES ANDRADE,"ROD. ENGENHEIRO JOAQUIM GONCALVES, S/N, PX. A GRANDE RIO VEICULOS",,,,NAO_ENCONTRADO_OSM,,
"PENEDO|IFAL - CAMPUS PENEDO|ROD ENGENHEIRO JOAQUIM GONCALVES, S/N LOT SAO JOSE",PENEDO,IFAL - CAMPUS PENEDO,"ROD ENGENHEIRO JOAQUIM GONCALVES, S/N LOT SAO JOSE",,,,NAO_ENCONTRADO_OSM,,
PENEDO|EMEB HANNA BERTHOLET|POVOADO SANTA MARGARIDA,PENEDO,EMEB HANNA BERTHOLET,POVOADO SANTA MARGARIDA,,,,NAO_ENCONTRADO_OSM,,
"PENEDO|FACULDADE RAIMUNDO MARINHO DE PENEDO|RUA 15 DE NOVEMBRO, FRM",PENEDO,FACULDADE RAIMUNDO MARINHO DE PENEDO,"RUA 15 DE NOVEMBRO, FRM",-10.2861098,-36.5802191,Penedo,ENCONTRADO_OSM,"FACULDADE RAIMUNDO MARINHO DE PENEDO, PENEDO, Alagoas, Brasil","Faculdade Raimundo Marinho de Penedo, 511, Rua 15 de Novembro, Penedo, Alagoas, Região Nordeste, 57200-000, Brasil"
"PENEDO|GRUPO ESCOLAR ESTADUAL GABINO BESOURO|AVENIDA NILO PECANHA, 182, PROXIMO AO TIRO DE GUERRA",PENEDO,GRUPO ESCOLAR ESTADUAL GABINO BESOURO,"AVENIDA NILO PECANHA, 182, PROXIMO AO TIRO DE GUERRA",,,,NAO_ENCONTRADO_OSM,,
"PENEDO|ESCOLA ESTADUAL HERMILIO DE FREITAS MELRO|AVENIDA WANDERLEY, 396, EM FRENTE AO SEMEP",PENEDO,ESCOLA ESTADUAL HERMILIO DE FREITAS MELRO,"AVENIDA WANDERLEY, 396, EM FRENTE AO SEMEP",,,,NAO_ENCONTRADO_OSM,,
PENEDO|EMEB SANTO ANTONIO|POVOADO TABULEIRO DOS NEGROS,PENEDO,EMEB SANTO ANTONIO,POVOADO TABULEIRO DOS NEGROS,,,,NAO_ENCONTRADO_OSM,,
PENEDO|EMEB PROFa MARIA DA GLORIA PIMENTEIRA|POVOADO PONTA MOFINA,PENEDO,EMEB PROFa MARIA DA GLORIA PIMENTEIRA,POVOADO PONTA MOFINA,,,,NAO_ENCONTRADO_OSM,,
PENEDO|EMEB PROFESSOR IRENIO ARAUJO|POVOADO MARITUBA DO PEIXE,PENEDO,EMEB PROFESSOR IRENIO ARAUJO,POVOADO MARITUBA DO PEIXE,,,,NAO_ENCONTRADO_OSM,,
"PENEDO|UNIDADE DE ENSINO DE PENEDO/UFAL|AVENIDA BEIRA RIO, S/N, UFAL, PX. A DELEGACIA DE POLICIA",PENEDO,UNIDADE DE ENSINO DE PENEDO/UFAL,"AVENIDA BEIRA RIO, S/N, UFAL, PX. A DELEGACIA DE POLICIA",,,,NAO_ENCONTRADO_OSM,,
"PENEDO|ESCOLA ESTADUAL CLEMENTINO DO MONTE|PRACA CLEMENTINO DO MONTE, S/N (EM FRENTE AO PENEDENSE)",PENEDO,ESCOLA ESTADUAL CLEMENTINO DO MONTE,"PRACA CLEMENTINO DO MONTE, S/N (EM FRENTE AO PENEDENSE)",,,,NAO_ENCONTRADO_OSM,,
"RIO LARGO|ESCOLA MUNICIPAL DR. GUSTAVO PAIVA|CJ BARNABE OITICICA II, SN, MATA DO ROLO",RIO LARGO,ESCOLA MUNICIPAL DR. GUSTAVO PAIVA,"CJ BARNABE OITICICA II, SN, MATA DO ROLO",,,,NAO_ENCONTRADO_OSM,,
"RIO LARGO|COMPLEXO ESTADUAL PROFA CLAUDIZETE LIMA ELEUTERIO|CONJ GURIATA, S/N",RIO LARGO,COMPLEXO ESTADUAL PROFA CLAUDIZETE LIMA ELEUTERIO,"CONJ GURIATA, S/N",,,,NAO_ENCONTRADO_OSM,,
RIO LARGO|ESCOLA DE ENSINO FUND DR GASTAO OITICICA|AV JULIO CALHEIROS S/N,RIO LARGO,ESCOLA DE ENSINO FUND DR GASTAO OITICICA,AV JULIO CALHEIROS S/N,,,,NAO_ENCONTRADO_OSM,,
RIO LARGO|ESCOLA ESTADUAL SANTOS DUMONT|BR 104 - DESTACAMENTO DA FAB - VILA MILITAR,RIO LARGO,ESCOLA ESTADUAL SANTOS DUMONT,BR 104 - DESTACAMENTO DA FAB - VILA MILITAR,-9.5581435,-35.7846413,Santos Dumont,ENCONTRADO_OSM,"ESCOLA ESTADUAL SANTOS DUMONT, Alagoas, Brasil","Escola Estadual Onélia Campelo, Avenida Engenheiro Corintho Campelo da Paz, Santos Dumont, Maceió, Alagoas, Região Nordeste, 57075-012, Brasil"
"RIO LARGO|ESCOLA MUNICIPAL DE EDUCACAO BASICA INDUSTRIAL LUIGI BAUDUCCO|AVENIDA PASTOR JOSUE LINS CONJUNTO CRUZEIRO DO SUL, C RESIDENCIAL",RIO LARGO,ESCOLA MUNICIPAL DE EDUCACAO BASICA INDUSTRIAL LUIGI BAUDUCCO,"AVENIDA PASTOR JOSUE LINS CONJUNTO CRUZEIRO DO SUL, C RESIDENCIAL",,,,NAO_ENCONTRADO_OSM,,
"RIO LARGO|ESCOLA DE EDUCACAO BASICA AGNUS DEI|AV. PRESIDENTE FERNANDO A. COLLO DE MELO,96, ANTONIO LINS DE SOUZA",RIO LARGO,ESCOLA DE EDUCACAO BASICA AGNUS DEI,"AV. PRESIDENTE FERNANDO A. COLLO DE MELO,96, ANTONIO LINS DE SOUZA",,,,NAO_ENCONTRADO_OSM,,
RIO LARGO|ESCOLA DE ENSINO FUND PROF ROSINEIDE TEREZA MARTINS DA CONCEICAO|EUCLIDES AFONSO DE MELO S/N,RIO LARGO,ESCOLA DE ENSINO FUND PROF ROSINEIDE TEREZA MARTINS DA CONCEICAO,EUCLIDES AFONSO DE MELO S/N,,,,NAO_ENCONTRADO_OSM,,
"RIO LARGO|ESCOLA PREFEITO WALTER DORIA DE FIGUEIREDO|CJ MARIO MAFRA, QUADRA D-04",RIO LARGO,ESCOLA PREFEITO WALTER DORIA DE FIGUEIREDO,"CJ MARIO MAFRA, QUADRA D-04",,,,NAO_ENCONTRADO_OSM,,
RIO LARGO|GRUPO ESCOLAR MANOEL SOARES DE SOUZA|VILA RAUL S/N,RIO LARGO,GRUPO ESCOLAR MANOEL SOARES DE SOUZA,VILA RAUL S/N,,,,NAO_ENCONTRADO_OSM,,
"RIO LARGO|ESCOLA MUNICIPAL TERESA CRISTINA LINS DE SOUZA COSTA|CJ RES. FRANCISCO TAVARES GRANJA, S/N",RIO LARGO,ESCOLA MUNICIPAL TERESA CRISTINA LINS DE SOUZA COSTA,"CJ RES. FRANCISCO TAVARES GRANJA, S/N",,,,NAO_ENCONTRADO_OSM,,
RIO LARGO|GRUPO ESCOLAR OZORIA MOURA DE LIMA|RUA ANTONIO ELIAS CALHEIROS S/N,RIO LARGO,GRUPO ESCOLAR OZORIA MOURA DE LIMA,RUA ANTONIO ELIAS CALHEIROS S/N,,,,NAO_ENCONTRADO_OSM,,
RIO LARGO|ESCOLA DE ENSINO FUNDAMENTAL MARIETA LEAO|PATIO DA REDE FERROVIARIA S/N,RIO LARGO,ESCOLA DE ENSINO FUNDAMENTAL MARIETA LEAO,PATIO DA REDE FERROVIARIA S/N,,,,NAO_ENCONTRADO_OSM,,
"RIO LARGO|ESCOLA MUNICIPAL DE ENSINO F. PROFESSOR JOSE EDMILSON|COJ NAPOLEAO VIANA,S/N, BAR NOSSO, PREF ANTONIO LINS DE SOUZA",RIO LARGO,ESCOLA MUNICIPAL DE ENSINO F. PROFESSOR JOSE EDMILSON,"COJ NAPOLEAO VIANA,S/N, BAR NOSSO, PREF ANTONIO LINS DE SOUZA",,,,NAO_ENCONTRADO_OSM,,
RIO LARGO|GRUPO ESCOLAR PROFESSOR POMPEU SARMENTO|TRAV SANTA LUZIA S/N,RIO LARGO,GRUPO ESCOLAR PROFESSOR POMPEU SARMENTO,TRAV SANTA LUZIA S/N,,,,NAO_ENCONTRADO_OSM,,
RIO LARGO|GRUPO ESCOLAR DALMARIO DE SOUZA|RUA ALTO DA SAUDADE SN,RIO LARGO,GRUPO ESCOLAR DALMARIO DE SOUZA,RUA ALTO DA SAUDADE SN,,,,NAO_ENCONTRADO_OSM,,
RIO LARGO|ESCOLA ESTADUAL TABULEIRO DO PINTO|RUA DA CAIXA SN,RIO LARGO,ESCOLA ESTADUAL TABULEIRO DO PINTO,RUA DA CAIXA SN,-9.5037697,-35.8135258,Rio Largo,ENCONTRADO_OSM,"ESCOLA ESTADUAL TABULEIRO DO PINTO, RIO LARGO, Alagoas, Brasil","Escola Estadual Tabuleiro do Pinto (Grupo Escolar Rural), Rua José Monteiro de Melo, Rio Largo, Alagoas, Região Nordeste, 57100-000, Brasil"
"RIO LARGO|ANTIGA ESCOLA FRANCISCO LEAO DO CENTRO|PRACA TEIZEIRA BARROS., SN",RIO LARGO,ANTIGA ESCOLA FRANCISCO LEAO DO CENTRO,"PRACA TEIZEIRA BARROS., SN",,,,NAO_ENCONTRADO_OSM,,
RIO LARGO|GRUPO ESCOLAR ODILO ALVARES DE SOUZA|AV MUNIZ FALCAO SN,RIO LARGO,GRUPO ESCOLAR ODILO ALVARES DE SOUZA,AV MUNIZ FALCAO SN,,,,NAO_ENCONTRADO_OSM,,
"RIO LARGO|CRECHE MUNICIPAL CELYRIO ADAMASTOR BARRETO ACIOLY|ROD AL 210, CJ EDSON NOVAES S/N",RIO LARGO,CRECHE MUNICIPAL CELYRIO ADAMASTOR BARRETO ACIOLY,"ROD AL 210, CJ EDSON NOVAES S/N",,,,NAO_ENCONTRADO_OSM,,
RIO LARGO|ESCOLA DE EDUCACAO INFANTIL AQUINO JAPIASSU|VILA MARILIA,RIO LARGO,ESCOLA DE EDUCACAO INFANTIL AQUINO JAPIASSU,VILA MARILIA,,,,NAO_ENCONTRADO_OSM,,
RIO LARGO|ESCOLA DE EDUCACAO INFANTIL PADRE PAULINO|CONJUNTO MUTIRAO,RIO LARGO,ESCOLA DE EDUCACAO INFANTIL PADRE PAULINO,CONJUNTO MUTIRAO,,,,NAO_ENCONTRADO_OSM,,
"RIO LARGO|CRIA-CENTRO INFANTIL CORALIA GOMES DA SILVA|CJ JARBAS OITICICA, QD B2, N 45, MATA DO ROLO",RIO LARGO,CRIA-CENTRO INFANTIL CORALIA GOMES DA SILVA,"CJ JARBAS OITICICA, QD B2, N 45, MATA DO ROLO",,,,NAO_ENCONTRADO_OSM,,
"RIO LARGO|ESCOLA ESTADUAL JOAO MORAIS CAVALCANTE|R. DO MATADOURO, CJ HAB JOSE FERNANDES TORRES, CJ MUTIRAO",RIO LARGO,ESCOLA ESTADUAL JOAO MORAIS CAVALCANTE,"R. DO MATADOURO, CJ HAB JOSE FERNANDES TORRES, CJ MUTIRAO",,,,NAO_ENCONTRADO_OSM,,
"RIO LARGO|CMEI DESEMBARGADOR FRANCISCO WILDO LACERDA DANTAS|CJ ANTONIO LINS DE SOUSA , QD6, MATA DO ROLO",RIO LARGO,CMEI DESEMBARGADOR FRANCISCO WILDO LACERDA DANTAS,"CJ ANTONIO LINS DE SOUSA , QD6, MATA DO ROLO",,,,NAO_ENCONTRADO_OSM,,
"SAO MIGUEL DOS CAMPOS|COLEGIO MUNICIPAL LUZINETE E LINDALVA JATOBA|AV. SAMPAIO MARQUES, S/N",SAO MIGUEL DOS CAMPOS,COLEGIO MUNICIPAL LUZINETE E LINDALVA JATOBA,"AV. SAMPAIO MARQUES, S/N",,,,NAO_ENCONTRADO_OSM,,
"SAO MIGUEL DOS CAMPOS|ESCOLA MUNICIPAL PROFESSORA INEIDE NOGUEIRA ROCHA|RUA ALICIA VITORIA URBANO DE OLIVEIRA LOPES, QUADRA O1, S/N",SAO MIGUEL DOS CAMPOS,ESCOLA MUNICIPAL PROFESSORA INEIDE NOGUEIRA ROCHA,"RUA ALICIA VITORIA URBANO DE OLIVEIRA LOPES, QUADRA O1, S/N",,,,NAO_ENCONTRADO_OSM,,
"SAO MIGUEL DOS CAMPOS|ESCOLA MUNICIPAL MARIO SOARES PALMEIRA|RUA VISCONDE DE SINIMBU, 32",SAO MIGUEL DOS CAMPOS,ESCOLA MUNICIPAL MARIO SOARES PALMEIRA,"RUA VISCONDE DE SINIMBU, 32",-9.7816218,-36.0959998,Centro,ENCONTRADO_OSM,"ESCOLA MUNICIPAL MARIO SOARES PALMEIRA, SAO MIGUEL DOS CAMPOS, Alagoas, Brasil","Escola Municipal Mário Soares Palmeira, Rua Visconde do Sinumbú, Centro, São Miguel dos Campos, Alagoas, Região Nordeste, Brasil"
"SAO MIGUEL DOS CAMPOS|ESCOLA DE 1 E 2 GRAUS NUNILA MACHADO|VISCONDE DE SINIMBU, 182",SAO MIGUEL DOS CAMPOS,ESCOLA DE 1 E 2 GRAUS NUNILA MACHADO,"VISCONDE DE SINIMBU, 182",,,,NAO_ENCONTRADO_OSM,,
"SAO MIGUEL DOS CAMPOS|ESCOLA DE ENSINO SUPERIOR DE SAO MIGUEL DOS CAMPOS|PRACA SENHORA DOS PRAZERES, SN",SAO MIGUEL DOS CAMPOS,ESCOLA DE ENSINO SUPERIOR DE SAO MIGUEL DOS CAMPOS,"PRACA SENHORA DOS PRAZERES, SN",,,,NAO_ENCONTRADO_OSM,,
"SAO MIGUEL DOS CAMPOS|ESCOLA DE EDUCACAO BASICA CONSTRUTIVISTA|RUA PROJETADA, 16",SAO MIGUEL DOS CAMPOS,ESCOLA DE EDUCACAO BASICA CONSTRUTIVISTA,"RUA PROJETADA, 16",,,,NAO_ENCONTRADO_OSM,,
"SAO MIGUEL DOS CAMPOS|ESCOLA MUNICIPAL DIONISIA APRATTO TENORIO|AV. PREFEITO PEDRO FERNANDES, S/N",SAO MIGUEL DOS CAMPOS,ESCOLA MUNICIPAL DIONISIA APRATTO TENORIO,"AV. PREFEITO PEDRO FERNANDES, S/N",,,,NAO_ENCONTRADO_OSM,,
"SAO MIGUEL DOS CAMPOS|ESCOLA DE 1 GRAU TARCISIO SOARES PALMEIRA|TRAVESSA SENADOR MAXIMO, 104",SAO MIGUEL DOS CAMPOS,ESCOLA DE 1 GRAU TARCISIO SOARES PALMEIRA,"TRAVESSA SENADOR MAXIMO, 104",,,,NAO_ENCONTRADO_OSM,,
"SAO MIGUEL DOS CAMPOS|COLEGIO MUNICIPAL ESTHER SOARES TORRES|AVENIDA PREFEITO PEDRO FERNANDES DA COSTA, S/N",SAO MIGUEL DOS CAMPOS,COLEGIO MUNICIPAL ESTHER SOARES TORRES,"AVENIDA PREFEITO PEDRO FERNANDES DA COSTA, S/N",,,,NAO_ENCONTRADO_OSM,,
"SAO MIGUEL DOS CAMPOS|ESCOLA ESTADUAL PROFESSORA EDILEUZA OLIVEIRA DA SILVA|RUA PROJETADA, S/N",SAO MIGUEL DOS CAMPOS,ESCOLA ESTADUAL PROFESSORA EDILEUZA OLIVEIRA DA SILVA,"RUA PROJETADA, S/N",,,,NAO_ENCONTRADO_OSM,,
SAO MIGUEL DOS CAMPOS|CRECHE JOSEFA BENEDITA DOS SANTOS|AVENIDA PEDRO FERNANDES DE COSTA,SAO MIGUEL DOS CAMPOS,CRECHE JOSEFA BENEDITA DOS SANTOS,AVENIDA PEDRO FERNANDES DE COSTA,,,,NAO_ENCONTRADO_OSM,,
"UNIAO DOS PALMARES|ESCOLA ESTADUAL CARLOS GOMES DE BARROS|AV. JOAO LYRA FILHO, S/N",UNIAO DOS PALMARES,ESCOLA ESTADUAL CARLOS GOMES DE BARROS,"AV. JOAO LYRA FILHO, S/N",,,,NAO_ENCONTRADO_OSM,,
"UNIAO DOS PALMARES|ESCOLA MUNICIPAL JOAO COSTA DE OLIVEIRA|QUADRA P1, S/N",UNIAO DOS PALMARES,ESCOLA MUNICIPAL JOAO COSTA DE OLIVEIRA,"QUADRA P1, S/N",,,,NAO_ENCONTRADO_OSM,,
UNIAO DOS PALMARES|CRECHE MUNICIPAL TIA SUZETE|CONJUNTO NOVA ESPERANCA,UNIAO DOS PALMARES,CRECHE MUNICIPAL TIA SUZETE,CONJUNTO NOVA ESPERANCA,,,,NAO_ENCONTRADO_OSM,,
UNIAO DOS PALMARES|ESCOLA DE ENSINO FUNDAMENTAL FERNANDO JUAZEIRO|AV. DR. HERMANO PLECH 488,UNIAO DOS PALMARES,ESCOLA DE ENSINO FUNDAMENTAL FERNANDO JUAZEIRO,AV. DR. HERMANO PLECH 488,,,,NAO_ENCONTRADO_OSM,,
"UNIAO DOS PALMARES|ESCOLA MUNICIPAL LAURA PEREIRA DA SILVA|RUA CUPERTINO DOS PRAZERES, S/N",UNIAO DOS PALMARES,ESCOLA MUNICIPAL LAURA PEREIRA DA SILVA,"RUA CUPERTINO DOS PRAZERES, S/N",,,,NAO_ENCONTRADO_OSM,,
