ranking_reduto_qualificado;municipio;vereador;partido;local_prioritario;bairro;distrito;endereco_local_prioritario;latitude;longitude;votos_local_principal;votos_totais_vereador;percentual_local_principal;nivel_reduto;prioridade_agenda;potencial_transferencia;observacao_estrategica
1;MACEIO;LUCIANO MARINHO DA SILVA;PL;E.E. GERALDO MELO DOS SANTOS;;;RUA 61, QD C-6, CJ. GRACILIANO RAMOS;;;1276;14780;863;REDUTO ESTRATÉGICO;AGENDA IMEDIATA;ALTO;LUCIANO MARINHO DA SILVA concentra 863.00% dos seus votos no local E.E. GERALDO MELO DOS SANTOS, com 1276 votos registrados.
2;ARAPIRACA;JOSÉ ALDO OLIVEIRA VEIGA;MDB;GRUPO ESCOLAR ANTÔNIO CEZÁRIO DE OLIVEIRA;;;VILA SAÕ JOSÉ S/N;;;1045;3009;3473;REDUTO ESTRATÉGICO;AGENDA IMEDIATA;ALTO;JOSÉ ALDO OLIVEIRA VEIGA concentra 3473.00% dos seus votos no local GRUPO ESCOLAR ANTÔNIO CEZÁRIO DE OLIVEIRA, com 1045 votos registrados.
3;ARAPIRACA;EDVANIO DE OLIVEIRA NUNES;PP;ESCOLA DE ENSINO FUNDAMENTAL ENÉAS BENEDITO DOS SANTOS;;;POVOADO CANGANDU S/N;;;938;3053;3072;REDUTO ESTRATÉGICO;AGENDA IMEDIATA;ALTO;EDVANIO DE OLIVEIRA NUNES concentra 3072.00% dos seus votos no local ESCOLA DE ENSINO FUNDAMENTAL ENÉAS BENEDITO DOS SANTOS, com 938 votos registrados.
4;ARAPIRACA;MARCIO JOSE DA SILVA;MDB;ESCOLA DE 1 GRAU FERNANDO COLLOR DE MELLO;;;POVOADO CANAÃ S/N;;;724;2987;2424;REDUTO ESTRATÉGICO;AGENDA IMEDIATA;ALTO;MARCIO JOSE DA SILVA concentra 2424.00% dos seus votos no local ESCOLA DE 1 GRAU FERNANDO COLLOR DE MELLO, com 724 votos registrados.
5;ARAPIRACA;LEANDRO BARBOSA DE ALMEIDA;MDB;ESCOLA DE ENSINO FUNDAMENTAL MANOEL HUMBERTO DA COSTA;;;SÍTIO BATINGAS;;;717;4410;1626;REDUTO ESTRATÉGICO;AGENDA IMEDIATA;ALTO;LEANDRO BARBOSA DE ALMEIDA concentra 1626.00% dos seus votos no local ESCOLA DE ENSINO FUNDAMENTAL MANOEL HUMBERTO DA COSTA, com 717 votos registrados.
6;CORURIPE;DALMO PORTO SOUZA;PSB;ESCOLA ESTADUAL LIMA CASTRO;;;AVENIDA WASHINTON LUIZ, ANTIGA AV CAMAÇARI;;;678;2179;3112;REDUTO ESTRATÉGICO;AGENDA IMEDIATA;ALTO;DALMO PORTO SOUZA concentra 3112.00% dos seus votos no local ESCOLA ESTADUAL LIMA CASTRO, com 678 votos registrados.
7;ARAPIRACA;SERGIO FABIO NUNES;PP;GRUPO ESCOLAR CÔNEGO EPITÁCIO RODRIGUES;;;VILA SAO FRANCISCO;;;657;5139;1278;REDUTO ESTRATÉGICO;AGENDA IMEDIATA;ALTO;SERGIO FABIO NUNES concentra 1278.00% dos seus votos no local GRUPO ESCOLAR CÔNEGO EPITÁCIO RODRIGUES, com 657 votos registrados.
8;MACEIO;MILTON LUNA BARROS NETO;PSB;ESCOLA MUN. SILVESTRE PÉRICLES;;;PRAÇA DR CAIO DE AGUIAR PORTO S/N - PONTAL DA BARRA;;;641;10129;633;REDUTO ESTRATÉGICO;AGENDA IMEDIATA;ALTO;MILTON LUNA BARROS NETO concentra 633.00% dos seus votos no local ESCOLA MUN. SILVESTRE PÉRICLES, com 641 votos registrados.
9;ARAPIRACA;MACIEL OLIVEIRA NUNES;MDB;ESCOLA DE ENSINO FUNDAMENTAL ENÉAS BENEDITO DOS SANTOS;;;POVOADO CANGANDU S/N;;;641;2799;229;REDUTO ESTRATÉGICO;AGENDA IMEDIATA;ALTO;MACIEL OLIVEIRA NUNES concentra 229.00% dos seus votos no local ESCOLA DE ENSINO FUNDAMENTAL ENÉAS BENEDITO DOS SANTOS, com 641 votos registrados.
10;ARAPIRACA;WELLINGTON DE MAGALHAES SILVA;MDB;GRUPO ESCOLAR DOMINGOS LOPES;;;RUA VEREADOR DOMINGOS LOPES S/N;;;608;2877;2113;REDUTO ESTRATÉGICO;AGENDA IMEDIATA;ALTO;WELLINGTON DE MAGALHAES SILVA concentra 2113.00% dos seus votos no local GRUPO ESCOLAR DOMINGOS LOPES, com 608 votos registrados.
11;MACEIO;CLAUDIO MOREIRA DA SILVA;PL;ESCOLA ESTADUAL PROFESSOR PEDRO TEIXEIRA;;;RUA PAU DARCO, S/N;;;601;7964;755;REDUTO ESTRATÉGICO;AGENDA IMEDIATA;ALTO;CLAUDIO MOREIRA DA SILVA concentra 755.00% dos seus votos no local ESCOLA ESTADUAL PROFESSOR PEDRO TEIXEIRA, com 601 votos registrados.
12;CORURIPE;JOSE GILDO GONÇALVES CASTRO;PP;ESCOLA ESTADUAL LIMA CASTRO;;;AVENIDA WASHINTON LUIZ, ANTIGA AV CAMAÇARI;;;593;1243;4771;REDUTO ESTRATÉGICO;AGENDA IMEDIATA;ALTO;JOSE GILDO GONÇALVES CASTRO concentra 4771.00% dos seus votos no local ESCOLA ESTADUAL LIMA CASTRO, com 593 votos registrados.
13;DELMIRO GOUVEIA;REGINALDO RODRIGUES SOARES;MDB;JOSE CORREIA FILHO,ESCOLA;;;POVOADO JARDIM CORDEIRO;;;574;1930;2974;REDUTO ESTRATÉGICO;AGENDA IMEDIATA;ALTO;REGINALDO RODRIGUES SOARES concentra 2974.00% dos seus votos no local JOSE CORREIA FILHO,ESCOLA, com 574 votos registrados.
14;MACEIO;DAVID CABRAL DAVINO;PP;UNIMA / AFYA - CENTRO UNIVERSITÁRIO DE MACEIÓ (ANTIGA UNIT);Mangabeiras;;AV GUSTAVO PAIVA, 5017;-9.6478561;-35.7147108;540;14694;367;REDUTO ESTRATÉGICO;AGENDA IMEDIATA;ALTO;DAVID CABRAL DAVINO concentra 367.00% dos seus votos no local UNIMA / AFYA - CENTRO UNIVERSITÁRIO DE MACEIÓ (ANTIGA UNIT), com 540 votos registrados.
15;MACEIO;FRANCISCO HOLANDA COSTA FILHO;PL;E.M. JAYME DE ALTAVILLA;;;RUA DILERMANO REIS, S/N, LOT SANTA LUCIA;;;511;9607;532;REDUTO ESTRATÉGICO;AGENDA IMEDIATA;ALTO;FRANCISCO HOLANDA COSTA FILHO concentra 532.00% dos seus votos no local E.M. JAYME DE ALTAVILLA, com 511 votos registrados.
16;MACEIO;JOSÉ MÁRCIO DE MEDEIROS MAIA JÚNIOR;MDB;ESCOLA ESTADUAL MARIA AMÁLIA;;;RUA VALDEMAR RUFINO DOS SANTOS, S/N,VILA ABC;;;509;14038;363;REDUTO ESTRATÉGICO;AGENDA IMEDIATA;ALTO;JOSÉ MÁRCIO DE MEDEIROS MAIA JÚNIOR concentra 363.00% dos seus votos no local ESCOLA ESTADUAL MARIA AMÁLIA, com 509 votos registrados.
17;CORURIPE;HUGO BELTRÃO NUNES;MDB;ESCOLA MUNICIPAL GENERAL DE GOIS MONTEIRO;;;RUA ABELARDO HOLANDA, 105;;;504;1303;3868;REDUTO ESTRATÉGICO;AGENDA IMEDIATA;ALTO;HUGO BELTRÃO NUNES concentra 3868.00% dos seus votos no local ESCOLA MUNICIPAL GENERAL DE GOIS MONTEIRO, com 504 votos registrados.
18;MACEIO;JOSE SIDERLANE ARAUJO DE MENDONCA;PL;E.E. DRA. MARIA JOSE DE MELO (CAIC-B. BENTES);Benedito Bentes;;RUA BELO HORIZONTE, S/N;-9.5521408;-35.7303393;451;7367;612;REDUTO ESTRATÉGICO;AGENDA IMEDIATA;ALTO;JOSE SIDERLANE ARAUJO DE MENDONCA concentra 612.00% dos seus votos no local E.E. DRA. MARIA JOSE DE MELO (CAIC-B. BENTES), com 451 votos registrados.
19;MACEIO;LEONARDO DA FONSECA DIAS;PL;CRECHE ESCOLA ESPAÇO EDUCAR;Ponta Verde;;RUA PROFESSOR SANDOVAL ARROXELAS, N. 510;-9.6588344;-35.7046403;408;10274;397;REDUTO ESTRATÉGICO;AGENDA IMEDIATA;ALTO;LEONARDO DA FONSECA DIAS concentra 397.00% dos seus votos no local CRECHE ESCOLA ESPAÇO EDUCAR, com 408 votos registrados.
20;MACEIO;MARIA DE FÁTIMA GALINA FORTES FERREIRA SANTIAGO;MDB;E.E. ONÉLIA CAMPELO;Clima Bom;;RUA SANTA TEREZINHA, S/N;-9.5811006;-35.7879869;407;6257;65;REDUTO ESTRATÉGICO;AGENDA IMEDIATA;ALTO;MARIA DE FÁTIMA GALINA FORTES FERREIRA SANTIAGO concentra 65.00% dos seus votos no local E.E. ONÉLIA CAMPELO, com 407 votos registrados.
21;PENEDO;ANTONIO LIRA DA SILVA NETO;PDT;EMEB HANNA BERTHOLET;;;POVOADO SANTA MARGARIDA;;;399;1162;3434;REDUTO ESTRATÉGICO;AGENDA IMEDIATA;ALTO;ANTONIO LIRA DA SILVA NETO concentra 3434.00% dos seus votos no local EMEB HANNA BERTHOLET, com 399 votos registrados.
22;MARECHAL DEODORO;GILBERTO MEDEIROS SILVA;PDT;NEI TÂNIA CAVALCANTE;Marechal Deodoro;;AV CATUÇABA SN;-9.7256884;-35.8193626;385;1606;2397;REDUTO ESTRATÉGICO;AGENDA IMEDIATA;ALTO;GILBERTO MEDEIROS SILVA concentra 2397.00% dos seus votos no local NEI TÂNIA CAVALCANTE, com 385 votos registrados.
23;MACEIO;ALDO ROBERTO DA ROCHA LOUREIRO;PDT;UNIMA / AFYA - CENTRO UNIVERSITÁRIO DE MACEIÓ (ANTIGA UNIT);Mangabeiras;;AV GUSTAVO PAIVA, 5017;-9.6478561;-35.7147108;378;7132;53;REDUTO ESTRATÉGICO;AGENDA IMEDIATA;ALTO;ALDO ROBERTO DA ROCHA LOUREIRO concentra 53.00% dos seus votos no local UNIMA / AFYA - CENTRO UNIVERSITÁRIO DE MACEIÓ (ANTIGA UNIT), com 378 votos registrados.
24;MACEIO;ALLAN PIERRE VASCONCELOS;MDB;E.E. DRA. MARIA JOSE DE MELO (CAIC-B. BENTES);Benedito Bentes;;RUA BELO HORIZONTE, S/N;-9.5521408;-35.7303393;361;7155;505;REDUTO ESTRATÉGICO;AGENDA IMEDIATA;ALTO;ALLAN PIERRE VASCONCELOS concentra 505.00% dos seus votos no local E.E. DRA. MARIA JOSE DE MELO (CAIC-B. BENTES), com 361 votos registrados.
25;ARAPIRACA;ROGERIO PEREIRA MELO;MDB;ESCOLA DE 1 E 2 GRAUS SENADOR RUI PALMEIRA;Capiatá;;RUA MANOEL NUNES NETO S/N;-9.7414437;-36.6642875;355;6597;538;REDUTO ESTRATÉGICO;AGENDA IMEDIATA;ALTO;ROGERIO PEREIRA MELO concentra 538.00% dos seus votos no local ESCOLA DE 1 E 2 GRAUS SENADOR RUI PALMEIRA, com 355 votos registrados.
26;PALMEIRA DOS INDIOS;CLAUDEMIR PEREIRA DA SILVA;UNIÃO;COLÉGIO SAGRADA FAMILIA;Caldeirões de Cima;;RUA DOM BOSCO 15;-9.3519004;-36.6209167;351;1030;3408;REDUTO ESTRATÉGICO;AGENDA IMEDIATA;ALTO;CLAUDEMIR PEREIRA DA SILVA concentra 3408.00% dos seus votos no local COLÉGIO SAGRADA FAMILIA, com 351 votos registrados.
27;MACEIO;OLÍVIA COIMBRA TENÓRIO VILAÇA;PP;COLÉGIO ZUMBI DOS PALMARES;;;CJ ROSANE COLLOR, QD M, S/N;;;335;6669;502;REDUTO ESTRATÉGICO;AGENDA IMEDIATA;ALTO;OLÍVIA COIMBRA TENÓRIO VILAÇA concentra 502.00% dos seus votos no local COLÉGIO ZUMBI DOS PALMARES, com 335 votos registrados.
28;DELMIRO GOUVEIA;EDNA GOMES BERNARDO;MDB;WATSON DE GUSMAO, ESCOLA DE 1 E 2 GRAUS;Eldorado;;RUA HENRIQUE DIAS, S/N;-9.3850082;-38.0068886;335;2410;139;REDUTO ESTRATÉGICO;AGENDA IMEDIATA;ALTO;EDNA GOMES BERNARDO concentra 139.00% dos seus votos no local WATSON DE GUSMAO, ESCOLA DE 1 E 2 GRAUS, com 335 votos registrados.
29;MACEIO;TEREZA NELMA PORTO VIANA SOARES;PT;CRECHE ESCOLA ESPAÇO EDUCAR;Ponta Verde;;RUA PROFESSOR SANDOVAL ARROXELAS, N. 510;-9.6588344;-35.7046403;323;9969;324;REDUTO ESTRATÉGICO;AGENDA IMEDIATA;ALTO;TEREZA NELMA PORTO VIANA SOARES concentra 324.00% dos seus votos no local CRECHE ESCOLA ESPAÇO EDUCAR, com 323 votos registrados.
30;UNIAO DOS PALMARES;EDMILTON RODRIGUES DA SILVA;MDB;ESCOLA ESTADUAL CARLOS GOMES DE BARROS;;;AV. JOÃO LYRA FILHO, S/N;;;322;1892;1702;REDUTO ESTRATÉGICO;AGENDA IMEDIATA;ALTO;EDMILTON RODRIGUES DA SILVA concentra 1702.00% dos seus votos no local ESCOLA ESTADUAL CARLOS GOMES DE BARROS, com 322 votos registrados.
31;UNIAO DOS PALMARES;CARLOS ALBERTO CORREIA BASILIO;MDB;COLEGIO DE ENSINO FUNDAMENTAL MONSENHOR CLOVIS DUARTE DE BARROS;União dos Palmares;;RUA JARDIM BRASILIA;-9.1545653;-36.0312271;314;1429;2197;REDUTO ESTRATÉGICO;AGENDA IMEDIATA;ALTO;CARLOS ALBERTO CORREIA BASILIO concentra 2197.00% dos seus votos no local COLEGIO DE ENSINO FUNDAMENTAL MONSENHOR CLOVIS DUARTE DE BARROS, com 314 votos registrados.
32;MACEIO;BRIVALDO MARQUES SILVA NETO;PL;ESCOLA DE ENSINO FUNDAMENTAL DR JOSE HAROLDO DA COSTA;;;CONJ. SALVADOR LIRA, S/N;;;314;8671;362;REDUTO ESTRATÉGICO;AGENDA IMEDIATA;ALTO;BRIVALDO MARQUES SILVA NETO concentra 362.00% dos seus votos no local ESCOLA DE ENSINO FUNDAMENTAL DR JOSE HAROLDO DA COSTA, com 314 votos registrados.
33;CORURIPE;JOSE JUAREZ DE LIMA;PP;ESCOLA ESTADUAL LIMA CASTRO;;;AVENIDA WASHINTON LUIZ, ANTIGA AV CAMAÇARI;;;311;1174;2649;REDUTO ESTRATÉGICO;AGENDA IMEDIATA;ALTO;JOSE JUAREZ DE LIMA concentra 2649.00% dos seus votos no local ESCOLA ESTADUAL LIMA CASTRO, com 311 votos registrados.
34;CORURIPE;TILES HENRIQUE SIQUEIRA DE LEMOS;MDB;ESCOLA ESTADUAL LIMA CASTRO;;;AVENIDA WASHINTON LUIZ, ANTIGA AV CAMAÇARI;;;309;1326;233;REDUTO ESTRATÉGICO;AGENDA IMEDIATA;ALTO;TILES HENRIQUE SIQUEIRA DE LEMOS concentra 233.00% dos seus votos no local ESCOLA ESTADUAL LIMA CASTRO, com 309 votos registrados.
35;MACEIO;GALBA NOVAIS DE CASTRO NETTO;PL;ESCOLA ESTADUAL PADRE CABRAL;Fernão Velho;;PRACA EDUARDO SANTOS, S/N;-9.590352;-35.783877;305;14023;217;REDUTO ESTRATÉGICO;AGENDA IMEDIATA;ALTO;GALBA NOVAIS DE CASTRO NETTO concentra 217.00% dos seus votos no local ESCOLA ESTADUAL PADRE CABRAL, com 305 votos registrados.
36;MACEIO;MARCELO PALMEIRA CAVALCANTE;PL;ESC. DE ENS. FUND. PROF. PEDRO CAFÉ;Jardim Petrópolis;;RUA DO CRAVO, S/N;-9.5960352;-35.7409551;302;10943;276;REDUTO ESTRATÉGICO;AGENDA IMEDIATA;ALTO;MARCELO PALMEIRA CAVALCANTE concentra 276.00% dos seus votos no local ESC. DE ENS. FUND. PROF. PEDRO CAFÉ, com 302 votos registrados.
37;PALMEIRA DOS INDIOS;MAXWELL ROCHA FEITOSA;MDB;COLÉGIO CRISTO REDENTOR;São Cristovão;;AV. DEP. MEDEIROS NETO 51;-9.4113742;-36.6337546;300;2157;1391;REDUTO ESTRATÉGICO;AGENDA IMEDIATA;ALTO;MAXWELL ROCHA FEITOSA concentra 1391.00% dos seus votos no local COLÉGIO CRISTO REDENTOR, com 300 votos registrados.
38;MACEIO;KELMANN VIEIRA DE OLIVEIRA;MDB;UNIMA / AFYA - CENTRO UNIVERSITÁRIO DE MACEIÓ (ANTIGA UNIT);Mangabeiras;;AV GUSTAVO PAIVA, 5017;-9.6478561;-35.7147108;299;9840;304;REDUTO ESTRATÉGICO;AGENDA IMEDIATA;ALTO;KELMANN VIEIRA DE OLIVEIRA concentra 304.00% dos seus votos no local UNIMA / AFYA - CENTRO UNIVERSITÁRIO DE MACEIÓ (ANTIGA UNIT), com 299 votos registrados.
39;UNIAO DOS PALMARES;EMANUEL GOMES BALBINO;MDB;ESCOLA ESTADUAL CARLOS GOMES DE BARROS;;;AV. JOÃO LYRA FILHO, S/N;;;295;1554;1898;REDUTO ESTRATÉGICO;AGENDA IMEDIATA;ALTO;EMANUEL GOMES BALBINO concentra 1898.00% dos seus votos no local ESCOLA ESTADUAL CARLOS GOMES DE BARROS, com 295 votos registrados.
40;PALMEIRA DOS INDIOS;ANTONIO GARROTE DA SILVA FILHO;PP;ESCOLA ESTADUAL JOSÉ VICTORINO DA ROCHA;Canafístula;;PRAÇA ANTONIO LEITE, S/N, CANAFÍSTULA;-9.3991794;-36.7123167;288;1684;171;REDUTO ESTRATÉGICO;AGENDA IMEDIATA;ALTO;ANTONIO GARROTE DA SILVA FILHO concentra 171.00% dos seus votos no local ESCOLA ESTADUAL JOSÉ VICTORINO DA ROCHA, com 288 votos registrados.
41;RIO LARGO;MÁRCIO SOARES CAVALCANTE;PP;ESCOLA MUNICIPAL DR. GUSTAVO PAIVA;;;CJ BARNABÉ OITICICA II, SN, MATA DO ROLO;;;278;2625;1059;REDUTO ESTRATÉGICO;AGENDA IMEDIATA;ALTO;MÁRCIO SOARES CAVALCANTE concentra 1059.00% dos seus votos no local ESCOLA MUNICIPAL DR. GUSTAVO PAIVA, com 278 votos registrados.
42;RIO LARGO;NADIELLE NAYARA DA COSTA LOPES;PP;COMPLEXO ESTADUAL PROFA CLAUDIZETE LIMA ELEUTERIO;;;CONJ GURIATA, S/N;;;276;2002;1379;REDUTO ESTRATÉGICO;AGENDA IMEDIATA;ALTO;NADIELLE NAYARA DA COSTA LOPES concentra 1379.00% dos seus votos no local COMPLEXO ESTADUAL PROFA CLAUDIZETE LIMA ELEUTERIO, com 276 votos registrados.
43;PALMEIRA DOS INDIOS;JANIO BARBOSA MARQUES;MDB;COLÉGIO CRISTO REDENTOR;São Cristovão;;AV. DEP. MEDEIROS NETO 51;-9.4113742;-36.6337546;272;1506;1806;REDUTO ESTRATÉGICO;AGENDA IMEDIATA;ALTO;JANIO BARBOSA MARQUES concentra 1806.00% dos seus votos no local COLÉGIO CRISTO REDENTOR, com 272 votos registrados.
44;RIO LARGO;JOSÉ ROGÉRIO DA SILVA;PP;COMPLEXO ESTADUAL PROFA CLAUDIZETE LIMA ELEUTERIO;;;CONJ GURIATA, S/N;;;269;1922;140;REDUTO ESTRATÉGICO;AGENDA IMEDIATA;ALTO;JOSÉ ROGÉRIO DA SILVA concentra 140.00% dos seus votos no local COMPLEXO ESTADUAL PROFA CLAUDIZETE LIMA ELEUTERIO, com 269 votos registrados.
45;MACEIO;SILVANIA BATINGA DE OLIVEIRA BARBOSA;SOLIDARIEDADE;COLÉGIO TIRADENTES;Trapiche da Barra;;AV. ROBERTO PONTES LIMA, 208,;-9.6734939;-35.7544376;268;6464;415;REDUTO ESTRATÉGICO;AGENDA IMEDIATA;ALTO;SILVANIA BATINGA DE OLIVEIRA BARBOSA concentra 415.00% dos seus votos no local COLÉGIO TIRADENTES, com 268 votos registrados.
46;UNIAO DOS PALMARES;MIRIAM AURELIANO DOS SANTOS;MDB;COLEGIO DE ENSINO FUNDAMENTAL MONSENHOR CLOVIS DUARTE DE BARROS;União dos Palmares;;RUA JARDIM BRASILIA;-9.1545653;-36.0312271;265;1298;2042;REDUTO ESTRATÉGICO;AGENDA IMEDIATA;ALTO;MIRIAM AURELIANO DOS SANTOS concentra 2042.00% dos seus votos no local COLEGIO DE ENSINO FUNDAMENTAL MONSENHOR CLOVIS DUARTE DE BARROS, com 265 votos registrados.
47;CORURIPE;RODIO ENÉAS GUIMARÃES GAMA;PP;ESCOLA MUNICIPAL NOSSA SENHORA DO MONT SERRAT;;;POVOADO MIAI DE BAIXO, S/N;;;262;1885;139;REDUTO ESTRATÉGICO;AGENDA IMEDIATA;ALTO;RODIO ENÉAS GUIMARÃES GAMA concentra 139.00% dos seus votos no local ESCOLA MUNICIPAL NOSSA SENHORA DO MONT SERRAT, com 262 votos registrados.
48;DELMIRO GOUVEIA;FABIOLA MARQUES DE LIMA;MDB;VIRGILIA BEZERRA,ESCOLA DE 1 E 2 GRAUS PROFESSORA;;;AV MASCARENHAS DE MORAIS S/N;;;258;1649;1565;REDUTO ESTRATÉGICO;AGENDA IMEDIATA;ALTO;FABIOLA MARQUES DE LIMA concentra 1565.00% dos seus votos no local VIRGILIA BEZERRA,ESCOLA DE 1 E 2 GRAUS PROFESSORA, com 258 votos registrados.
49;PALMEIRA DOS INDIOS;PEDRO RODRIGUES GAIA BISNETO;MDB;COLÉGIO ESTADUAL HUMBERTO MENDES;;;AV GOV MUNIZ FALCÃO 701;;;255;2237;114;REDUTO ESTRATÉGICO;AGENDA IMEDIATA;ALTO;PEDRO RODRIGUES GAIA BISNETO concentra 114.00% dos seus votos no local COLÉGIO ESTADUAL HUMBERTO MENDES, com 255 votos registrados.
50;PALMEIRA DOS INDIOS;SIDINY TARGINO DA SILVA;PT;ESCOLA MUNICIPAL PEDRO RODRIGUES GAIA;;;POVOADO CORURIPE DA CAL;;;250;1539;1624;REDUTO ESTRATÉGICO;AGENDA IMEDIATA;ALTO;SIDINY TARGINO DA SILVA concentra 1624.00% dos seus votos no local ESCOLA MUNICIPAL PEDRO RODRIGUES GAIA, com 250 votos registrados.
51;PALMEIRA DOS INDIOS;GILENO COSTA SAMPAIO FILHO;PRD;COLÉGIO CRISTO REDENTOR;São Cristovão;;AV. DEP. MEDEIROS NETO 51;-9.4113742;-36.6337546;250;1667;150;REDUTO ESTRATÉGICO;AGENDA IMEDIATA;ALTO;GILENO COSTA SAMPAIO FILHO concentra 150.00% dos seus votos no local COLÉGIO CRISTO REDENTOR, com 250 votos registrados.
52;ARAPIRACA;JULIA FABRICIA FERREIRA DE LIMA BEZERRA;MDB;ESCOLA ENSINO FUNDAMENTAL DIVALDO SURUAGY;Brasília;;RUA ADERVAL INÁCIO DA SILVA, 45, BRASÍLIA, ARAPIRACA;-9.7523022;-36.6444312;248;2920;849;REDUTO ESTRATÉGICO;AGENDA IMEDIATA;ALTO;JULIA FABRICIA FERREIRA DE LIMA BEZERRA concentra 849.00% dos seus votos no local ESCOLA ENSINO FUNDAMENTAL DIVALDO SURUAGY, com 248 votos registrados.
53;SAO MIGUEL DOS CAMPOS;DINEY SOARES TORRES NETO;MDB;ESCOLA MUNICIPAL RUI PALMEIRA;Paraíso;;RUA CORONEL JOSE ANTONIO DA CRUZ, 54;-9.7817352;-36.103011;246;2081;1182;REDUTO ESTRATÉGICO;AGENDA IMEDIATA;ALTO;DINEY SOARES TORRES NETO concentra 1182.00% dos seus votos no local ESCOLA MUNICIPAL RUI PALMEIRA, com 246 votos registrados.
54;DELMIRO GOUVEIA;MAREVAL FERREIRA DA SILVA;MDB;FRANCISCA ROSA DA COSTA,GRUPO ESCOLAR;;;RUA SARGENTO REGINALDO BANDEIRA, 342;;;245;1353;1811;REDUTO ESTRATÉGICO;AGENDA IMEDIATA;ALTO;MAREVAL FERREIRA DA SILVA concentra 1811.00% dos seus votos no local FRANCISCA ROSA DA COSTA,GRUPO ESCOLAR, com 245 votos registrados.
55;CORURIPE;GUTTENBERG BRÊDA SOBRINHO;MDB;ESCOLA ESTADUAL DJALMA BARROS SIQUEIRA;;;RUA PERNAMBUCO NOVO, S/N;;;242;1347;1797;REDUTO ESTRATÉGICO;AGENDA IMEDIATA;ALTO;GUTTENBERG BRÊDA SOBRINHO concentra 1797.00% dos seus votos no local ESCOLA ESTADUAL DJALMA BARROS SIQUEIRA, com 242 votos registrados.
56;CORURIPE;ADGER DA ROCHA MARIA JUNIOR;PP;ESCOLA MUNICIPAL FRANCISCO AMALIO MARIA;Coruripe;;RUA DO CAJUEIRO, S/N;-10.1585695;-36.135133;241;1280;1883;REDUTO ESTRATÉGICO;AGENDA IMEDIATA;ALTO;ADGER DA ROCHA MARIA JUNIOR concentra 1883.00% dos seus votos no local ESCOLA MUNICIPAL FRANCISCO AMALIO MARIA, com 241 votos registrados.
57;CORURIPE;FERNANDO ALEXANDRE MAGNO SILVA VIEIRA CHAVES;MDB;ESCOLA MUNICIPAL CLAUDIO DANIEL GAMA AMORIM;Coruripe;;RUA JOSÉ RAIMUNDO DOS SANTOS, 40;-10.118516;-36.1800084;234;1181;1981;REDUTO ESTRATÉGICO;AGENDA IMEDIATA;ALTO;FERNANDO ALEXANDRE MAGNO SILVA VIEIRA CHAVES concentra 1981.00% dos seus votos no local ESCOLA MUNICIPAL CLAUDIO DANIEL GAMA AMORIM, com 234 votos registrados.
58;PALMEIRA DOS INDIOS;SALOMÃO CAVALCANTE TORRES;MDB;COLÉGIO ESTADUAL HUMBERTO MENDES;;;AV GOV MUNIZ FALCÃO 701;;;233;1352;1723;REDUTO ESTRATÉGICO;AGENDA IMEDIATA;ALTO;SALOMÃO CAVALCANTE TORRES concentra 1723.00% dos seus votos no local COLÉGIO ESTADUAL HUMBERTO MENDES, com 233 votos registrados.
59;RIO LARGO;ANIELLE PATRÍCIA SILVA DO LIVRAMENTO;PL;COMPLEXO ESTADUAL PROFA CLAUDIZETE LIMA ELEUTERIO;;;CONJ GURIATA, S/N;;;230;744;3091;REDUTO ESTRATÉGICO;AGENDA IMEDIATA;ALTO;ANIELLE PATRÍCIA SILVA DO LIVRAMENTO concentra 3091.00% dos seus votos no local COMPLEXO ESTADUAL PROFA CLAUDIZETE LIMA ELEUTERIO, com 230 votos registrados.
60;DELMIRO GOUVEIA;MARCOS ANTONIO SILVA;MDB;WATSON DE GUSMAO, ESCOLA DE 1 E 2 GRAUS;Eldorado;;RUA HENRIQUE DIAS, S/N;-9.3850082;-38.0068886;230;1850;1243;REDUTO ESTRATÉGICO;AGENDA IMEDIATA;ALTO;MARCOS ANTONIO SILVA concentra 1243.00% dos seus votos no local WATSON DE GUSMAO, ESCOLA DE 1 E 2 GRAUS, com 230 votos registrados.
61;UNIAO DOS PALMARES;GUSTAVO THADEU PAULINO PEDROZA;PDT;COLEGIO DR. MARIO GOMES DE BARROS;União dos Palmares;;RUA JARDIM BRASILIA 378;-9.1545653;-36.0312271;225;1503;1497;REDUTO ESTRATÉGICO;AGENDA IMEDIATA;ALTO;GUSTAVO THADEU PAULINO PEDROZA concentra 1497.00% dos seus votos no local COLEGIO DR. MARIO GOMES DE BARROS, com 225 votos registrados.
62;UNIAO DOS PALMARES;ALMIR BELARMINO DA SILVA;PDT;COLEGIO DE ENSINO FUNDAMENTAL MONSENHOR CLOVIS DUARTE DE BARROS;União dos Palmares;;RUA JARDIM BRASILIA;-9.1545653;-36.0312271;222;1562;1421;REDUTO ESTRATÉGICO;AGENDA IMEDIATA;ALTO;ALMIR BELARMINO DA SILVA concentra 1421.00% dos seus votos no local COLEGIO DE ENSINO FUNDAMENTAL MONSENHOR CLOVIS DUARTE DE BARROS, com 222 votos registrados.
63;UNIAO DOS PALMARES;GIVANILDO GOMES DA SILVA;MDB;ESCOLA ESTADUAL CARLOS GOMES DE BARROS;;;AV. JOÃO LYRA FILHO, S/N;;;220;1597;1378;REDUTO ESTRATÉGICO;AGENDA IMEDIATA;ALTO;GIVANILDO GOMES DA SILVA concentra 1378.00% dos seus votos no local ESCOLA ESTADUAL CARLOS GOMES DE BARROS, com 220 votos registrados.
64;ARAPIRACA;MELQUISEDEC DE OLIVEIRA;MDB;GRUPO ESCOLAR ANTÔNIO CEZÁRIO DE OLIVEIRA;;;VILA SAÕ JOSÉ S/N;;;215;2131;1009;REDUTO ESTRATÉGICO;AGENDA IMEDIATA;ALTO;MELQUISEDEC DE OLIVEIRA concentra 1009.00% dos seus votos no local GRUPO ESCOLAR ANTÔNIO CEZÁRIO DE OLIVEIRA, com 215 votos registrados.
65;ARAPIRACA;THIAGO SEVERINO LOPES DOS SANTOS;UNIÃO;GRUPO ESCOLAR ANTÔNIO CEZÁRIO DE OLIVEIRA;;;VILA SAÕ JOSÉ S/N;;;214;2101;1019;REDUTO ESTRATÉGICO;AGENDA IMEDIATA;ALTO;THIAGO SEVERINO LOPES DOS SANTOS concentra 1019.00% dos seus votos no local GRUPO ESCOLAR ANTÔNIO CEZÁRIO DE OLIVEIRA, com 214 votos registrados.
66;SAO MIGUEL DOS CAMPOS;ROBSON ALFREDO DA SILVA MOURA;MDB;ESCOLA MUNICIPAL DESEMBARGADOR JOSE FERNANDO LIMA SOUZA;São Miguel dos Campos;;RODOVIA BR 101, KM 69;-9.741431;-36.0611185;213;1435;1484;REDUTO ESTRATÉGICO;AGENDA IMEDIATA;ALTO;ROBSON ALFREDO DA SILVA MOURA concentra 1484.00% dos seus votos no local ESCOLA MUNICIPAL DESEMBARGADOR JOSE FERNANDO LIMA SOUZA, com 213 votos registrados.
67;MACEIO;THALES LUIZ PEIXOTO CAVALCANTE;PSB;ESCOLA ESTADUAL DEPUTADO NENOI PINTO;Jacintinho;;RUA MUNIZ FALCAO, S/N;-9.649823;-35.7216764;212;5833;363;REDUTO ESTRATÉGICO;AGENDA IMEDIATA;ALTO;THALES LUIZ PEIXOTO CAVALCANTE concentra 363.00% dos seus votos no local ESCOLA ESTADUAL DEPUTADO NENOI PINTO, com 212 votos registrados.
68;MARECHAL DEODORO;YURI CORTEZ DE MENEZES;MDB;ESCOLA MUNICIPAL JOSÉ BISPO DA SILVA;Marechal Deodoro;;AV. CATUÇABA, S/N;-9.7180783;-35.8235422;211;1608;1312;REDUTO ESTRATÉGICO;AGENDA IMEDIATA;ALTO;YURI CORTEZ DE MENEZES concentra 1312.00% dos seus votos no local ESCOLA MUNICIPAL JOSÉ BISPO DA SILVA, com 211 votos registrados.
69;SAO MIGUEL DOS CAMPOS;JOSIVALDO JOSÉ DA SILVA;PDT;COLEGIO MUNICIPAL LUZINETE E LINDALVA JATOBA;;;AV. SAMPAIO MARQUES, S/N;;;210;1991;1055;REDUTO ESTRATÉGICO;AGENDA IMEDIATA;ALTO;JOSIVALDO JOSÉ DA SILVA concentra 1055.00% dos seus votos no local COLEGIO MUNICIPAL LUZINETE E LINDALVA JATOBA, com 210 votos registrados.
70;PENEDO;IVO CARLOS MOURA COSTA;PV;COLÉGIO DIOCESANO DE PENEDO;;;PÇA. LARGO DE FÁTIMA, PX. À 9A. COORDENADORIA DE ENSINO DE ALAGOAS;;;206;1375;1498;REDUTO ESTRATÉGICO;AGENDA IMEDIATA;ALTO;IVO CARLOS MOURA COSTA concentra 1498.00% dos seus votos no local COLÉGIO DIOCESANO DE PENEDO, com 206 votos registrados.
71;RIO LARGO;JOSE CARLOS REIS DOS SANTOS FILHO;PP;GRUPO ESCOLAR OZORIA MOURA DE LIMA;;;RUA  ANTONIO ELIAS CALHEIROS S/N;;;206;1906;1081;REDUTO ESTRATÉGICO;AGENDA IMEDIATA;ALTO;JOSE CARLOS REIS DOS SANTOS FILHO concentra 1081.00% dos seus votos no local GRUPO ESCOLAR OZORIA MOURA DE LIMA, com 206 votos registrados.
72;MARECHAL DEODORO;THIAGO HENRIQUE GONDIN TORRES;PDT;ESCOLA ESTADUAL ROSA MARIA PAULINA DA FONSECA;Centro;;AV SÃO JOSÉ SN;-9.7102397;-35.8959836;203;2023;1003;REDUTO ESTRATÉGICO;AGENDA IMEDIATA;ALTO;THIAGO HENRIQUE GONDIN TORRES concentra 1003.00% dos seus votos no local ESCOLA ESTADUAL ROSA MARIA PAULINA DA FONSECA, com 203 votos registrados.
73;MARECHAL DEODORO;EVERALDO PEREIRA LOPES JUNIOR;PSB;ESCOLA ESTADUAL ROSA MARIA PAULINA DA FONSECA;Centro;;AV SÃO JOSÉ SN;-9.7102397;-35.8959836;201;1790;1123;REDUTO ESTRATÉGICO;AGENDA IMEDIATA;ALTO;EVERALDO PEREIRA LOPES JUNIOR concentra 1123.00% dos seus votos no local ESCOLA ESTADUAL ROSA MARIA PAULINA DA FONSECA, com 201 votos registrados.
74;MACEIO;RUI SOARES PALMEIRA;PSD;CRECHE ESCOLA ESPAÇO EDUCAR;Ponta Verde;;RUA PROFESSOR SANDOVAL ARROXELAS, N. 510;-9.6588344;-35.7046403;201;5498;366;REDUTO ESTRATÉGICO;AGENDA IMEDIATA;ALTO;RUI SOARES PALMEIRA concentra 366.00% dos seus votos no local CRECHE ESCOLA ESPAÇO EDUCAR, com 201 votos registrados.
75;ARAPIRACA;PABLO EMANUEL DA SILVA;PP;ESCOLA DE 1 GRAU PROFESSOR JAYME DE ALTAVILLA;Centro;;RUA SANTOS DUMONT, 623;-9.7498653;-36.6655146;199;2873;693;REDUTO ESTRATÉGICO;AGENDA IMEDIATA;ALTO;PABLO EMANUEL DA SILVA concentra 693.00% dos seus votos no local ESCOLA DE 1 GRAU PROFESSOR JAYME DE ALTAVILLA, com 199 votos registrados.
76;ARAPIRACA;WALLYSSON BISPO DA SILVA;PP;COLÉGIO QUINTELA CAVALCANTE;Eldorado;;AV. VENTURA DE FARIAS S/N;-9.7466266;-36.6673366;197;4343;454;REDUTO ESTRATÉGICO;AGENDA IMEDIATA;ALTO;WALLYSSON BISPO DA SILVA concentra 454.00% dos seus votos no local COLÉGIO QUINTELA CAVALCANTE, com 197 votos registrados.
77;PALMEIRA DOS INDIOS;LUCIO CARLOS FONSECA MEDEIROS;UNIÃO;COLÉGIO ESTADUAL HUMBERTO MENDES;;;AV GOV MUNIZ FALCÃO 701;;;196;1145;1712;REDUTO ESTRATÉGICO;AGENDA IMEDIATA;ALTO;LUCIO CARLOS FONSECA MEDEIROS concentra 1712.00% dos seus votos no local COLÉGIO ESTADUAL HUMBERTO MENDES, com 196 votos registrados.
78;PENEDO;DERIVAN THOMAZ;PV;EMEB PROFESSOR IRÊNIO ARAÚJO;;;POVOADO MARITUBA DO PEIXE;;;196;1287;1523;REDUTO ESTRATÉGICO;AGENDA IMEDIATA;ALTO;DERIVAN THOMAZ concentra 1523.00% dos seus votos no local EMEB PROFESSOR IRÊNIO ARAÚJO, com 196 votos registrados.
79;MACEIO;THIAGO PRADO OLIVEIRA SILVEIRA;PP;UNIMA / AFYA - CENTRO UNIVERSITÁRIO DE MACEIÓ (ANTIGA UNIT);Mangabeiras;;AV GUSTAVO PAIVA, 5017;-9.6478561;-35.7147108;196;6802;288;REDUTO ESTRATÉGICO;AGENDA IMEDIATA;ALTO;THIAGO PRADO OLIVEIRA SILVEIRA concentra 288.00% dos seus votos no local UNIMA / AFYA - CENTRO UNIVERSITÁRIO DE MACEIÓ (ANTIGA UNIT), com 196 votos registrados.
80;MACEIO;JOSÉ EDUARDO ACCIOLY CANUTO;PL;UNIMA / AFYA - CENTRO UNIVERSITÁRIO DE MACEIÓ (ANTIGA UNIT);Mangabeiras;;AV GUSTAVO PAIVA, 5017;-9.6478561;-35.7147108;195;5696;342;REDUTO ESTRATÉGICO;AGENDA IMEDIATA;ALTO;JOSÉ EDUARDO ACCIOLY CANUTO concentra 342.00% dos seus votos no local UNIMA / AFYA - CENTRO UNIVERSITÁRIO DE MACEIÓ (ANTIGA UNIT), com 195 votos registrados.
81;UNIAO DOS PALMARES;MANOEL MESSIAS DA SILVA;MDB;ESCOLA ESTADUAL CARLOS GOMES DE BARROS;;;AV. JOÃO LYRA FILHO, S/N;;;194;1202;1614;REDUTO ESTRATÉGICO;AGENDA IMEDIATA;ALTO;MANOEL MESSIAS DA SILVA concentra 1614.00% dos seus votos no local ESCOLA ESTADUAL CARLOS GOMES DE BARROS, com 194 votos registrados.
82;RIO LARGO;DOUGLAS HENRIQUE DE FRANÇA COSTA;UNIÃO;ESCOLA MUNICIPAL DE EDUCAÇÃO BASICA INDUSTRIAL LUIGI BAUDUCCO;;;AVENIDA PASTOR JOSUE LINS CONJUNTO CRUZEIRO DO SUL, C RESIDENCIAL;;;193;1429;1351;REDUTO ESTRATÉGICO;AGENDA IMEDIATA;ALTO;DOUGLAS HENRIQUE DE FRANÇA COSTA concentra 1351.00% dos seus votos no local ESCOLA MUNICIPAL DE EDUCAÇÃO BASICA INDUSTRIAL LUIGI BAUDUCCO, com 193 votos registrados.
83;SAO MIGUEL DOS CAMPOS;ADRIANA DE CARVALHO SILVA DE OMENA;PDT;COLEGIO MUNICIPAL LUZINETE E LINDALVA JATOBA;;;AV. SAMPAIO MARQUES, S/N;;;192;1453;1321;REDUTO ESTRATÉGICO;AGENDA IMEDIATA;ALTO;ADRIANA DE CARVALHO SILVA DE OMENA concentra 1321.00% dos seus votos no local COLEGIO MUNICIPAL LUZINETE E LINDALVA JATOBA, com 192 votos registrados.
84;MACEIO;JONATAS JOSE OLIVEIRA DE OMENA;PL;ESCOLA DE ENS. FUND. NOSSO LAR I;;;RUA SAMPAIO DORIA, S/N;;;192;5486;35;REDUTO ESTRATÉGICO;AGENDA IMEDIATA;ALTO;JONATAS JOSE OLIVEIRA DE OMENA concentra 35.00% dos seus votos no local ESCOLA DE ENS. FUND. NOSSO LAR I, com 192 votos registrados.
85;RIO LARGO;CARLOS HENRIQUE ROLIM VASCONCELOS;PP;ESCOLA ESTADUAL SANTOS DUMONT;;;BR 104 - DESTACAMENTO DA FAB - VILA MILITAR;;;191;1873;102;REDUTO ESTRATÉGICO;AGENDA IMEDIATA;ALTO;CARLOS HENRIQUE ROLIM VASCONCELOS concentra 102.00% dos seus votos no local ESCOLA ESTADUAL SANTOS DUMONT, com 191 votos registrados.
86;MARECHAL DEODORO;NILSON DO NASCIMENTO SANTOS;PSB;ESCOLA MUNICIPAL GOVERNADOR LUIZ CAVALCANTE;Vila Cabreiras;;RODOVIA EDVAL LEMOS;-9.7585568;-35.8685101;186;1305;1425;REDUTO ESTRATÉGICO;AGENDA IMEDIATA;ALTO;NILSON DO NASCIMENTO SANTOS concentra 1425.00% dos seus votos no local ESCOLA MUNICIPAL GOVERNADOR LUIZ CAVALCANTE, com 186 votos registrados.
87;DELMIRO GOUVEIA;MARCIO FERNANDO FREITAS DA SILVA;PP;ELIZEU NORBERTO, GRUPO ESCOLAR;Eldorado;;RUA MANOEL RIBEIRO, SN;-9.3769332;-37.9959555;184;376;4894;REDUTO ESTRATÉGICO;AGENDA IMEDIATA;ALTO;MARCIO FERNANDO FREITAS DA SILVA concentra 4894.00% dos seus votos no local ELIZEU NORBERTO, GRUPO ESCOLAR, com 184 votos registrados.
88;MARECHAL DEODORO;AUGUSTO JORGE GRANJEIRO COSTA CARNAÚBA;MDB;ESCOLA ESTADUAL ROSA MARIA PAULINA DA FONSECA;Centro;;AV SÃO JOSÉ SN;-9.7102397;-35.8959836;183;1596;1147;REDUTO ESTRATÉGICO;AGENDA IMEDIATA;ALTO;AUGUSTO JORGE GRANJEIRO COSTA CARNAÚBA concentra 1147.00% dos seus votos no local ESCOLA ESTADUAL ROSA MARIA PAULINA DA FONSECA, com 183 votos registrados.
89;MARECHAL DEODORO;EVERALDO OLIVEIRA SOUTO NETO;MDB;ESCOLA MUNICIPAL PREFEITO MANOEL MESSIAS DOS SANTOS;;;RUA SALVADOR S/N LOT. LUAR DO FRANCÊS;;;182;1776;1025;REDUTO ESTRATÉGICO;AGENDA IMEDIATA;ALTO;EVERALDO OLIVEIRA SOUTO NETO concentra 1025.00% dos seus votos no local ESCOLA MUNICIPAL PREFEITO MANOEL MESSIAS DOS SANTOS, com 182 votos registrados.
90;CORURIPE;EDINALDO MORAIS DE SOUZA;PSB;ESCOLA ESTADUAL DJALMA BARROS SIQUEIRA;;;RUA PERNAMBUCO NOVO, S/N;;;181;1114;1625;REDUTO ESTRATÉGICO;AGENDA IMEDIATA;ALTO;EDINALDO MORAIS DE SOUZA concentra 1625.00% dos seus votos no local ESCOLA ESTADUAL DJALMA BARROS SIQUEIRA, com 181 votos registrados.
91;DELMIRO GOUVEIA;GEORGE LISBOA JUNIOR;MDB;VIRGILIA BEZERRA,ESCOLA DE 1 E 2 GRAUS PROFESSORA;;;AV MASCARENHAS DE MORAIS S/N;;;181;1629;1111;REDUTO ESTRATÉGICO;AGENDA IMEDIATA;ALTO;GEORGE LISBOA JUNIOR concentra 1111.00% dos seus votos no local VIRGILIA BEZERRA,ESCOLA DE 1 E 2 GRAUS PROFESSORA, com 181 votos registrados.
92;RIO LARGO;RAFAEL RUDSON FEITOSA PINTO;PP;ESCOLA MUNICIPAL DR. GUSTAVO PAIVA;;;CJ BARNABÉ OITICICA II, SN, MATA DO ROLO;;;180;1701;1058;REDUTO ESTRATÉGICO;AGENDA IMEDIATA;ALTO;RAFAEL RUDSON FEITOSA PINTO concentra 1058.00% dos seus votos no local ESCOLA MUNICIPAL DR. GUSTAVO PAIVA, com 180 votos registrados.
93;ARAPIRACA;RAMONN IZIDORO SOARES ALVES;PSB;ESCOLA DE 1 E 2 GRAUS SENADOR RUI PALMEIRA;Capiatá;;RUA MANOEL NUNES NETO S/N;-9.7414437;-36.6642875;180;3169;568;REDUTO ESTRATÉGICO;AGENDA IMEDIATA;ALTO;RAMONN IZIDORO SOARES ALVES concentra 568.00% dos seus votos no local ESCOLA DE 1 E 2 GRAUS SENADOR RUI PALMEIRA, com 180 votos registrados.
94;MARECHAL DEODORO;EZECHIAS JOSÉ DO NASCIMENTO;PSB;ESCOLA ESTADUAL ROSA MARIA PAULINA DA FONSECA;Centro;;AV SÃO JOSÉ SN;-9.7102397;-35.8959836;177;1144;1547;REDUTO ESTRATÉGICO;AGENDA IMEDIATA;ALTO;EZECHIAS JOSÉ DO NASCIMENTO concentra 1547.00% dos seus votos no local ESCOLA ESTADUAL ROSA MARIA PAULINA DA FONSECA, com 177 votos registrados.
95;MACEIO;SAMYR MALTA AMARAL;PODE;UNIMA / AFYA - CENTRO UNIVERSITÁRIO DE MACEIÓ (ANTIGA UNIT);Mangabeiras;;AV GUSTAVO PAIVA, 5017;-9.6478561;-35.7147108;177;5321;333;REDUTO ESTRATÉGICO;AGENDA IMEDIATA;ALTO;SAMYR MALTA AMARAL concentra 333.00% dos seus votos no local UNIMA / AFYA - CENTRO UNIVERSITÁRIO DE MACEIÓ (ANTIGA UNIT), com 177 votos registrados.
96;PENEDO;ANTONIO DE FIGUEIREDO BARBOSA JUNIOR;PSB;COLÉGIO ESTADUAL COMENDADOR JOSÉ DA SILVA PEIXOTO;;;RUA CASTRO ALVES, S/N, EM FRENTE À CODEVASF;;;175;1275;1373;REDUTO ESTRATÉGICO;AGENDA IMEDIATA;ALTO;ANTONIO DE FIGUEIREDO BARBOSA JUNIOR concentra 1373.00% dos seus votos no local COLÉGIO ESTADUAL COMENDADOR JOSÉ DA SILVA PEIXOTO, com 175 votos registrados.
97;MARECHAL DEODORO;HILDEBRANDO TENÓRIO DE ALBUQUERQUE NETO;PP;ESCOLA MUNICIPAL ADELINA DE CARVALHO MELO;;;RUA ADELINA DE CARVALHO MELO SN;;;175;983;178;REDUTO ESTRATÉGICO;AGENDA IMEDIATA;ALTO;HILDEBRANDO TENÓRIO DE ALBUQUERQUE NETO concentra 178.00% dos seus votos no local ESCOLA MUNICIPAL ADELINA DE CARVALHO MELO, com 175 votos registrados.
98;UNIAO DOS PALMARES;GIVANILDO VICENTE DE MELO;MDB;ESCOLA ESTADUAL CARLOS GOMES DE BARROS;;;AV. JOÃO LYRA FILHO, S/N;;;173;1193;145;REDUTO ESTRATÉGICO;AGENDA IMEDIATA;ALTO;GIVANILDO VICENTE DE MELO concentra 145.00% dos seus votos no local ESCOLA ESTADUAL CARLOS GOMES DE BARROS, com 173 votos registrados.
99;RIO LARGO;ALINE BIANA CAVALCANTE;UNIÃO;ESCOLA MUNICIPAL DR. GUSTAVO PAIVA;;;CJ BARNABÉ OITICICA II, SN, MATA DO ROLO;;;172;1609;1069;REDUTO ESTRATÉGICO;AGENDA IMEDIATA;ALTO;ALINE BIANA CAVALCANTE concentra 1069.00% dos seus votos no local ESCOLA MUNICIPAL DR. GUSTAVO PAIVA, com 172 votos registrados.
100;ARAPIRACA;EDINALDO DE SANTANA PONCIANO;PMB;GRUPO ESCOLAR DJALMA MATHEUS SANTANA;Primavera;;RUA ROSENDO LIMA S/N;-9.7669946;-36.6608561;170;837;2031;REDUTO ESTRATÉGICO;AGENDA IMEDIATA;ALTO;EDINALDO DE SANTANA PONCIANO concentra 2031.00% dos seus votos no local GRUPO ESCOLAR DJALMA MATHEUS SANTANA, com 170 votos registrados.
101;UNIAO DOS PALMARES;SANDRO JORGE DA SILVA;MDB;COLEGIO DE ENSINO FUNDAMENTAL MONSENHOR CLOVIS DUARTE DE BARROS;União dos Palmares;;RUA JARDIM BRASILIA;-9.1545653;-36.0312271;170;1280;1328;REDUTO ESTRATÉGICO;AGENDA IMEDIATA;ALTO;SANDRO JORGE DA SILVA concentra 1328.00% dos seus votos no local COLEGIO DE ENSINO FUNDAMENTAL MONSENHOR CLOVIS DUARTE DE BARROS, com 170 votos registrados.
102;RIO LARGO;ALBERTINA MARIA ALVES CABRAL;REPUBLICANOS;COMPLEXO ESTADUAL PROFA CLAUDIZETE LIMA ELEUTERIO;;;CONJ GURIATA, S/N;;;169;409;4132;REDUTO ESTRATÉGICO;AGENDA IMEDIATA;ALTO;ALBERTINA MARIA ALVES CABRAL concentra 4132.00% dos seus votos no local COMPLEXO ESTADUAL PROFA CLAUDIZETE LIMA ELEUTERIO, com 169 votos registrados.
103;PENEDO;DENYS MALTA REIS;PV;COLÉGIO ESTADUAL COMENDADOR JOSÉ DA SILVA PEIXOTO;;;RUA CASTRO ALVES, S/N, EM FRENTE À CODEVASF;;;169;1166;1449;REDUTO ESTRATÉGICO;AGENDA IMEDIATA;ALTO;DENYS MALTA REIS concentra 1449.00% dos seus votos no local COLÉGIO ESTADUAL COMENDADOR JOSÉ DA SILVA PEIXOTO, com 169 votos registrados.
104;PALMEIRA DOS INDIOS;MADSON LUCIANO MONTEIRO SANTOS DA SILVA;PV;COLÉGIO CRISTO REDENTOR;São Cristovão;;AV. DEP. MEDEIROS NETO 51;-9.4113742;-36.6337546;169;1219;1386;REDUTO ESTRATÉGICO;AGENDA IMEDIATA;ALTO;MADSON LUCIANO MONTEIRO SANTOS DA SILVA concentra 1386.00% dos seus votos no local COLÉGIO CRISTO REDENTOR, com 169 votos registrados.
105;CORURIPE;RAPHAEL LIMA OLIVEIRA SILVA;PP;ESCOLA ESTADUAL DJALMA BARROS SIQUEIRA;;;RUA PERNAMBUCO NOVO, S/N;;;169;944;179;REDUTO ESTRATÉGICO;AGENDA IMEDIATA;ALTO;RAPHAEL LIMA OLIVEIRA SILVA concentra 179.00% dos seus votos no local ESCOLA ESTADUAL DJALMA BARROS SIQUEIRA, com 169 votos registrados.
106;PENEDO;RAQUEL MARIA TAVARES;MDB;COLÉGIO ESTADUAL COMENDADOR JOSÉ DA SILVA PEIXOTO;;;RUA CASTRO ALVES, S/N, EM FRENTE À CODEVASF;;;166;990;1677;REDUTO ESTRATÉGICO;AGENDA IMEDIATA;ALTO;RAQUEL MARIA TAVARES concentra 1677.00% dos seus votos no local COLÉGIO ESTADUAL COMENDADOR JOSÉ DA SILVA PEIXOTO, com 166 votos registrados.
107;PENEDO;FAGNER MATIAS DOS SANTOS;MDB;COLÉGIO ESTADUAL COMENDADOR JOSÉ DA SILVA PEIXOTO;;;RUA CASTRO ALVES, S/N, EM FRENTE À CODEVASF;;;166;1030;1612;REDUTO ESTRATÉGICO;AGENDA IMEDIATA;ALTO;FAGNER MATIAS DOS SANTOS concentra 1612.00% dos seus votos no local COLÉGIO ESTADUAL COMENDADOR JOSÉ DA SILVA PEIXOTO, com 166 votos registrados.
108;RIO LARGO;IZAQUE PEREIRA SILVA;AVANTE;ESCOLA MUNICIPAL DR. GUSTAVO PAIVA;;;CJ BARNABÉ OITICICA II, SN, MATA DO ROLO;;;166;1577;1053;REDUTO ESTRATÉGICO;AGENDA IMEDIATA;ALTO;IZAQUE PEREIRA SILVA concentra 1053.00% dos seus votos no local ESCOLA MUNICIPAL DR. GUSTAVO PAIVA, com 166 votos registrados.
109;DELMIRO GOUVEIA;JEDIAEL PEREIRA DOS SANTOS;PSB;WATSON DE GUSMAO, ESCOLA DE 1 E 2 GRAUS;Eldorado;;RUA HENRIQUE DIAS, S/N;-9.3850082;-38.0068886;163;782;2084;REDUTO ESTRATÉGICO;AGENDA IMEDIATA;ALTO;JEDIAEL PEREIRA DOS SANTOS concentra 2084.00% dos seus votos no local WATSON DE GUSMAO, ESCOLA DE 1 E 2 GRAUS, com 163 votos registrados.
110;CORURIPE;JOSÉ MAURÍCIO DOS SANTOS;MDB;ESCOLA MUNICIPAL CLAUDIO DANIEL GAMA AMORIM;Coruripe;;RUA JOSÉ RAIMUNDO DOS SANTOS, 40;-10.118516;-36.1800084;159;843;1886;REDUTO ESTRATÉGICO;AGENDA IMEDIATA;ALTO;JOSÉ MAURÍCIO DOS SANTOS concentra 1886.00% dos seus votos no local ESCOLA MUNICIPAL CLAUDIO DANIEL GAMA AMORIM, com 159 votos registrados.
111;PALMEIRA DOS INDIOS;RONALDO CORREIA DOS SANTOS JÚNIOR;PRD;COLÉGIO CRISTO REDENTOR;São Cristovão;;AV. DEP. MEDEIROS NETO 51;-9.4113742;-36.6337546;159;1358;1171;REDUTO ESTRATÉGICO;AGENDA IMEDIATA;ALTO;RONALDO CORREIA DOS SANTOS JÚNIOR concentra 1171.00% dos seus votos no local COLÉGIO CRISTO REDENTOR, com 159 votos registrados.
112;RIO LARGO;JEFFERSON ALEXANDRE CAVALCANTE;AVANTE;ESCOLA MUNICIPAL DR. GUSTAVO PAIVA;;;CJ BARNABÉ OITICICA II, SN, MATA DO ROLO;;;158;1818;869;REDUTO ESTRATÉGICO;AGENDA IMEDIATA;ALTO;JEFFERSON ALEXANDRE CAVALCANTE concentra 869.00% dos seus votos no local ESCOLA MUNICIPAL DR. GUSTAVO PAIVA, com 158 votos registrados.
113;SAO MIGUEL DOS CAMPOS;EDINALDO PEREIRA DOS SANTOS;MDB;COLEGIO MUNICIPAL LUZINETE E LINDALVA JATOBA;;;AV. SAMPAIO MARQUES, S/N;;;157;1384;1134;REDUTO ESTRATÉGICO;AGENDA IMEDIATA;ALTO;EDINALDO PEREIRA DOS SANTOS concentra 1134.00% dos seus votos no local COLEGIO MUNICIPAL LUZINETE E LINDALVA JATOBA, com 157 votos registrados.
114;CORURIPE;AILTON LUIZ ARAUJO LESSA;PSB;ESCOLA MUNICIPAL CLAUDIO DANIEL GAMA AMORIM;Coruripe;;RUA JOSÉ RAIMUNDO DOS SANTOS, 40;-10.118516;-36.1800084;153;1015;1507;REDUTO ESTRATÉGICO;AGENDA IMEDIATA;ALTO;AILTON LUIZ ARAUJO LESSA concentra 1507.00% dos seus votos no local ESCOLA MUNICIPAL CLAUDIO DANIEL GAMA AMORIM, com 153 votos registrados.
115;ARAPIRACA;JOÃO JOSÉ MARQUES DA SILVA;PT;ESCOLA DE ENSINO FUNDAMENTAL MANOEL HUMBERTO DA COSTA;;;SÍTIO BATINGAS;;;152;569;2671;REDUTO ESTRATÉGICO;AGENDA IMEDIATA;ALTO;JOÃO JOSÉ MARQUES DA SILVA concentra 2671.00% dos seus votos no local ESCOLA DE ENSINO FUNDAMENTAL MANOEL HUMBERTO DA COSTA, com 152 votos registrados.
116;UNIAO DOS PALMARES;MARCOS CORREIA LEITE;PDT;ESCOLA ESTADUAL CARLOS GOMES DE BARROS;;;AV. JOÃO LYRA FILHO, S/N;;;150;1015;1478;REDUTO ESTRATÉGICO;AGENDA IMEDIATA;ALTO;MARCOS CORREIA LEITE concentra 1478.00% dos seus votos no local ESCOLA ESTADUAL CARLOS GOMES DE BARROS, com 150 votos registrados.
117;PALMEIRA DOS INDIOS;FABIANO GOMES DE SOUZA;REPUBLICANOS;COLÉGIO CRISTO REDENTOR;São Cristovão;;AV. DEP. MEDEIROS NETO 51;-9.4113742;-36.6337546;150;1221;1229;REDUTO ESTRATÉGICO;AGENDA IMEDIATA;ALTO;FABIANO GOMES DE SOUZA concentra 1229.00% dos seus votos no local COLÉGIO CRISTO REDENTOR, com 150 votos registrados.
118;DELMIRO GOUVEIA;RENATO DAVID TORRES DE OLIVEIRA;PT;ANCHIETA, GRUPO ESCOLAR PADRE ( POV. LAGOINHA);;;POVOADO LAGOINHAS S/N;;;150;1330;1128;REDUTO ESTRATÉGICO;AGENDA IMEDIATA;ALTO;RENATO DAVID TORRES DE OLIVEIRA concentra 1128.00% dos seus votos no local ANCHIETA, GRUPO ESCOLAR PADRE ( POV. LAGOINHA), com 150 votos registrados.
119;RIO LARGO;MARCELO VITOR PRAXEDES TORRES;REPUBLICANOS;ESCOLA MUNICIPAL DR. GUSTAVO PAIVA;;;CJ BARNABÉ OITICICA II, SN, MATA DO ROLO;;;148;673;2199;REDUTO ESTRATÉGICO;AGENDA IMEDIATA;ALTO;MARCELO VITOR PRAXEDES TORRES concentra 2199.00% dos seus votos no local ESCOLA MUNICIPAL DR. GUSTAVO PAIVA, com 148 votos registrados.
120;PENEDO;JORGE ALVES DA SILVA;MDB;ESCOLA MUNICIPAL VEREADOR MANOEL SOARES DE MELO;;;RUA FLORIANO ROSA, S/N, PX. AO POSTO DE SAÚDE, CONJUNTO VILA MATIAS;;;147;735;200;REDUTO ESTRATÉGICO;AGENDA IMEDIATA;ALTO;JORGE ALVES DA SILVA concentra 200.00% dos seus votos no local ESCOLA MUNICIPAL VEREADOR MANOEL SOARES DE MELO, com 147 votos registrados.
121;CORURIPE;JOSÉ ANDERSON DE LIMA SANTOS;PSB;ESCOLA ESTADUAL DJALMA BARROS SIQUEIRA;;;RUA PERNAMBUCO NOVO, S/N;;;146;830;1759;REDUTO ESTRATÉGICO;AGENDA IMEDIATA;ALTO;JOSÉ ANDERSON DE LIMA SANTOS concentra 1759.00% dos seus votos no local ESCOLA ESTADUAL DJALMA BARROS SIQUEIRA, com 146 votos registrados.
122;DELMIRO GOUVEIA;EZEQUIEL DE CARVALHO COSTA;MDB;VIRGILIA BEZERRA,ESCOLA DE 1 E 2 GRAUS PROFESSORA;;;AV MASCARENHAS DE MORAIS S/N;;;146;1279;1142;REDUTO ESTRATÉGICO;AGENDA IMEDIATA;ALTO;EZEQUIEL DE CARVALHO COSTA concentra 1142.00% dos seus votos no local VIRGILIA BEZERRA,ESCOLA DE 1 E 2 GRAUS PROFESSORA, com 146 votos registrados.
123;MARECHAL DEODORO;JOSÉ WAGNER COSTA DA SILVA;MDB;ESCOLA ESTADUAL JOSÉ CORREIA DA SILVA TITARA;;;LOT BOSQUE DA MASSAGUEIRA N 3A;;;145;1442;1006;REDUTO ESTRATÉGICO;AGENDA IMEDIATA;ALTO;JOSÉ WAGNER COSTA DA SILVA concentra 1006.00% dos seus votos no local ESCOLA ESTADUAL JOSÉ CORREIA DA SILVA TITARA, com 145 votos registrados.
124;PENEDO;VALDY VASCONCELOS;PSB;COLÉGIO ESTADUAL COMENDADOR JOSÉ DA SILVA PEIXOTO;;;RUA CASTRO ALVES, S/N, EM FRENTE À CODEVASF;;;145;1066;136;REDUTO ESTRATÉGICO;AGENDA IMEDIATA;ALTO;VALDY VASCONCELOS concentra 136.00% dos seus votos no local COLÉGIO ESTADUAL COMENDADOR JOSÉ DA SILVA PEIXOTO, com 145 votos registrados.
125;SAO MIGUEL DOS CAMPOS;JOSÉ FEITOSA DA SILVA;PDT;ESCOLA MUNICIPAL DESEMBARGADOR JOSE FERNANDO LIMA SOUZA;São Miguel dos Campos;;RODOVIA BR 101, KM 69;-9.741431;-36.0611185;142;1010;1406;REDUTO ESTRATÉGICO;AGENDA IMEDIATA;ALTO;JOSÉ FEITOSA DA SILVA concentra 1406.00% dos seus votos no local ESCOLA MUNICIPAL DESEMBARGADOR JOSE FERNANDO LIMA SOUZA, com 142 votos registrados.
126;PALMEIRA DOS INDIOS;JOSE HELENILDO RIBEIRO MONTEIRO NETO;REPUBLICANOS;COLÉGIO ESTADUAL HUMBERTO MENDES;;;AV GOV MUNIZ FALCÃO 701;;;141;1042;1353;REDUTO ESTRATÉGICO;AGENDA IMEDIATA;ALTO;JOSE HELENILDO RIBEIRO MONTEIRO NETO concentra 1353.00% dos seus votos no local COLÉGIO ESTADUAL HUMBERTO MENDES, com 141 votos registrados.
127;UNIAO DOS PALMARES;JURANDIR CAMILO DA SILVA;PP;COLEGIO DE ENSINO FUNDAMENTAL MONSENHOR CLOVIS DUARTE DE BARROS;União dos Palmares;;RUA JARDIM BRASILIA;-9.1545653;-36.0312271;140;684;2047;REDUTO ESTRATÉGICO;AGENDA IMEDIATA;ALTO;JURANDIR CAMILO DA SILVA concentra 2047.00% dos seus votos no local COLEGIO DE ENSINO FUNDAMENTAL MONSENHOR CLOVIS DUARTE DE BARROS, com 140 votos registrados.
128;SAO MIGUEL DOS CAMPOS;JOSEPH ROBERT SANTOS MARTINIANO;MDB;ESCOLA MUNICIPAL DESEMBARGADOR JOSE FERNANDO LIMA SOUZA;São Miguel dos Campos;;RODOVIA BR 101, KM 69;-9.741431;-36.0611185;139;1004;1384;REDUTO ESTRATÉGICO;AGENDA IMEDIATA;ALTO;JOSEPH ROBERT SANTOS MARTINIANO concentra 1384.00% dos seus votos no local ESCOLA MUNICIPAL DESEMBARGADOR JOSE FERNANDO LIMA SOUZA, com 139 votos registrados.
129;ARAPIRACA;MARCUS FABIANO MATOS BARBOZA;PP;ESCOLA DE 1 GRAU PROFESSOR JAYME DE ALTAVILLA;Centro;;RUA SANTOS DUMONT, 623;-9.7498653;-36.6655146;139;2260;615;REDUTO ESTRATÉGICO;AGENDA IMEDIATA;ALTO;MARCUS FABIANO MATOS BARBOZA concentra 615.00% dos seus votos no local ESCOLA DE 1 GRAU PROFESSOR JAYME DE ALTAVILLA, com 139 votos registrados.
130;SAO MIGUEL DOS CAMPOS;ALEXANDRE PEREIRA DOS SANTOS;PDT;COLEGIO MUNICIPAL LUZINETE E LINDALVA JATOBA;;;AV. SAMPAIO MARQUES, S/N;;;137;1058;1295;REDUTO ESTRATÉGICO;AGENDA IMEDIATA;ALTO;ALEXANDRE PEREIRA DOS SANTOS concentra 1295.00% dos seus votos no local COLEGIO MUNICIPAL LUZINETE E LINDALVA JATOBA, com 137 votos registrados.
131;MACEIO;WARLLEN DAVID BEZERRA NASCIMENTO MESQUITA;UNIÃO;UNIMA / AFYA - CENTRO UNIVERSITÁRIO DE MACEIÓ (ANTIGA UNIT);Mangabeiras;;AV GUSTAVO PAIVA, 5017;-9.6478561;-35.7147108;137;5421;253;REDUTO ESTRATÉGICO;AGENDA IMEDIATA;ALTO;WARLLEN DAVID BEZERRA NASCIMENTO MESQUITA concentra 253.00% dos seus votos no local UNIMA / AFYA - CENTRO UNIVERSITÁRIO DE MACEIÓ (ANTIGA UNIT), com 137 votos registrados.
132;SAO MIGUEL DOS CAMPOS;JOSE VENANCIO DOS SANTOS;MDB;ESCOLA MUNICIPAL DESEMBARGADOR JOSE FERNANDO LIMA SOUZA;São Miguel dos Campos;;RODOVIA BR 101, KM 69;-9.741431;-36.0611185;135;916;1474;REDUTO ESTRATÉGICO;AGENDA IMEDIATA;ALTO;JOSE VENANCIO DOS SANTOS concentra 1474.00% dos seus votos no local ESCOLA MUNICIPAL DESEMBARGADOR JOSE FERNANDO LIMA SOUZA, com 135 votos registrados.
133;PENEDO;PAULO ROBERTO FERREIRA;SOLIDARIEDADE;COLÉGIO ESTADUAL COMENDADOR JOSÉ DA SILVA PEIXOTO;;;RUA CASTRO ALVES, S/N, EM FRENTE À CODEVASF;;;134;744;1801;REDUTO ESTRATÉGICO;AGENDA IMEDIATA;ALTO;PAULO ROBERTO FERREIRA concentra 1801.00% dos seus votos no local COLÉGIO ESTADUAL COMENDADOR JOSÉ DA SILVA PEIXOTO, com 134 votos registrados.
134;PENEDO;ALCIDES DE ANDRADE NETO;UNIÃO;COLÉGIO ESTADUAL COMENDADOR JOSÉ DA SILVA PEIXOTO;;;RUA CASTRO ALVES, S/N, EM FRENTE À CODEVASF;;;131;668;1961;REDUTO ESTRATÉGICO;AGENDA IMEDIATA;ALTO;ALCIDES DE ANDRADE NETO concentra 1961.00% dos seus votos no local COLÉGIO ESTADUAL COMENDADOR JOSÉ DA SILVA PEIXOTO, com 131 votos registrados.
135;SAO MIGUEL DOS CAMPOS;DIOGENES ALLYSON ALMEIDA NOVAIS;PP;ESCOLA ANA LINS;Centro;;RUA SENADOR MAXIMO, 130;-9.7797751;-36.0993035;130;1155;1126;REDUTO ESTRATÉGICO;AGENDA IMEDIATA;ALTO;DIOGENES ALLYSON ALMEIDA NOVAIS concentra 1126.00% dos seus votos no local ESCOLA ANA LINS, com 130 votos registrados.
136;MACEIO;JEANNYNE BELTRÃO LIMA SIQUEIRA;PL;UNIMA / AFYA - CENTRO UNIVERSITÁRIO DE MACEIÓ (ANTIGA UNIT);Mangabeiras;;AV GUSTAVO PAIVA, 5017;-9.6478561;-35.7147108;130;6362;204;REDUTO ESTRATÉGICO;AGENDA IMEDIATA;ALTO;JEANNYNE BELTRÃO LIMA SIQUEIRA concentra 204.00% dos seus votos no local UNIMA / AFYA - CENTRO UNIVERSITÁRIO DE MACEIÓ (ANTIGA UNIT), com 130 votos registrados.
137;SAO MIGUEL DOS CAMPOS;GISELDA RODRIGUES CAVALCANTE;MDB;ESCOLA MUNICIPAL DESEMBARGADOR JOSE FERNANDO LIMA SOUZA;São Miguel dos Campos;;RODOVIA BR 101, KM 69;-9.741431;-36.0611185;129;880;1466;REDUTO ESTRATÉGICO;AGENDA IMEDIATA;ALTO;GISELDA RODRIGUES CAVALCANTE concentra 1466.00% dos seus votos no local ESCOLA MUNICIPAL DESEMBARGADOR JOSE FERNANDO LIMA SOUZA, com 129 votos registrados.
138;UNIAO DOS PALMARES;WELLINGTON FERREIRA DOS SANTOS;PDT;ESCOLA ESTADUAL CARLOS GOMES DE BARROS;;;AV. JOÃO LYRA FILHO, S/N;;;129;1050;1229;REDUTO ESTRATÉGICO;AGENDA IMEDIATA;ALTO;WELLINGTON FERREIRA DOS SANTOS concentra 1229.00% dos seus votos no local ESCOLA ESTADUAL CARLOS GOMES DE BARROS, com 129 votos registrados.
139;CORURIPE;FRANCINEY JOAQUIM DOS SANTOS;PSB;ESCOLA MUNICIPAL CLAUDIO DANIEL GAMA AMORIM;Coruripe;;RUA JOSÉ RAIMUNDO DOS SANTOS, 40;-10.118516;-36.1800084;128;792;1616;REDUTO ESTRATÉGICO;AGENDA IMEDIATA;ALTO;FRANCINEY JOAQUIM DOS SANTOS concentra 1616.00% dos seus votos no local ESCOLA MUNICIPAL CLAUDIO DANIEL GAMA AMORIM, com 128 votos registrados.
140;RIO LARGO;CAMILLY CABRAL CORREIA ALVES DE OLIVEIRA;PDT;ESCOLA MUNICIPAL DR. GUSTAVO PAIVA;;;CJ BARNABÉ OITICICA II, SN, MATA DO ROLO;;;124;1294;958;REDUTO ESTRATÉGICO;AGENDA IMEDIATA;ALTO;CAMILLY CABRAL CORREIA ALVES DE OLIVEIRA concentra 958.00% dos seus votos no local ESCOLA MUNICIPAL DR. GUSTAVO PAIVA, com 124 votos registrados.
141;PENEDO;MANOEL MESSIAS LIMA;PSB;COLÉGIO ESTADUAL COMENDADOR JOSÉ DA SILVA PEIXOTO;;;RUA CASTRO ALVES, S/N, EM FRENTE À CODEVASF;;;123;823;1495;REDUTO ESTRATÉGICO;AGENDA IMEDIATA;ALTO;MANOEL MESSIAS LIMA concentra 1495.00% dos seus votos no local COLÉGIO ESTADUAL COMENDADOR JOSÉ DA SILVA PEIXOTO, com 123 votos registrados.
142;UNIAO DOS PALMARES;ALAN ELVES VIEIRA DE OLIVEIRA;PSB;COLEGIO DR. MARIO GOMES DE BARROS;União dos Palmares;;RUA JARDIM BRASILIA 378;-9.1545653;-36.0312271;123;1083;1136;REDUTO ESTRATÉGICO;AGENDA IMEDIATA;ALTO;ALAN ELVES VIEIRA DE OLIVEIRA concentra 1136.00% dos seus votos no local COLEGIO DR. MARIO GOMES DE BARROS, com 123 votos registrados.
143;ARAPIRACA;TULIO SAMPAIO FREIRE;SOLIDARIEDADE;ESCOLA DE ENSINO FUNDAMENTAL ZÉLIA BARBOSA ROCHA;;;RUA DJALMA M. SANTANA;;;123;1956;629;REDUTO ESTRATÉGICO;AGENDA IMEDIATA;ALTO;TULIO SAMPAIO FREIRE concentra 629.00% dos seus votos no local ESCOLA DE ENSINO FUNDAMENTAL ZÉLIA BARBOSA ROCHA, com 123 votos registrados.
144;DELMIRO GOUVEIA;JAMIL CORDEIRO DE ARAUJO FILHO;MDB;VIRGILIA BEZERRA,ESCOLA DE 1 E 2 GRAUS PROFESSORA;;;AV MASCARENHAS DE MORAIS S/N;;;118;1114;1059;REDUTO ESTRATÉGICO;AGENDA IMEDIATA;ALTO;JAMIL CORDEIRO DE ARAUJO FILHO concentra 1059.00% dos seus votos no local VIRGILIA BEZERRA,ESCOLA DE 1 E 2 GRAUS PROFESSORA, com 118 votos registrados.
145;RIO LARGO;EFRAIN VERÇOLINO DA SILVA;AVANTE;GRUPO ESCOLAR OZORIA MOURA DE LIMA;;;RUA  ANTONIO ELIAS CALHEIROS S/N;;;118;1313;899;REDUTO ESTRATÉGICO;AGENDA IMEDIATA;ALTO;EFRAIN VERÇOLINO DA SILVA concentra 899.00% dos seus votos no local GRUPO ESCOLAR OZORIA MOURA DE LIMA, com 118 votos registrados.
146;PENEDO;ANDRESA SANTOS LIMA MENDES;MDB;COLÉGIO DIOCESANO DE PENEDO;;;PÇA. LARGO DE FÁTIMA, PX. À 9A. COORDENADORIA DE ENSINO DE ALAGOAS;;;116;866;1339;REDUTO ESTRATÉGICO;AGENDA IMEDIATA;ALTO;ANDRESA SANTOS LIMA MENDES concentra 1339.00% dos seus votos no local COLÉGIO DIOCESANO DE PENEDO, com 116 votos registrados.
147;RIO LARGO;LUZARDO DE ARAÚJO LISBOA NETO;PDT;ESCOLA MUNICIPAL DR. GUSTAVO PAIVA;;;CJ BARNABÉ OITICICA II, SN, MATA DO ROLO;;;115;1238;929;REDUTO ESTRATÉGICO;AGENDA IMEDIATA;ALTO;LUZARDO DE ARAÚJO LISBOA NETO concentra 929.00% dos seus votos no local ESCOLA MUNICIPAL DR. GUSTAVO PAIVA, com 115 votos registrados.
148;ARAPIRACA;MARIA CAROLINE SOUZA VALERIANO;PODE;ESCOLA DE 1 E 2 GRAUS SENADOR RUI PALMEIRA;Capiatá;;RUA MANOEL NUNES NETO S/N;-9.7414437;-36.6642875;114;2447;466;REDUTO ESTRATÉGICO;AGENDA IMEDIATA;ALTO;MARIA CAROLINE SOUZA VALERIANO concentra 466.00% dos seus votos no local ESCOLA DE 1 E 2 GRAUS SENADOR RUI PALMEIRA, com 114 votos registrados.
149;SAO MIGUEL DOS CAMPOS;JORGE JOSÉ DOS SANTOS CAVALCANTE;PDT;COLEGIO MUNICIPAL LUZINETE E LINDALVA JATOBA;;;AV. SAMPAIO MARQUES, S/N;;;113;966;117;REDUTO ESTRATÉGICO;AGENDA IMEDIATA;ALTO;JORGE JOSÉ DOS SANTOS CAVALCANTE concentra 117.00% dos seus votos no local COLEGIO MUNICIPAL LUZINETE E LINDALVA JATOBA, com 113 votos registrados.
150;MACEIO;JOSÉ NILTON LIMA DE OLIVEIRA;REPUBLICANOS;UNIMA / AFYA - CENTRO UNIVERSITÁRIO DE MACEIÓ (ANTIGA UNIT);Mangabeiras;;AV GUSTAVO PAIVA, 5017;-9.6478561;-35.7147108;110;4704;234;REDUTO ESTRATÉGICO;AGENDA IMEDIATA;ALTO;JOSÉ NILTON LIMA DE OLIVEIRA concentra 234.00% dos seus votos no local UNIMA / AFYA - CENTRO UNIVERSITÁRIO DE MACEIÓ (ANTIGA UNIT), com 110 votos registrados.
151;SAO MIGUEL DOS CAMPOS;BERNARD BOMFIM CORREIA;PDT;COLEGIO MUNICIPAL LUZINETE E LINDALVA JATOBA;;;AV. SAMPAIO MARQUES, S/N;;;110;1146;96;REDUTO ESTRATÉGICO;AGENDA IMEDIATA;ALTO;BERNARD BOMFIM CORREIA concentra 96.00% dos seus votos no local COLEGIO MUNICIPAL LUZINETE E LINDALVA JATOBA, com 110 votos registrados.
152;MARECHAL DEODORO;JANDERSON DA CONCEIÇÃO SANTOS;SOLIDARIEDADE;ESCOLA MUNICIPAL GOVERNADOR LUIZ CAVALCANTE;Vila Cabreiras;;RODOVIA EDVAL LEMOS;-9.7585568;-35.8685101;109;497;2193;REDUTO ESTRATÉGICO;AGENDA IMEDIATA;ALTO;JANDERSON DA CONCEIÇÃO SANTOS concentra 2193.00% dos seus votos no local ESCOLA MUNICIPAL GOVERNADOR LUIZ CAVALCANTE, com 109 votos registrados.
153;PALMEIRA DOS INDIOS;JOSÉ FÁBIO SILVA TARGINO;SOLIDARIEDADE;COLÉGIO ESTADUAL HUMBERTO MENDES;;;AV GOV MUNIZ FALCÃO 701;;;109;780;1397;REDUTO ESTRATÉGICO;AGENDA IMEDIATA;ALTO;JOSÉ FÁBIO SILVA TARGINO concentra 1397.00% dos seus votos no local COLÉGIO ESTADUAL HUMBERTO MENDES, com 109 votos registrados.
154;PALMEIRA DOS INDIOS;GERALDO RIBEIRO LIMA JUNIOR;SOLIDARIEDADE;COLÉGIO ESTADUAL HUMBERTO MENDES;;;AV GOV MUNIZ FALCÃO 701;;;106;853;1243;REDUTO ESTRATÉGICO;AGENDA IMEDIATA;ALTO;GERALDO RIBEIRO LIMA JUNIOR concentra 1243.00% dos seus votos no local COLÉGIO ESTADUAL HUMBERTO MENDES, com 106 votos registrados.
155;ARAPIRACA;JACKELLINE MARIA BARBOSA ALMEIDA;MDB;COLÉGIO QUINTELA CAVALCANTE;Eldorado;;AV. VENTURA DE FARIAS S/N;-9.7466266;-36.6673366;106;2020;525;REDUTO ESTRATÉGICO;AGENDA IMEDIATA;ALTO;JACKELLINE MARIA BARBOSA ALMEIDA concentra 525.00% dos seus votos no local COLÉGIO QUINTELA CAVALCANTE, com 106 votos registrados.
156;SAO MIGUEL DOS CAMPOS;SIMONE DE LIMA E SILVA;PV;ESCOLA MUNICIPAL PROFESSORA INEIDE NOGUEIRA ROCHA;;;RUA ALÍCIA VITÓRIA URBANO DE OLIVEIRA LOPES, QUADRA O1, S/N;;;104;752;1383;REDUTO ESTRATÉGICO;AGENDA IMEDIATA;ALTO;SIMONE DE LIMA E SILVA concentra 1383.00% dos seus votos no local ESCOLA MUNICIPAL PROFESSORA INEIDE NOGUEIRA ROCHA, com 104 votos registrados.
157;DELMIRO GOUVEIA;CARLOS GABRIEL VARJÃO CORREIA DA SILVA;PSB;MANOEL MOURA, COLEGIO DE 1 GRAU;;;POVOADO BARRAGEM;;;103;777;1326;REDUTO ESTRATÉGICO;AGENDA IMEDIATA;ALTO;CARLOS GABRIEL VARJÃO CORREIA DA SILVA concentra 1326.00% dos seus votos no local MANOEL MOURA, COLEGIO DE 1 GRAU, com 103 votos registrados.
158;SAO MIGUEL DOS CAMPOS;JALON CABRAL DE OLIVEIRA SILVA;PP;ESCOLA MUNICIPAL DESEMBARGADOR JOSE FERNANDO LIMA SOUZA;São Miguel dos Campos;;RODOVIA BR 101, KM 69;-9.741431;-36.0611185;103;793;1299;REDUTO ESTRATÉGICO;AGENDA IMEDIATA;ALTO;JALON CABRAL DE OLIVEIRA SILVA concentra 1299.00% dos seus votos no local ESCOLA MUNICIPAL DESEMBARGADOR JOSE FERNANDO LIMA SOUZA, com 103 votos registrados.
159;DELMIRO GOUVEIA;JOSE IVAM DE ARAUJO JUNIOR;PT;JOSE CORREIA DOS SANTOS,GRUPO ESCOLAR;;;POVOADO SINIMBU;;;103;824;125;REDUTO ESTRATÉGICO;AGENDA IMEDIATA;ALTO;JOSE IVAM DE ARAUJO JUNIOR concentra 125.00% dos seus votos no local JOSE CORREIA DOS SANTOS,GRUPO ESCOLAR, com 103 votos registrados.
160;MARECHAL DEODORO;JORGE AFFONSO BARROS DE MELLO;REPUBLICANOS;ESCOLA ESTADUAL ROSA MARIA PAULINA DA FONSECA;Centro;;AV SÃO JOSÉ SN;-9.7102397;-35.8959836;99;620;1597;REDUTO FORTE;CURTO PRAZO;MÉDIO;JORGE AFFONSO BARROS DE MELLO concentra 1597.00% dos seus votos no local ESCOLA ESTADUAL ROSA MARIA PAULINA DA FONSECA, com 99 votos registrados.
161;ARAPIRACA;RODRIGO JOSÉ DA SILVA;PMB;ESCOLA DE 1 GRAU MANOEL LUCIO DA SILVA;Alto do Cruzeiro;;RUA MANOEL LÚCIO S/N;-9.7464382;-36.6524184;98;1510;649;REDUTO FORTE;CURTO PRAZO;MÉDIO;RODRIGO JOSÉ DA SILVA concentra 649.00% dos seus votos no local ESCOLA DE 1 GRAU MANOEL LUCIO DA SILVA, com 98 votos registrados.
162;CORURIPE;FRAUDENICIO JOAQUIM DOS SANTOS;SOLIDARIEDADE;ESCOLA ESTADUAL DJALMA BARROS SIQUEIRA;;;RUA PERNAMBUCO NOVO, S/N;;;96;533;1801;REDUTO FORTE;CURTO PRAZO;MÉDIO;FRAUDENICIO JOAQUIM DOS SANTOS concentra 1801.00% dos seus votos no local ESCOLA ESTADUAL DJALMA BARROS SIQUEIRA, com 96 votos registrados.
163;ARAPIRACA;JOSÉ BARBOSA DA SILVA;PT;ESCOLA DE 1 E 2 GRAUS SENADOR RUI PALMEIRA;Capiatá;;RUA MANOEL NUNES NETO S/N;-9.7414437;-36.6642875;95;477;1992;REDUTO FORTE;CURTO PRAZO;MÉDIO;JOSÉ BARBOSA DA SILVA concentra 1992.00% dos seus votos no local ESCOLA DE 1 E 2 GRAUS SENADOR RUI PALMEIRA, com 95 votos registrados.
164;PENEDO;DAVI SILVA DE OLIVEIRA;UNIÃO;ESCOLA MUNICIPAL VEREADOR MANOEL SOARES DE MELO;;;RUA FLORIANO ROSA, S/N, PX. AO POSTO DE SAÚDE, CONJUNTO VILA MATIAS;;;94;538;1747;REDUTO FORTE;CURTO PRAZO;MÉDIO;DAVI SILVA DE OLIVEIRA concentra 1747.00% dos seus votos no local ESCOLA MUNICIPAL VEREADOR MANOEL SOARES DE MELO, com 94 votos registrados.
165;PENEDO;WESLEY MARQUES DE OLIVEIRA;SOLIDARIEDADE;COLÉGIO ESTADUAL COMENDADOR JOSÉ DA SILVA PEIXOTO;;;RUA CASTRO ALVES, S/N, EM FRENTE À CODEVASF;;;92;715;1287;REDUTO FORTE;CURTO PRAZO;MÉDIO;WESLEY MARQUES DE OLIVEIRA concentra 1287.00% dos seus votos no local COLÉGIO ESTADUAL COMENDADOR JOSÉ DA SILVA PEIXOTO, com 92 votos registrados.
166;MARECHAL DEODORO;JOÃO PAULO ALVES DA SILVA;PDT;INSTITUTO FEDERAL DE ALAGOAS IF/AL;Centro;;RUA LOURIVAL ALFREDO N 176;-9.7129729;-35.8940606;91;842;1081;REDUTO FORTE;CURTO PRAZO;MÉDIO;JOÃO PAULO ALVES DA SILVA concentra 1081.00% dos seus votos no local INSTITUTO FEDERAL DE ALAGOAS IF/AL, com 91 votos registrados.
167;UNIAO DOS PALMARES;CLAUDE FERNANDO DE LIMA;PSD;ESCOLA ESTADUAL CARLOS GOMES DE BARROS;;;AV. JOÃO LYRA FILHO, S/N;;;89;359;2479;REDUTO FORTE;CURTO PRAZO;MÉDIO;CLAUDE FERNANDO DE LIMA concentra 2479.00% dos seus votos no local ESCOLA ESTADUAL CARLOS GOMES DE BARROS, com 89 votos registrados.
168;UNIAO DOS PALMARES;RICARDO LEAO PRAXEDES;PL;ESCOLA MUNICIPAL JAIRO CORREIA VIANA;União dos Palmares;;RUA TAVARES BASTOS 206;-9.157438;-36.0311805;87;793;1097;REDUTO FORTE;CURTO PRAZO;MÉDIO;RICARDO LEAO PRAXEDES concentra 1097.00% dos seus votos no local ESCOLA MUNICIPAL JAIRO CORREIA VIANA, com 87 votos registrados.
169;MACEIO;SILVIO SAMPAIO CAMELO;PV;ESCOLA DE ENS. FUND. NOSSO LAR I;;;RUA SAMPAIO DORIA, S/N;;;87;5311;164;REDUTO FORTE;CURTO PRAZO;MÉDIO;SILVIO SAMPAIO CAMELO concentra 164.00% dos seus votos no local ESCOLA DE ENS. FUND. NOSSO LAR I, com 87 votos registrados.
170;ARAPIRACA;FÁBIO ROGÉRIO PEREIRA CHAVES;PSB;ESCOLA DE 1 E 2 GRAUS SENADOR RUI PALMEIRA;Capiatá;;RUA MANOEL NUNES NETO S/N;-9.7414437;-36.6642875;84;1695;496;REDUTO FORTE;CURTO PRAZO;MÉDIO;FÁBIO ROGÉRIO PEREIRA CHAVES concentra 496.00% dos seus votos no local ESCOLA DE 1 E 2 GRAUS SENADOR RUI PALMEIRA, com 84 votos registrados.
171;RIO LARGO;JOSÉ LAMARTINE LIMA DOS SANTOS;MDB;ESCOLA MUNICIPAL DR. GUSTAVO PAIVA;;;CJ BARNABÉ OITICICA II, SN, MATA DO ROLO;;;80;397;2015;REDUTO FORTE;CURTO PRAZO;MÉDIO;JOSÉ LAMARTINE LIMA DOS SANTOS concentra 2015.00% dos seus votos no local ESCOLA MUNICIPAL DR. GUSTAVO PAIVA, com 80 votos registrados.
172;ARAPIRACA;GIVALDO DUARTE DE ASSIS;PL;ESCOLA DE ENSINO FUNDAMENTAL MANOEL HUMBERTO DA COSTA;;;SÍTIO BATINGAS;;;80;1747;458;REDUTO FORTE;CURTO PRAZO;MÉDIO;GIVALDO DUARTE DE ASSIS concentra 458.00% dos seus votos no local ESCOLA DE ENSINO FUNDAMENTAL MANOEL HUMBERTO DA COSTA, com 80 votos registrados.
173;PENEDO;EDILSON COMPANHEIRO SANTOS;PP;SESI - SENAI / UNIDADE PENEDO;Dom Constatino;;AV. WANDERLEY, 922;-10.2822946;-36.5653561;76;467;1627;REDUTO FORTE;CURTO PRAZO;MÉDIO;EDILSON COMPANHEIRO SANTOS concentra 1627.00% dos seus votos no local SESI - SENAI / UNIDADE PENEDO, com 76 votos registrados.
174;ARAPIRACA;MARÍLIA ALMEIDA DE ALBUQUERQUE MELO;PT;COLÉGIO SÃO FRANCISCO DE ASSIS;Senador Teotônio Vilela;;RUA DOM FELÍCIO DE VASCONCELOS S/N;-9.7445436;-36.659204;75;1660;452;REDUTO FORTE;CURTO PRAZO;MÉDIO;MARÍLIA ALMEIDA DE ALBUQUERQUE MELO concentra 452.00% dos seus votos no local COLÉGIO SÃO FRANCISCO DE ASSIS, com 75 votos registrados.
175;PALMEIRA DOS INDIOS;IVANILDO BERNARDO RIO;PMB;FACULDADE CESMAC DO SERTÃO;;;RUA BRAÚLIO MONTENEGRO, S/N, VILA MARIA;;;71;371;1914;REDUTO FORTE;CURTO PRAZO;MÉDIO;IVANILDO BERNARDO RIO concentra 1914.00% dos seus votos no local FACULDADE CESMAC DO SERTÃO, com 71 votos registrados.
176;UNIAO DOS PALMARES;LUCAS JOSE DE SIQUEIRA PAES BEZERRA;PMB;COLEGIO DE ENSINO FUNDAMENTAL MONSENHOR CLOVIS DUARTE DE BARROS;União dos Palmares;;RUA JARDIM BRASILIA;-9.1545653;-36.0312271;70;585;1197;REDUTO FORTE;CURTO PRAZO;MÉDIO;LUCAS JOSE DE SIQUEIRA PAES BEZERRA concentra 1197.00% dos seus votos no local COLEGIO DE ENSINO FUNDAMENTAL MONSENHOR CLOVIS DUARTE DE BARROS, com 70 votos registrados.
177;RIO LARGO;CICERO ALVES DE OMENA;MDB;GRUPO ESCOLAR MANOEL SOARES DE SOUZA;;;VILA RAUL S/N;;;69;548;1259;REDUTO FORTE;CURTO PRAZO;MÉDIO;CICERO ALVES DE OMENA concentra 1259.00% dos seus votos no local GRUPO ESCOLAR MANOEL SOARES DE SOUZA, com 69 votos registrados.
178;MARECHAL DEODORO;MARCELO CALDAS NUNES;PL;ESCOLA MUNICIPAL CARLOS AVELINO DA SILVA;;;RES MARIA GISLENE MATHEUS, S/N;;;67;727;922;REDUTO FORTE;CURTO PRAZO;MÉDIO;MARCELO CALDAS NUNES concentra 922.00% dos seus votos no local ESCOLA MUNICIPAL CARLOS AVELINO DA SILVA, com 67 votos registrados.
179;RIO LARGO;SAMEA RAFAELLA TORRES TENÓRIO MASCARENHAS;REPUBLICANOS;ESCOLA MUNICIPAL DR. GUSTAVO PAIVA;;;CJ BARNABÉ OITICICA II, SN, MATA DO ROLO;;;64;580;1103;REDUTO FORTE;CURTO PRAZO;MÉDIO;SAMEA RAFAELLA TORRES TENÓRIO MASCARENHAS concentra 1103.00% dos seus votos no local ESCOLA MUNICIPAL DR. GUSTAVO PAIVA, com 64 votos registrados.
180;SAO MIGUEL DOS CAMPOS;JADIELSON VIEIRA DOS SANTOS;PRD;COLEGIO MUNICIPAL LUZINETE E LINDALVA JATOBA;;;AV. SAMPAIO MARQUES, S/N;;;61;474;1287;REDUTO FORTE;CURTO PRAZO;MÉDIO;JADIELSON VIEIRA DOS SANTOS concentra 1287.00% dos seus votos no local COLEGIO MUNICIPAL LUZINETE E LINDALVA JATOBA, com 61 votos registrados.
181;MACEIO;LUIZ CARLOS DOS SANTOS;REPUBLICANOS;E.M. TRADUTOR JOÃO SAMPAIO;;;PRAÇA CENTRAL, S/N, CONJ. JOÃO SAMPAIO I;;;60;2680;224;REDUTO FORTE;CURTO PRAZO;MÉDIO;LUIZ CARLOS DOS SANTOS concentra 224.00% dos seus votos no local E.M. TRADUTOR JOÃO SAMPAIO, com 60 votos registrados.
182;PALMEIRA DOS INDIOS;PAULA FERNANDA FERREIRA COSTA RAMOS;PDT;COLÉGIO ESTADUAL HUMBERTO MENDES;;;AV GOV MUNIZ FALCÃO 701;;;53;330;1606;REDUTO FORTE;CURTO PRAZO;MÉDIO;PAULA FERNANDA FERREIRA COSTA RAMOS concentra 1606.00% dos seus votos no local COLÉGIO ESTADUAL HUMBERTO MENDES, com 53 votos registrados.
183;ARAPIRACA;GERALDO BALBINO DA SILVA;PT;ESCOLA DE ENSINO FUNDAMENTAL ENÉAS BENEDITO DOS SANTOS;;;POVOADO CANGANDU S/N;;;53;385;1377;REDUTO FORTE;CURTO PRAZO;MÉDIO;GERALDO BALBINO DA SILVA concentra 1377.00% dos seus votos no local ESCOLA DE ENSINO FUNDAMENTAL ENÉAS BENEDITO DOS SANTOS, com 53 votos registrados.
184;RIO LARGO;ABERILDO MARIZ FERREIRA;MDB;ESCOLA MUNICIPAL DR. GUSTAVO PAIVA;;;CJ BARNABÉ OITICICA II, SN, MATA DO ROLO;;;52;479;1086;REDUTO FORTE;CURTO PRAZO;MÉDIO;ABERILDO MARIZ FERREIRA concentra 1086.00% dos seus votos no local ESCOLA MUNICIPAL DR. GUSTAVO PAIVA, com 52 votos registrados.
185;ARAPIRACA;ALTAMIRES ALVES DA SILVA;REPUBLICANOS;ESCOLA PEDRO SURUAGY;Itapoã;;RUA NOSSA SENHORA DA SALETE S/N;-9.7509333;-36.6431771;52;648;802;REDUTO FORTE;CURTO PRAZO;MÉDIO;ALTAMIRES ALVES DA SILVA concentra 802.00% dos seus votos no local ESCOLA PEDRO SURUAGY, com 52 votos registrados.
186;MACEIO;JOSÉ PAULO DA CONCEIÇÃO;REPUBLICANOS;ESC. EST. MIRAN MARROQUIM;;;RUA DA LIBERDADE, S/N - PIABAS;;;46;320;1437;REDUTO RELEVANTE;MÉDIO PRAZO;BAIXO;JOSÉ PAULO DA CONCEIÇÃO concentra 1437.00% dos seus votos no local ESC. EST. MIRAN MARROQUIM, com 46 votos registrados.
187;ARAPIRACA;JOSE LUCIO DE SOUSA;PMB;ESCOLA DE 1 GRAU MANOEL LUCIO DA SILVA;Alto do Cruzeiro;;RUA MANOEL LÚCIO S/N;-9.7464382;-36.6524184;39;654;596;REDUTO RELEVANTE;MÉDIO PRAZO;BAIXO;JOSE LUCIO DE SOUSA concentra 596.00% dos seus votos no local ESCOLA DE 1 GRAU MANOEL LUCIO DA SILVA, com 39 votos registrados.
188;ARAPIRACA;VALQUIRIA RAQUEL FERREIRA DA COSTA;REPUBLICANOS;GRUPO ESCOLAR JOÃO BATISTA PEREIRA;;;COHAB NOVA S/N;;;38;371;1024;REDUTO RELEVANTE;MÉDIO PRAZO;BAIXO;VALQUIRIA RAQUEL FERREIRA DA COSTA concentra 1024.00% dos seus votos no local GRUPO ESCOLAR JOÃO BATISTA PEREIRA, com 38 votos registrados.
189;ARAPIRACA;DANIELLE KARINE NUNES SILVA;REPUBLICANOS;ESCOLA DE 1 E 2 GRAUS SENADOR RUI PALMEIRA;Capiatá;;RUA MANOEL NUNES NETO S/N;-9.7414437;-36.6642875;38;607;626;REDUTO RELEVANTE;MÉDIO PRAZO;BAIXO;DANIELLE KARINE NUNES SILVA concentra 626.00% dos seus votos no local ESCOLA DE 1 E 2 GRAUS SENADOR RUI PALMEIRA, com 38 votos registrados.
190;ARAPIRACA;JOSE CICERO DA CONCEICAO SANTOS;PMB;GRUPO ESCOLAR JOÃO BATISTA PEREIRA;;;COHAB NOVA S/N;;;34;478;711;REDUTO RELEVANTE;MÉDIO PRAZO;BAIXO;JOSE CICERO DA CONCEICAO SANTOS concentra 711.00% dos seus votos no local GRUPO ESCOLAR JOÃO BATISTA PEREIRA, com 34 votos registrados.
191;MACEIO;MARCELO BARBOSA DE LIMA;REPUBLICANOS;ESCOLA DE ENSINO FUNDAMENTAL DR JOSE HAROLDO DA COSTA;;;CONJ. SALVADOR LIRA, S/N;;;34;922;369;REDUTO RELEVANTE;MÉDIO PRAZO;BAIXO;MARCELO BARBOSA DE LIMA concentra 369.00% dos seus votos no local ESCOLA DE ENSINO FUNDAMENTAL DR JOSE HAROLDO DA COSTA, com 34 votos registrados.
192;MACEIO;KAYO GUSTAVO FRAGOSO CARNEIRO DA CUNHA;REPUBLICANOS;ESCOLA DE ENSINO FUNDAMENTAL DR JOSE HAROLDO DA COSTA;;;CONJ. SALVADOR LIRA, S/N;;;32;724;442;REDUTO RELEVANTE;MÉDIO PRAZO;BAIXO;KAYO GUSTAVO FRAGOSO CARNEIRO DA CUNHA concentra 442.00% dos seus votos no local ESCOLA DE ENSINO FUNDAMENTAL DR JOSE HAROLDO DA COSTA, com 32 votos registrados.
193;RIO LARGO;JOSÉ BENEDITO LOPES PEIXOTO;MDB;ESCOLA ESTADUAL SANTOS DUMONT;;;BR 104 - DESTACAMENTO DA FAB - VILA MILITAR;;;31;348;891;REDUTO RELEVANTE;MÉDIO PRAZO;BAIXO;JOSÉ BENEDITO LOPES PEIXOTO concentra 891.00% dos seus votos no local ESCOLA ESTADUAL SANTOS DUMONT, com 31 votos registrados.
194;MACEIO;JOSAN LEITE PEREIRA BARROS;REPUBLICANOS;CRECHE ESCOLA ESPAÇO EDUCAR;Ponta Verde;;RUA PROFESSOR SANDOVAL ARROXELAS, N. 510;-9.6588344;-35.7046403;31;368;842;REDUTO RELEVANTE;MÉDIO PRAZO;BAIXO;JOSAN LEITE PEREIRA BARROS concentra 842.00% dos seus votos no local CRECHE ESCOLA ESPAÇO EDUCAR, com 31 votos registrados.
195;ARAPIRACA;MARCO CÉSAR LIMA DOS SANTOS;PMB;ESCOLA DE 1 E 2 GRAUS SENADOR RUI PALMEIRA;Capiatá;;RUA MANOEL NUNES NETO S/N;-9.7414437;-36.6642875;25;338;74;REDUTO RELEVANTE;MÉDIO PRAZO;BAIXO;MARCO CÉSAR LIMA DOS SANTOS concentra 74.00% dos seus votos no local ESCOLA DE 1 E 2 GRAUS SENADOR RUI PALMEIRA, com 25 votos registrados.
196;MACEIO;ERICKSON HOLANDA PADILHA BOMFIM;REPUBLICANOS;UNIMA / AFYA - CENTRO UNIVERSITÁRIO DE MACEIÓ (ANTIGA UNIT);Mangabeiras;;AV GUSTAVO PAIVA, 5017;-9.6478561;-35.7147108;23;805;286;REDUTO RELEVANTE;MÉDIO PRAZO;BAIXO;ERICKSON HOLANDA PADILHA BOMFIM concentra 286.00% dos seus votos no local UNIMA / AFYA - CENTRO UNIVERSITÁRIO DE MACEIÓ (ANTIGA UNIT), com 23 votos registrados.
197;ARAPIRACA;SIDNEY VIEIRA BARBOSA;REPUBLICANOS;ESCOLA DE ENSINO FUNDAMENTAL ENÉAS BENEDITO DOS SANTOS;;;POVOADO CANGANDU S/N;;;21;332;633;REDUTO RELEVANTE;MÉDIO PRAZO;BAIXO;SIDNEY VIEIRA BARBOSA concentra 633.00% dos seus votos no local ESCOLA DE ENSINO FUNDAMENTAL ENÉAS BENEDITO DOS SANTOS, com 21 votos registrados.
198;MACEIO;LEANDRO ROSA DE SOUZA;REPUBLICANOS;UNIMA / AFYA - CENTRO UNIVERSITÁRIO DE MACEIÓ (ANTIGA UNIT);Mangabeiras;;AV GUSTAVO PAIVA, 5017;-9.6478561;-35.7147108;21;517;406;REDUTO RELEVANTE;MÉDIO PRAZO;BAIXO;LEANDRO ROSA DE SOUZA concentra 406.00% dos seus votos no local UNIMA / AFYA - CENTRO UNIVERSITÁRIO DE MACEIÓ (ANTIGA UNIT), com 21 votos registrados.
199;MACEIO;NIVALDO MESSIAS DA SILVA JUNIOR;REPUBLICANOS;COLÉGIO DLINS;Salvador Lyra;;RUA PEDROSA, 225;-9.5765452;-35.7676922;20;699;286;REDUTO RELEVANTE;MÉDIO PRAZO;BAIXO;NIVALDO MESSIAS DA SILVA JUNIOR concentra 286.00% dos seus votos no local COLÉGIO DLINS, com 20 votos registrados.
