municipio;local_votacao;endereco_local_votacao;qtd_secoes;qtd_vereadores;votos_totais;chave_local
ARAPIRACA;COLÉGIO QUINTELA CAVALCANTE;AV. VENTURA DE FARIAS S/N;16;96;3022;ARAPIRACA|COLEGIO QUINTELA CAVALCANTE|AV. VENTURA DE FARIAS S/N
ARAPIRACA;ESCOLA DE 1 E 2 GRAUS SENADOR RUI PALMEIRA;RUA MANOEL NUNES NETO S/N;16;102;2981;ARAPIRACA|ESCOLA DE 1 E 2 GRAUS SENADOR RUI PALMEIRA|RUA MANOEL NUNES NETO S/N
ARAPIRACA;ESCOLA DE ENSINO FUNDAMENTAL ENÉAS BENEDITO DOS SANTOS;POVOADO CANGANDU S/N;11;56;2836;ARAPIRACA|ESCOLA DE ENSINO FUNDAMENTAL ENEAS BENEDITO DOS SANTOS|POVOADO CANGANDU S/N
ARAPIRACA;ESCOLA PROFESSORA IZAURA ANTÔNIA LISBOA;RUA ANTÔNIO MARROQUIM S/N;14;96;2506;ARAPIRACA|ESCOLA PROFESSORA IZAURA ANTONIA LISBOA|RUA ANTONIO MARROQUIM S/N
ARAPIRACA;ESCOLA DE 1 GRAU FERNANDO COLLOR DE MELLO;POVOADO CANAÃ S/N;10;59;2301;ARAPIRACA|ESCOLA DE 1 GRAU FERNANDO COLLOR DE MELLO|POVOADO CANAA S/N
ARAPIRACA;ESCOLA AURINO MACIEL;RUA DOM FELÍCIO VASCONCELOS,S/N;12;92;2264;ARAPIRACA|ESCOLA AURINO MACIEL|RUA DOM FELICIO VASCONCELOS,S/N
ARAPIRACA;ESCOLA DE ENSINO FUNDAMENTAL MANOEL HUMBERTO DA COSTA;SÍTIO BATINGAS;10;68;2207;ARAPIRACA|ESCOLA DE ENSINO FUNDAMENTAL MANOEL HUMBERTO DA COSTA|SITIO BATINGAS
ARAPIRACA;GRUPO ESCOLAR ANTÔNIO CEZÁRIO DE OLIVEIRA;VILA SAÕ JOSÉ S/N;8;50;2134;ARAPIRACA|GRUPO ESCOLAR ANTONIO CEZARIO DE OLIVEIRA|VILA SAO JOSE S/N
ARAPIRACA;ESCOLA DE 1 GRAU MANOEL LUCIO DA SILVA;RUA MANOEL LÚCIO S/N;12;96;1916;ARAPIRACA|ESCOLA DE 1 GRAU MANOEL LUCIO DA SILVA|RUA MANOEL LUCIO S/N
ARAPIRACA;GRUPO ESCOLAR DJALMA MATHEUS SANTANA;RUA ROSENDO LIMA S/N;10;91;1908;ARAPIRACA|GRUPO ESCOLAR DJALMA MATHEUS SANTANA|RUA ROSENDO LIMA S/N
ARAPIRACA;COLÉGIO SÃO FRANCISCO DE ASSIS;RUA DOM FELÍCIO DE VASCONCELOS S/N;11;91;1906;ARAPIRACA|COLEGIO SAO FRANCISCO DE ASSIS|RUA DOM FELICIO DE VASCONCELOS S/N
ARAPIRACA;ESCOLA ENSINO FUNDAMENTAL DIVALDO SURUAGY;RUA ADERVAL INÁCIO DA SILVA, 45, BRASÍLIA, ARAPIRACA;10;89;1895;ARAPIRACA|ESCOLA ENSINO FUNDAMENTAL DIVALDO SURUAGY|RUA ADERVAL INACIO DA SILVA, 45, BRASILIA, ARAPIRACA
ARAPIRACA;ESCOLA ALTERNATIVA;RUA FLORIANO PEIXOTO, 98;10;81;1859;ARAPIRACA|ESCOLA ALTERNATIVA|RUA FLORIANO PEIXOTO, 98
ARAPIRACA;UNEAL UNIVERSIDADE ESTADUAL DE ALAGOAS;RUA GOVERNADOR LUIZ CAVALCANTE;13;88;1833;ARAPIRACA|UNEAL UNIVERSIDADE ESTADUAL DE ALAGOAS|RUA GOVERNADOR LUIZ CAVALCANTE
ARAPIRACA;ESCOLA DE 1 GRAU MANOEL ANDRÉ;AV.  JOSE LÚCIO DA SILVA S/N;10;78;1811;ARAPIRACA|ESCOLA DE 1 GRAU MANOEL ANDRE|AV. JOSE LUCIO DA SILVA S/N
ARAPIRACA;ESCOLA DE ENSINO FUNDAMENTAL CLAUDECY BISPO DOS SANTOS;RUA JOSÉ C. DE FARIAS;10;81;1798;ARAPIRACA|ESCOLA DE ENSINO FUNDAMENTAL CLAUDECY BISPO DOS SANTOS|RUA JOSE C. DE FARIAS
ARAPIRACA;ESCOLA DE 1 GRAU PARQUE LIONS;RUA GOV. AFRÂNIO LAGES S/N;9;83;1740;ARAPIRACA|ESCOLA DE 1 GRAU PARQUE LIONS|RUA GOV. AFRANIO LAGES S/N
ARAPIRACA;ESCOLA DE 1 GRAU ARTUR RAMOS;RUA COSTA CAVALCANTE, S/N;9;82;1709;ARAPIRACA|ESCOLA DE 1 GRAU ARTUR RAMOS|RUA COSTA CAVALCANTE, S/N
ARAPIRACA;GRUPO ESCOLAR JOSE PEREIRA LÚCIO;POVOADO BANANEIRAS S/N;9;57;1702;ARAPIRACA|GRUPO ESCOLAR JOSE PEREIRA LUCIO|POVOADO BANANEIRAS S/N
ARAPIRACA;ESCOLA PROFESSOR LUIZ ALBERTO DE MELO;POVOADO PAU D ARCO S/N;8;57;1693;ARAPIRACA|ESCOLA PROFESSOR LUIZ ALBERTO DE MELO|POVOADO PAU D ARCO S/N
ARAPIRACA;GRUPO ESCOLAR 31 DE MARÇO;RUA BRASILIA S/N;11;80;1684;ARAPIRACA|GRUPO ESCOLAR 31 DE MARCO|RUA BRASILIA S/N
ARAPIRACA;ESCOLA ESTADUAL DE EDUCACAO BASICA COSTA REGO;RUA GOVERNADOR LUIZ CAVALCANTE S/N;14;84;1635;ARAPIRACA|ESCOLA ESTADUAL DE EDUCACAO BASICA COSTA REGO|RUA GOVERNADOR LUIZ CAVALCANTE S/N
ARAPIRACA;ESCOLA JOÃO SATURNINO DE ALMEIDA;AV. JOÃO SATURNINO S/N;8;76;1630;ARAPIRACA|ESCOLA JOAO SATURNINO DE ALMEIDA|AV. JOAO SATURNINO S/N
ARAPIRACA;ESCOLA DE 1 GRAU PROFESSOR JAYME DE ALTAVILLA;RUA SANTOS DUMONT, 623;8;77;1595;ARAPIRACA|ESCOLA DE 1 GRAU PROFESSOR JAYME DE ALTAVILLA|RUA SANTOS DUMONT, 623
ARAPIRACA;ESCOLA DE 1 E 2 GRAUS ROSA MISTICA;RUA ESTUDANTE JOSÉ DE OLIVEIRA LEITE S/N;12;80;1557;ARAPIRACA|ESCOLA DE 1 E 2 GRAUS ROSA MISTICA|RUA ESTUDANTE JOSE DE OLIVEIRA LEITE S/N
ARAPIRACA;ESCOLA DE ENSINO FUNDAMENTAL CLEONICE BARBOSA DE ALMEIDA;CONJUNTO BRISA DO LAGO - OLHO DAGUA DOS CAZUZINHO;7;75;1410;ARAPIRACA|ESCOLA DE ENSINO FUNDAMENTAL CLEONICE BARBOSA DE ALMEIDA|CONJUNTO BRISA DO LAGO - OLHO DAGUA DOS CAZUZINHO
ARAPIRACA;GRUPO ESCOLAR DOMINGOS LOPES;RUA VEREADOR DOMINGOS LOPES S/N;8;67;1406;ARAPIRACA|GRUPO ESCOLAR DOMINGOS LOPES|RUA VEREADOR DOMINGOS LOPES S/N
ARAPIRACA;GRUPO ESCOLAR JOÃO BATISTA PEREIRA;COHAB NOVA S/N;8;80;1394;ARAPIRACA|GRUPO ESCOLAR JOAO BATISTA PEREIRA|COHAB NOVA S/N
ARAPIRACA;GRUPO ESCOLAR CÔNEGO EPITÁCIO RODRIGUES;VILA SAO FRANCISCO;5;40;1380;ARAPIRACA|GRUPO ESCOLAR CONEGO EPITACIO RODRIGUES|VILA SAO FRANCISCO
ARAPIRACA;ESCOLA DE ENSINO FUNDAMENTAL ZÉLIA BARBOSA ROCHA;RUA DJALMA M. SANTANA;8;75;1281;ARAPIRACA|ESCOLA DE ENSINO FUNDAMENTAL ZELIA BARBOSA ROCHA|RUA DJALMA M. SANTANA
ARAPIRACA;GRUPO ESCOLAR CRISPINIANO DE BRITO;RUA MANOEL LEAL S/N;8;84;1266;ARAPIRACA|GRUPO ESCOLAR CRISPINIANO DE BRITO|RUA MANOEL LEAL S/N
ARAPIRACA;GRUPO ESCOLAR PEDRO CORREIA DAS GRAÇAS;RUA VICENTE NUNES S/N;7;68;1160;ARAPIRACA|GRUPO ESCOLAR PEDRO CORREIA DAS GRACAS|RUA VICENTE NUNES S/N
ARAPIRACA;ESCOLA PEDRO SURUAGY;RUA NOSSA SENHORA DA SALETE S/N;7;76;1155;ARAPIRACA|ESCOLA PEDRO SURUAGY|RUA NOSSA SENHORA DA SALETE S/N
ARAPIRACA;ESCOLA DE ENSINO FUNDAMENTAL PONTES DE MIRANDA;RUA LINO ROBERTO;7;75;1142;ARAPIRACA|ESCOLA DE ENSINO FUNDAMENTAL PONTES DE MIRANDA|RUA LINO ROBERTO
ARAPIRACA;ESCOLAR ANA BERNARDES SILVEIRA;SERRA DOS FERREIRA S/N;6;49;1142;ARAPIRACA|ESCOLAR ANA BERNARDES SILVEIRA|SERRA DOS FERREIRA S/N
ARAPIRACA;ESCOLA LINDAUVA EULÁLIA DE FARIAS;POVOADO BAIXA GRANDE DE DENTRO;5;58;1130;ARAPIRACA|ESCOLA LINDAUVA EULALIA DE FARIAS|POVOADO BAIXA GRANDE DE DENTRO
ARAPIRACA;ESCOLA DE ENSINO FUNDAMENTAL LOJA MAÇONICA;RUA JOSÉ CLOVIS R. DE BARROS;7;70;1116;ARAPIRACA|ESCOLA DE ENSINO FUNDAMENTAL LOJA MACONICA|RUA JOSE CLOVIS R. DE BARROS
ARAPIRACA;ESCOLA ESTADUAL DE EDUCAÇÃO BÁSICA PROF. PEDRO DE FRANÇA REIS;RUA ANTONIO MARROQUIM, 511;6;79;1094;ARAPIRACA|ESCOLA ESTADUAL DE EDUCACAO BASICA PROF. PEDRO DE FRANCA REIS|RUA ANTONIO MARROQUIM, 511
ARAPIRACA;GRUPO ESCOLAR ADRIANO JORGE;AV. RIO BRANCO S/N;7;83;1073;ARAPIRACA|GRUPO ESCOLAR ADRIANO JORGE|AV. RIO BRANCO S/N
ARAPIRACA;ESCOLA DE ENSINO FUNDAMENTAL JESUS REDENTOR;RUA MANÉ GARRINCHA, S/N;7;73;1034;ARAPIRACA|ESCOLA DE ENSINO FUNDAMENTAL JESUS REDENTOR|RUA MANE GARRINCHA, S/N
ARAPIRACA;ESCOLA DE ENSINO FUNDAMENTAL GUIMARÃES PASSOS;VILA FERNANDES;4;41;1010;ARAPIRACA|ESCOLA DE ENSINO FUNDAMENTAL GUIMARAES PASSOS|VILA FERNANDES
ARAPIRACA;ANEXO ESCOLA JAYME DE ALTAVILLA;AV. MIGUEL CORREIA S/N;5;70;1009;ARAPIRACA|ANEXO ESCOLA JAYME DE ALTAVILLA|AV. MIGUEL CORREIA S/N
ARAPIRACA;ESCOLA DE ENSINO FUND. EM TEMPO INTEGRAL PROF.BENILDO BARBOSA MEDEIROS;RUA ENGENHEIRO CAMILO COLLIER, S/N;6;69;983;ARAPIRACA|ESCOLA DE ENSINO FUND. EM TEMPO INTEGRAL PROF.BENILDO BARBOSA MEDEIROS|RUA ENGENHEIRO CAMILO COLLIER, S/N
ARAPIRACA;GRUPO ESCOLAR TIBÚRCIO VALERIANO DA SILVA;RUA PRESIDENTE DUTRA S/N;11;73;931;ARAPIRACA|GRUPO ESCOLAR TIBURCIO VALERIANO DA SILVA|RUA PRESIDENTE DUTRA S/N
ARAPIRACA;IFAL - INSTITUTO FEDERAL DE ALAGOAS;RODOVIA AL 110, N 4805;4;48;829;ARAPIRACA|IFAL - INSTITUTO FEDERAL DE ALAGOAS|RODOVIA AL 110, N 4805
ARAPIRACA;ESCOLA DE ENSINO FUNDAMENTAL MARIA DE NAZARÉ;RUA CLAUDIO DE ALBUQUERQUE LIMA, N 2055, SÃO LUIZ;7;71;810;ARAPIRACA|ESCOLA DE ENSINO FUNDAMENTAL MARIA DE NAZARE|RUA CLAUDIO DE ALBUQUERQUE LIMA, N 2055, SAO LUIZ
ARAPIRACA;ESCOLA DE ENSINO FUNDAMENTAL WALTER BEZERRA;RUA CLAUDIO DE ALBUQUERQUE LIMA, N 409, OURO PRETO;6;69;649;ARAPIRACA|ESCOLA DE ENSINO FUNDAMENTAL WALTER BEZERRA|RUA CLAUDIO DE ALBUQUERQUE LIMA, N 409, OURO PRETO
ARAPIRACA;ESCOLA DE ENSINO FUNDAMENTAL VOLUNTÁRIA MARIA DAS NEVES BORGES;RUA SINÉSIO FERREIRA LIMA, N 383, OURO PRETO;5;71;595;ARAPIRACA|ESCOLA DE ENSINO FUNDAMENTAL VOLUNTARIA MARIA DAS NEVES BORGES|RUA SINESIO FERREIRA LIMA, N 383, OURO PRETO
ARAPIRACA;CENTRO DE EDUCAÇÃO INFANTIL JOANNA DE ANGELLIS (ANTIGO MADRE PAULINA);RUA DOMINGOS CORREIA 1065;4;58;550;ARAPIRACA|CENTRO DE EDUCACAO INFANTIL JOANNA DE ANGELLIS (ANTIGO MADRE PAULINA)|RUA DOMINGOS CORREIA 1065
ARAPIRACA;CENTRO DE EDUCAÇÃO INFANTIL MARIA DE LOURDES PEREIRA CAVALCANTE;RUA OSMAN CAVALCANTE, S/N;3;56;511;ARAPIRACA|CENTRO DE EDUCACAO INFANTIL MARIA DE LOURDES PEREIRA CAVALCANTE|RUA OSMAN CAVALCANTE, S/N
ARAPIRACA;ESCOLA JOSÉ URSULINO MALAQUIAS;RUA PAINEIRA;1;39;203;ARAPIRACA|ESCOLA JOSE URSULINO MALAQUIAS|RUA PAINEIRA
ARAPIRACA;ESCOLA ROTARY;RUA TEODORICO COSTA;1;41;129;ARAPIRACA|ESCOLA ROTARY|RUA TEODORICO COSTA
CORURIPE;ESCOLA ESTADUAL LIMA CASTRO;AVENIDA WASHINTON LUIZ, ANTIGA AV CAMAÇARI;14;27;2865;CORURIPE|ESCOLA ESTADUAL LIMA CASTRO|AVENIDA WASHINTON LUIZ, ANTIGA AV CAMACARI
CORURIPE;ESCOLA MUNICIPAL CLAUDIO DANIEL GAMA AMORIM;RUA JOSÉ RAIMUNDO DOS SANTOS, 40;13;34;2320;CORURIPE|ESCOLA MUNICIPAL CLAUDIO DANIEL GAMA AMORIM|RUA JOSE RAIMUNDO DOS SANTOS, 40
CORURIPE;ESCOLA ESTADUAL DJALMA BARROS SIQUEIRA;RUA PERNAMBUCO NOVO, S/N;12;33;2152;CORURIPE|ESCOLA ESTADUAL DJALMA BARROS SIQUEIRA|RUA PERNAMBUCO NOVO, S/N
CORURIPE;ESCOLA MUN. EDUC. BÁSICA PROF. MARIA ROCHA SANTOS SILVA;TRAVESSA FLAMENGO, 182, QUADRA S;10;27;1858;CORURIPE|ESCOLA MUN. EDUC. BASICA PROF. MARIA ROCHA SANTOS SILVA|TRAVESSA FLAMENGO, 182, QUADRA S
CORURIPE;ESCOLA MUNICIPAL SANTA SOFIA;RUA DA CAIXA DAGUA - POVOADO BOTAFOGO;10;24;1592;CORURIPE|ESCOLA MUNICIPAL SANTA SOFIA|RUA DA CAIXA DAGUA - POVOADO BOTAFOGO
CORURIPE;ESCOLA ESTADUAL DEPUTADO JOÃO BELTRÃO;AV. ANFRÍSIO DE CASTRO LESSA SANTOS, 506;8;32;1431;CORURIPE|ESCOLA ESTADUAL DEPUTADO JOAO BELTRAO|AV. ANFRISIO DE CASTRO LESSA SANTOS, 506
CORURIPE;ESCOLA MUNICIPAL JOSE DE CARVALHO SOUZA;RUA DO GRUPO, S/N;8;29;1210;CORURIPE|ESCOLA MUNICIPAL JOSE DE CARVALHO SOUZA|RUA DO GRUPO, S/N
CORURIPE;ESCOLA MUNICIPAL JOSE BUARQUE DA SILVA;RUA CHICO AZEVEDO, S/N;7;32;1067;CORURIPE|ESCOLA MUNICIPAL JOSE BUARQUE DA SILVA|RUA CHICO AZEVEDO, S/N
CORURIPE;ESCOLA MUNICIPAL GENERAL DE GOIS MONTEIRO;RUA ABELARDO HOLANDA, 105;5;20;1015;CORURIPE|ESCOLA MUNICIPAL GENERAL DE GOIS MONTEIRO|RUA ABELARDO HOLANDA, 105
CORURIPE;ESCOLA MUNICIPAL FRANCISCO AMALIO MARIA;RUA DO CAJUEIRO, S/N;7;24;1014;CORURIPE|ESCOLA MUNICIPAL FRANCISCO AMALIO MARIA|RUA DO CAJUEIRO, S/N
CORURIPE;ESCOLA MUNICIPAL MANOEL CECÍLIO DE JESUS;RUA DO JASMIM,;6;31;925;CORURIPE|ESCOLA MUNICIPAL MANOEL CECILIO DE JESUS|RUA DO JASMIM,
CORURIPE;ESCOLA MUN. CENT. EDUCAÇÃO INFANTIL PROF. MARIA ZENAIDE ROCHA SANTOS;RUA PERNAMBUCO NOVO, S/N,;9;30;920;CORURIPE|ESCOLA MUN. CENT. EDUCACAO INFANTIL PROF. MARIA ZENAIDE ROCHA SANTOS|RUA PERNAMBUCO NOVO, S/N,
CORURIPE;CENTRO EDUCACIONAL PROFISSIONAL MARIA ALICE BELTRÃO DE CASTRO SIQUEIRA;RUA PERNAMBUCO NOVO;7;23;887;CORURIPE|CENTRO EDUCACIONAL PROFISSIONAL MARIA ALICE BELTRAO DE CASTRO SIQUEIRA|RUA PERNAMBUCO NOVO
CORURIPE;ESCOLA MUNICIPAL NOSSA SENHORA DO MONT SERRAT;POVOADO MIAI DE BAIXO, S/N;4;24;660;CORURIPE|ESCOLA MUNICIPAL NOSSA SENHORA DO MONT SERRAT|POVOADO MIAI DE BAIXO, S/N
DELMIRO GOUVEIA;WATSON DE GUSMAO, ESCOLA DE 1 E 2 GRAUS;RUA HENRIQUE DIAS, S/N;15;19;1878;DELMIRO GOUVEIA|WATSON DE GUSMAO, ESCOLA DE 1 E 2 GRAUS|RUA HENRIQUE DIAS, S/N
DELMIRO GOUVEIA;VIRGILIA BEZERRA,ESCOLA DE 1 E 2 GRAUS PROFESSORA;AV MASCARENHAS DE MORAIS S/N;12;17;1741;DELMIRO GOUVEIA|VIRGILIA BEZERRA,ESCOLA DE 1 E 2 GRAUS PROFESSORA|AV MASCARENHAS DE MORAIS S/N
DELMIRO GOUVEIA;FRANCISCA ROSA DA COSTA,GRUPO ESCOLAR;RUA SARGENTO REGINALDO BANDEIRA, 342;8;18;1120;DELMIRO GOUVEIA|FRANCISCA ROSA DA COSTA,GRUPO ESCOLAR|RUA SARGENTO REGINALDO BANDEIRA, 342
DELMIRO GOUVEIA;VICENTE DE MENEZES, ESCOLA DE 1 E 2 GRAUS;RUA 21 DE ABRIL, S/N;12;18;1073;DELMIRO GOUVEIA|VICENTE DE MENEZES, ESCOLA DE 1 E 2 GRAUS|RUA 21 DE ABRIL, S/N
DELMIRO GOUVEIA;AFRANIO SALGADO LAGES, ESCOLA;TRAVESSA NASCIMENTO BANDEIRA, S/N;8;17;1067;DELMIRO GOUVEIA|AFRANIO SALGADO LAGES, ESCOLA|TRAVESSA NASCIMENTO BANDEIRA, S/N
DELMIRO GOUVEIA;LUIZ AUGUSTO DE AZEVEDO, ESCOLA;RUA NASCIMENTO BANDEIRA S/N;9;18;1004;DELMIRO GOUVEIA|LUIZ AUGUSTO DE AZEVEDO, ESCOLA|RUA NASCIMENTO BANDEIRA S/N
DELMIRO GOUVEIA;MARIA DULCE FEITOSA,ESCOLA DE 1 GRAU;RUA BATISTA WANDERLEY, SN;8;17;939;DELMIRO GOUVEIA|MARIA DULCE FEITOSA,ESCOLA DE 1 GRAU|RUA BATISTA WANDERLEY, SN
DELMIRO GOUVEIA;ESCOLA JOSE BEZERRA DA SILVA;RUA JOANA ANGELICA S/N;8;18;879;DELMIRO GOUVEIA|ESCOLA JOSE BEZERRA DA SILVA|RUA JOANA ANGELICA S/N
DELMIRO GOUVEIA;JOSE CORREIA FILHO,ESCOLA;POVOADO JARDIM CORDEIRO;4;12;794;DELMIRO GOUVEIA|JOSE CORREIA FILHO,ESCOLA|POVOADO JARDIM CORDEIRO
DELMIRO GOUVEIA;ANCHIETA, GRUPO ESCOLAR PADRE ( POV. LAGOINHA);POVOADO LAGOINHAS S/N;5;16;773;DELMIRO GOUVEIA|ANCHIETA, GRUPO ESCOLAR PADRE ( POV. LAGOINHA)|POVOADO LAGOINHAS S/N
DELMIRO GOUVEIA;ELIZEU NORBERTO, GRUPO ESCOLAR;RUA MANOEL RIBEIRO, SN;6;18;736;DELMIRO GOUVEIA|ELIZEU NORBERTO, GRUPO ESCOLAR|RUA MANOEL RIBEIRO, SN
DELMIRO GOUVEIA;NOEMIA BANDEIRA DA SILVA,ESCOLA;RUA DO CHAFARIZ, SN;6;17;619;DELMIRO GOUVEIA|NOEMIA BANDEIRA DA SILVA,ESCOLA|RUA DO CHAFARIZ, SN
DELMIRO GOUVEIA;DELMIRO GOUVEIA, ESCOLA;AV. PRESIDENTE CASTELO BRANCO, S/N;5;19;614;DELMIRO GOUVEIA|DELMIRO GOUVEIA, ESCOLA|AV. PRESIDENTE CASTELO BRANCO, S/N
DELMIRO GOUVEIA;ESCOLA ESTADUAL PEDRO NEPOMUCENO DOS SANTOS;RUA PROJETADA, S/N. DISTRITO DE BARRAGEM LESTE;7;13;513;DELMIRO GOUVEIA|ESCOLA ESTADUAL PEDRO NEPOMUCENO DOS SANTOS|RUA PROJETADA, S/N. DISTRITO DE BARRAGEM LESTE
DELMIRO GOUVEIA;MANOEL MOURA, COLEGIO DE 1 GRAU;POVOADO BARRAGEM;5;11;501;DELMIRO GOUVEIA|MANOEL MOURA, COLEGIO DE 1 GRAU|POVOADO BARRAGEM
DELMIRO GOUVEIA;ESCOLA DE EDUCAÇÃO BÁSICA BEABÁ;RUA FREITAS CAVALCANTE, 192;4;15;451;DELMIRO GOUVEIA|ESCOLA DE EDUCACAO BASICA BEABA|RUA FREITAS CAVALCANTE, 192
DELMIRO GOUVEIA;SAO JOSE, ESCOLA MUN DE ENSINO FUNDAMENTAL;POVOADO SALGADO;2;15;451;DELMIRO GOUVEIA|SAO JOSE, ESCOLA MUN DE ENSINO FUNDAMENTAL|POVOADO SALGADO
DELMIRO GOUVEIA;ERENICE GOMES DE LIMA, ESCOLA ESTADUAL PROFª;RUA MARTINHA CARDEAL  S/N;4;16;404;DELMIRO GOUVEIA|ERENICE GOMES DE LIMA, ESCOLA ESTADUAL PROFa|RUA MARTINHA CARDEAL S/N
DELMIRO GOUVEIA;GRUPO ESCOLAR CASTRO ALVES;POVOADO BARRAGEM;4;11;388;DELMIRO GOUVEIA|GRUPO ESCOLAR CASTRO ALVES|POVOADO BARRAGEM
DELMIRO GOUVEIA;RUI BARBOSA,ESCOLA MUNICIPAL;POVOADO SAO SEBASTIAO;3;14;382;DELMIRO GOUVEIA|RUI BARBOSA,ESCOLA MUNICIPAL|POVOADO SAO SEBASTIAO
DELMIRO GOUVEIA;JOSE CORREIA DOS SANTOS,GRUPO ESCOLAR;POVOADO SINIMBU;4;16;366;DELMIRO GOUVEIA|JOSE CORREIA DOS SANTOS,GRUPO ESCOLAR|POVOADO SINIMBU
DELMIRO GOUVEIA;RAIMYSON SILVA NASCIMENTO, EMEF;POVOADO CARAIBEIRINHAS;2;16;341;DELMIRO GOUVEIA|RAIMYSON SILVA NASCIMENTO, EMEF|POVOADO CARAIBEIRINHAS
DELMIRO GOUVEIA;ANTENOR CORREIA SERPA, ESCOLA MUNICIPAL DR.;POVOADO CRUZ;2;13;239;DELMIRO GOUVEIA|ANTENOR CORREIA SERPA, ESCOLA MUNICIPAL DR.|POVOADO CRUZ
DELMIRO GOUVEIA;ANEXO DO CENTRO MUNICIPAL DE EDUCAÇÃO INFANTIL CASINHA FELIZ;RUA MÁRIO PEREIRA, S/N;3;17;231;DELMIRO GOUVEIA|ANEXO DO CENTRO MUNICIPAL DE EDUCACAO INFANTIL CASINHA FELIZ|RUA MARIO PEREIRA, S/N
DELMIRO GOUVEIA;ESCOLA MUNICIPAL DE EDUCAÇÃO BÁSICA JUSCELINO KUBISTCHEK DE OLIVEIRA;POVOADO ALTO BONITO;2;13;115;DELMIRO GOUVEIA|ESCOLA MUNICIPAL DE EDUCACAO BASICA JUSCELINO KUBISTCHEK DE OLIVEIRA|POVOADO ALTO BONITO
MACEIO;UNIMA / AFYA - CENTRO UNIVERSITÁRIO DE MACEIÓ (ANTIGA UNIT);AV GUSTAVO PAIVA, 5017;41;54;5177;MACEIO|UNIMA / AFYA - CENTRO UNIVERSITARIO DE MACEIO (ANTIGA UNIT)|AV GUSTAVO PAIVA, 5017
MACEIO;ESCOLA DE ENSINO FUNDAMENTAL DR JOSE HAROLDO DA COSTA;CONJ. SALVADOR LIRA, S/N;18;48;3182;MACEIO|ESCOLA DE ENSINO FUNDAMENTAL DR JOSE HAROLDO DA COSTA|CONJ. SALVADOR LIRA, S/N
MACEIO;E.E. GERALDO MELO DOS SANTOS;RUA 61, QD C-6, CJ. GRACILIANO RAMOS;12;44;2825;MACEIO|E.E. GERALDO MELO DOS SANTOS|RUA 61, QD C-6, CJ. GRACILIANO RAMOS
MACEIO;E.E. DRA. MARIA JOSE DE MELO (CAIC-B. BENTES);RUA BELO HORIZONTE, S/N;14;45;2709;MACEIO|E.E. DRA. MARIA JOSE DE MELO (CAIC-B. BENTES)|RUA BELO HORIZONTE, S/N
MACEIO;CRECHE ESCOLA ESPAÇO EDUCAR;RUA PROFESSOR SANDOVAL ARROXELAS, N. 510;20;46;2406;MACEIO|CRECHE ESCOLA ESPACO EDUCAR|RUA PROFESSOR SANDOVAL ARROXELAS, N. 510
MACEIO;ESCOLA ESTADUAL MARGAREZ M. S. LACET;RUA SANTO ANTONIO, S/N;14;51;2401;MACEIO|ESCOLA ESTADUAL MARGAREZ M. S. LACET|RUA SANTO ANTONIO, S/N
MACEIO;ESCOLA SEB (ANTIGO COC);RUA SENADOR RUI PALMEIRA, 1200;21;49;2331;MACEIO|ESCOLA SEB (ANTIGO COC)|RUA SENADOR RUI PALMEIRA, 1200
MACEIO;E.E. DOM OTAVIO BARBOSA AGUIAR;RUA A-20, S/N;11;44;2319;MACEIO|E.E. DOM OTAVIO BARBOSA AGUIAR|RUA A-20, S/N
MACEIO;E.M. FREI DAMIÃO;AV. MUNDAÚ, 120;14;44;2302;MACEIO|E.M. FREI DAMIAO|AV. MUNDAU, 120
MACEIO;E.M. JAYME DE ALTAVILLA;RUA DILERMANO REIS, S/N, LOT SANTA LUCIA;11;48;2296;MACEIO|E.M. JAYME DE ALTAVILLA|RUA DILERMANO REIS, S/N, LOT SANTA LUCIA
MACEIO;ESCOLA ESTADUAL ROMEU DE AVELAR;RUA RACOES CARB, S/N;14;50;2199;MACEIO|ESCOLA ESTADUAL ROMEU DE AVELAR|RUA RACOES CARB, S/N
MACEIO;E.E. DRA. EUNICE DE LEMOS CAMPOS;AV. GARCA TORTA, S/N;10;42;2169;MACEIO|E.E. DRA. EUNICE DE LEMOS CAMPOS|AV. GARCA TORTA, S/N
MACEIO;ESCOLA ESTADUAL PROFª. ROSALVA PEREIRA VIANA;LOT. POR DO SOL, QD D, S/N, MOCAMBO;12;50;2142;MACEIO|ESCOLA ESTADUAL PROFa. ROSALVA PEREIRA VIANA|LOT. POR DO SOL, QD D, S/N, MOCAMBO
MACEIO;ESC. EST. PROF. THEONILO GAMA;RUA CORONEL PARANHOS, S/N;12;48;2124;MACEIO|ESC. EST. PROF. THEONILO GAMA|RUA CORONEL PARANHOS, S/N
MACEIO;COLÉGIO TIRADENTES;AV. ROBERTO PONTES LIMA, 208,;14;45;2014;MACEIO|COLEGIO TIRADENTES|AV. ROBERTO PONTES LIMA, 208,
MACEIO;ESCOLA DE ENS. FUND. NOSSO LAR I;RUA SAMPAIO DORIA, S/N;16;43;1988;MACEIO|ESCOLA DE ENS. FUND. NOSSO LAR I|RUA SAMPAIO DORIA, S/N
MACEIO;E.E. ALFREDO GASPAR DE MENDONCA;CONJ. EUSTAQUIO GOMES DE MELO, S/N;12;51;1980;MACEIO|E.E. ALFREDO GASPAR DE MENDONCA|CONJ. EUSTAQUIO GOMES DE MELO, S/N
MACEIO;E.E. ONÉLIA CAMPELO;RUA SANTA TEREZINHA, S/N;10;44;1944;MACEIO|E.E. ONELIA CAMPELO|RUA SANTA TEREZINHA, S/N
MACEIO;COLÉGIO SANTA ÚRSULA;RUA PIO XII;14;48;1933;MACEIO|COLEGIO SANTA URSULA|RUA PIO XII
MACEIO;ESCOLA ESTADUAL PROFª. MARIA SALETE GUSMAO DE ARAUJO;CJ. OSMAN LOUREIRO, QD A;11;50;1932;MACEIO|ESCOLA ESTADUAL PROFa. MARIA SALETE GUSMAO DE ARAUJO|CJ. OSMAN LOUREIRO, QD A
MACEIO;COLÉGIO ZUMBI DOS PALMARES;CJ ROSANE COLLOR, QD M, S/N;10;40;1919;MACEIO|COLEGIO ZUMBI DOS PALMARES|CJ ROSANE COLLOR, QD M, S/N
MACEIO;COLÉGIO DLINS;RUA PEDROSA, 225;12;48;1874;MACEIO|COLEGIO DLINS|RUA PEDROSA, 225
MACEIO;ESCOLA ESTADUAL ROTARY;AV. DURVAL DE GOES MONTEIRO, S/N;13;47;1864;MACEIO|ESCOLA ESTADUAL ROTARY|AV. DURVAL DE GOES MONTEIRO, S/N
MACEIO;ESCOLA ESTADUAL DEPUTADO NENOI PINTO;RUA MUNIZ FALCAO, S/N;10;46;1855;MACEIO|ESCOLA ESTADUAL DEPUTADO NENOI PINTO|RUA MUNIZ FALCAO, S/N
MACEIO;ESCOLA ESTADUAL PROFª MARIA DAS GRAÇAS DE SÁ TEIXEIRA;AV. GOVERNADOR LAMENHA FILHO, SN;12;47;1850;MACEIO|ESCOLA ESTADUAL PROFa MARIA DAS GRACAS DE SA TEIXEIRA|AV. GOVERNADOR LAMENHA FILHO, SN
MACEIO;COLÉGIO EDSON MONTEIRO;RUA ANDRÉ PAPINE GOES, 177, LOTEAMENTO ACAUÃ;9;48;1843;MACEIO|COLEGIO EDSON MONTEIRO|RUA ANDRE PAPINE GOES, 177, LOTEAMENTO ACAUA
MACEIO;CEAGB - ESCOLA ESTADUAL MOREIRA E SILVA;AV. FERNANDES LIMA, S/N;17;46;1828;MACEIO|CEAGB - ESCOLA ESTADUAL MOREIRA E SILVA|AV. FERNANDES LIMA, S/N
MACEIO;ESC. EST. MIRAN MARROQUIM;RUA DA LIBERDADE, S/N - PIABAS;12;43;1780;MACEIO|ESC. EST. MIRAN MARROQUIM|RUA DA LIBERDADE, S/N - PIABAS
MACEIO;E.E. DEPUTADO RUBENS CANUTO;AV. GURGURI , S/N;9;41;1765;MACEIO|E.E. DEPUTADO RUBENS CANUTO|AV. GURGURI , S/N
MACEIO;E.M. PROFESSOR CORINTHO DA PAZ;RUA 5-A, S/N - CJ. EUSTÁQUIO GOMES DE MELO;10;45;1760;MACEIO|E.M. PROFESSOR CORINTHO DA PAZ|RUA 5-A, S/N - CJ. EUSTAQUIO GOMES DE MELO
MACEIO;E.E. PASTOR JOSE TAVARES DE SOUZA;AV. GARCA TORTA, 1286;8;36;1711;MACEIO|E.E. PASTOR JOSE TAVARES DE SOUZA|AV. GARCA TORTA, 1286
MACEIO;E.E. JORNALISTA LAFAIETTE BELO;PARQUE RESIDENCIAL BENEDITO BENTES I, S/N;8;45;1693;MACEIO|E.E. JORNALISTA LAFAIETTE BELO|PARQUE RESIDENCIAL BENEDITO BENTES I, S/N
MACEIO;ESCOLA DE ENSINO FUNDAMENTAL OCTÁVIO BRANDÃO;RUA JOSE LOBO DE MEDEIROS, S/N;15;46;1680;MACEIO|ESCOLA DE ENSINO FUNDAMENTAL OCTAVIO BRANDAO|RUA JOSE LOBO DE MEDEIROS, S/N
MACEIO;ESCOLA ESTADUAL AURELINA PALMEIRA DE MELO;PRACA PADRE CICERO, S/N;15;39;1672;MACEIO|ESCOLA ESTADUAL AURELINA PALMEIRA DE MELO|PRACA PADRE CICERO, S/N
MACEIO;ESC. MUN. PROF. LENILTO ALVES SANTOS;RUA ENFERMEIRO MARIANO - COHAB, S/N;9;42;1651;MACEIO|ESC. MUN. PROF. LENILTO ALVES SANTOS|RUA ENFERMEIRO MARIANO - COHAB, S/N
MACEIO;ESC. EST. PROFª MARIA JOSÉ CARRASCOSA;PRACA SENHOR DO BONFIM, S/N;13;44;1626;MACEIO|ESC. EST. PROFa MARIA JOSE CARRASCOSA|PRACA SENHOR DO BONFIM, S/N
MACEIO;E.E. PROFA. MARIA LÚCIA LINS DE FREITAS;RUA 26, S/N, GRACILIANO RAMOS;7;43;1611;MACEIO|E.E. PROFA. MARIA LUCIA LINS DE FREITAS|RUA 26, S/N, GRACILIANO RAMOS
MACEIO;ESC. EST. PROF. ROSALVO LÔBO;AV CASTELO BRANCO, S/N;12;48;1608;MACEIO|ESC. EST. PROF. ROSALVO LOBO|AV CASTELO BRANCO, S/N
MACEIO;ESCOLA ESTADUAL PROFª. IRENE GARRIDO;RUA G, QD 3, S/N, CONJ. DUBEAUX  LEAO;9;45;1606;MACEIO|ESCOLA ESTADUAL PROFa. IRENE GARRIDO|RUA G, QD 3, S/N, CONJ. DUBEAUX LEAO
MACEIO;ESCOLA ESTADUAL PROFESSOR PEDRO TEIXEIRA;RUA PAU DARCO, S/N;9;43;1596;MACEIO|ESCOLA ESTADUAL PROFESSOR PEDRO TEIXEIRA|RUA PAU DARCO, S/N
MACEIO;ESCOLA ESTADUAL PADRE CABRAL;PRACA EDUARDO SANTOS, S/N;8;36;1572;MACEIO|ESCOLA ESTADUAL PADRE CABRAL|PRACA EDUARDO SANTOS, S/N
MACEIO;E.M. PAULO HENRIQUE COSTA BANDEIRA;AV NORMA PIMENTEL DA COSTA, 11;8;46;1551;MACEIO|E.M. PAULO HENRIQUE COSTA BANDEIRA|AV NORMA PIMENTEL DA COSTA, 11
MACEIO;COLÉGIO ROSALVO RIBEIRO DOS SANTOS;RUA BONFIM, 344;9;44;1546;MACEIO|COLEGIO ROSALVO RIBEIRO DOS SANTOS|RUA BONFIM, 344
MACEIO;FACULDADE RAIMUNDO MARINHO;AVENIDA DURVAL DE GÓES MONTEIRO;11;48;1515;MACEIO|FACULDADE RAIMUNDO MARINHO|AVENIDA DURVAL DE GOES MONTEIRO
MACEIO;ESCOLA ESTADUAL PROF. BENEDITA DE CASTRO LIMA;RUA SANTA RITA, S/N;9;43;1514;MACEIO|ESCOLA ESTADUAL PROF. BENEDITA DE CASTRO LIMA|RUA SANTA RITA, S/N
MACEIO;E.M. MARIA CARMELITA CARDOSO GAMA (CAIC-UFAL);BR 104, 1099 KM 14 - CAMPUS A.C.SIMOES;8;38;1506;MACEIO|E.M. MARIA CARMELITA CARDOSO GAMA (CAIC-UFAL)|BR 104, 1099 KM 14 - CAMPUS A.C.SIMOES
MACEIO;COLÉGIO CONTATO;RUA PROF. SILVIO DE MACEDO, 125;11;49;1499;MACEIO|COLEGIO CONTATO|RUA PROF. SILVIO DE MACEDO, 125
MACEIO;COLÉGIO JORGE ASSUNÇÃO;AV NORMA PIMENTEL DA COSTA, 15;7;46;1495;MACEIO|COLEGIO JORGE ASSUNCAO|AV NORMA PIMENTEL DA COSTA, 15
MACEIO;COLÉGIO ANCHIETA;AVENIDA ENG. PAULO BRANDAO NOGUEIRA;11;49;1489;MACEIO|COLEGIO ANCHIETA|AVENIDA ENG. PAULO BRANDAO NOGUEIRA
MACEIO;ESCOLA ESTADUAL DR. RODRIGUEZ DE MELO;JARDIM ESPERANCA, S/N;11;47;1469;MACEIO|ESCOLA ESTADUAL DR. RODRIGUEZ DE MELO|JARDIM ESPERANCA, S/N
MACEIO;GINÁSIO DO SESI TRAPICHE;AVENIDA SIQUEIRA CAMPOS, 1900;13;45;1469;MACEIO|GINASIO DO SESI TRAPICHE|AVENIDA SIQUEIRA CAMPOS, 1900
MACEIO;ESCOLA DE EDUCACAO BÁSICA E PROFISSIONAL FUNDAÇÃO BRADESCO;AV. PRESIDENTE GETÚLIO VARGAS, 512;9;46;1459;MACEIO|ESCOLA DE EDUCACAO BASICA E PROFISSIONAL FUNDACAO BRADESCO|AV. PRESIDENTE GETULIO VARGAS, 512
MACEIO;E.E. PROFA. GILVANA ATAÍDE CAVALCANTE CABRAL;RUA ELINELMA DE OLIVEIRA SANTOS, S/N;7;45;1456;MACEIO|E.E. PROFA. GILVANA ATAIDE CAVALCANTE CABRAL|RUA ELINELMA DE OLIVEIRA SANTOS, S/N
MACEIO;E.E. MARIA IVONE SANTOS DE OLIVEIRA;RUA JOSÉ AUGUSTO LESSA, S/N - INOCOOP;8;47;1445;MACEIO|E.E. MARIA IVONE SANTOS DE OLIVEIRA|RUA JOSE AUGUSTO LESSA, S/N - INOCOOP
MACEIO;ESCOLA EST. DR. EDSON BERNARDES;CONJ. JOAQUIM LEAO, S/N;10;42;1443;MACEIO|ESCOLA EST. DR. EDSON BERNARDES|CONJ. JOAQUIM LEAO, S/N
MACEIO;ESC. EST. DR. JOSÉ MARIA CORREIA DAS NEVES;RUA AGNELO BARBOSA, S/N;11;42;1442;MACEIO|ESC. EST. DR. JOSE MARIA CORREIA DAS NEVES|RUA AGNELO BARBOSA, S/N
MACEIO;ESCOLA EST. DR. MIGUEL GUEDES NOGUEIRA;RUA DR. OSWALDO CRUZ, S/N;14;43;1441;MACEIO|ESCOLA EST. DR. MIGUEL GUEDES NOGUEIRA|RUA DR. OSWALDO CRUZ, S/N
MACEIO;ESC. DE ENS. FUND. PROF. PEDRO CAFÉ;RUA DO CRAVO, S/N;8;36;1413;MACEIO|ESC. DE ENS. FUND. PROF. PEDRO CAFE|RUA DO CRAVO, S/N
MACEIO;E.M. PROF. AURÉLIO BUARQUE DE HOLANDA FERREIRA;RUA F, S/N, CONJUNTO FREITAS NETO;8;43;1408;MACEIO|E.M. PROF. AURELIO BUARQUE DE HOLANDA FERREIRA|RUA F, S/N, CONJUNTO FREITAS NETO
MACEIO;E.M. MARIA DE LOURDES DE MELO PIMENTEL;RUA PADRE CÍCERO, 05, VILAGE CAMPESTE II;6;43;1386;MACEIO|E.M. MARIA DE LOURDES DE MELO PIMENTEL|RUA PADRE CICERO, 05, VILAGE CAMPESTE II
MACEIO;IFAL - CAMPUS BENEDITO BENTES;AVENIDA BENEDITO BENTES, S/N;7;45;1369;MACEIO|IFAL - CAMPUS BENEDITO BENTES|AVENIDA BENEDITO BENTES, S/N
MACEIO;ESC. MUN. PROFª EULINA RIBEIRO ALENCAR;RUA COARACI FONSECA, 01;8;39;1366;MACEIO|ESC. MUN. PROFa EULINA RIBEIRO ALENCAR|RUA COARACI FONSECA, 01
MACEIO;ESC. EST. PROF. BENEDITO MORAES;RUA ZEFERINO RODRIGUES, S/N;10;44;1363;MACEIO|ESC. EST. PROF. BENEDITO MORAES|RUA ZEFERINO RODRIGUES, S/N
MACEIO;ESCOLA DE ENSINO FUNDAMENTAL PROF. DONIZETTI CALHEIROS;AV. UBERABA, S/N;8;42;1351;MACEIO|ESCOLA DE ENSINO FUNDAMENTAL PROF. DONIZETTI CALHEIROS|AV. UBERABA, S/N
MACEIO;ESC. MUN. ARNON AFFONSO FARIAS DE MELLO;CONJ. JOSE DA SILVA PEIXOTO, S/N;9;40;1347;MACEIO|ESC. MUN. ARNON AFFONSO FARIAS DE MELLO|CONJ. JOSE DA SILVA PEIXOTO, S/N
MACEIO;E.M. PROFA. HÉVIA VALÉRIA MAIA AMORIM;AV JOSÉ AILTON DOS SANTOS, S/N, VILAGE CAMPESTRE I;6;41;1334;MACEIO|E.M. PROFA. HEVIA VALERIA MAIA AMORIM|AV JOSE AILTON DOS SANTOS, S/N, VILAGE CAMPESTRE I
MACEIO;ESC. MUN. KÁTIA PIMENTEL ASSUNÇÃO;RUA BRENO CANSANCAO, 788;8;42;1327;MACEIO|ESC. MUN. KATIA PIMENTEL ASSUNCAO|RUA BRENO CANSANCAO, 788
MACEIO;ESCOLA MUN. SILVESTRE PÉRICLES;PRAÇA DR CAIO DE AGUIAR PORTO S/N - PONTAL DA BARRA;7;34;1322;MACEIO|ESCOLA MUN. SILVESTRE PERICLES|PRACA DR CAIO DE AGUIAR PORTO S/N - PONTAL DA BARRA
MACEIO;ESCOLA DE ENSINO FUNDAMENTAL LUÍZA OLIVEIRA SURUAGY;RUA PADRE CÍCERO, S/N;7;39;1310;MACEIO|ESCOLA DE ENSINO FUNDAMENTAL LUIZA OLIVEIRA SURUAGY|RUA PADRE CICERO, S/N
MACEIO;ESCOLA ESTADUAL PROFESSOR SEBASTIÃO DA HORA;RUA MARTINS MURTA, S/N;10;42;1270;MACEIO|ESCOLA ESTADUAL PROFESSOR SEBASTIAO DA HORA|RUA MARTINS MURTA, S/N
MACEIO;ESCOLA MONTEIRO LOBATO;RUA DO IPÊ ROXO, 291;8;41;1252;MACEIO|ESCOLA MONTEIRO LOBATO|RUA DO IPE ROXO, 291
MACEIO;ESCOLA ESTADUAL GUIOMAR DE ALMEIDA PEIXOTO;RUA SANTO ANTONIO, 600;10;40;1225;MACEIO|ESCOLA ESTADUAL GUIOMAR DE ALMEIDA PEIXOTO|RUA SANTO ANTONIO, 600
MACEIO;ESCOLA EST. JORNALISTA FREITAS NETO;RUA DR. OSWALDO CRUZ, 150;13;40;1217;MACEIO|ESCOLA EST. JORNALISTA FREITAS NETO|RUA DR. OSWALDO CRUZ, 150
MACEIO;COLÉGIO SANTÍSSIMO SENHOR;LOTEAMENTO BRISA DA SERRARIA, 302 - CONJ. JOSÉ TENÓRIO;8;45;1214;MACEIO|COLEGIO SANTISSIMO SENHOR|LOTEAMENTO BRISA DA SERRARIA, 302 - CONJ. JOSE TENORIO
MACEIO;ESC. MUN. ANTÔNIO SEMEÃO LAMENHA LINS;RUA MAJOR JOAQUIM CALHEIROS, S/N;8;41;1211;MACEIO|ESC. MUN. ANTONIO SEMEAO LAMENHA LINS|RUA MAJOR JOAQUIM CALHEIROS, S/N
MACEIO;ESCOLA ESTADUAL OVIDIO EDGAR DE ALBUQUERQUE;RUA DO CAMPO, S/N;7;40;1195;MACEIO|ESCOLA ESTADUAL OVIDIO EDGAR DE ALBUQUERQUE|RUA DO CAMPO, S/N
MACEIO;ESC. EST. MANOEL SIMPLICIO DO NASCIMENTO;RUA DIVISORIA FEICAO, S/N;8;41;1185;MACEIO|ESC. EST. MANOEL SIMPLICIO DO NASCIMENTO|RUA DIVISORIA FEICAO, S/N
MACEIO;CEAGB - ESCOLA ESTADUAL PRINCESA IZABEL;AV. FERNANDES LIMA, S/N;10;47;1181;MACEIO|CEAGB - ESCOLA ESTADUAL PRINCESA IZABEL|AV. FERNANDES LIMA, S/N
MACEIO;E.M. MANOEL PEDRO DOS SANTOS;AV. LOURIVAL MELO MOTA, S/N;6;37;1175;MACEIO|E.M. MANOEL PEDRO DOS SANTOS|AV. LOURIVAL MELO MOTA, S/N
MACEIO;UNEAL - UNIVERSIDADE ESTADUAL DE ALAGOAS - CAMPUS VI;RUA PEDRO AMÉRICO, S/N, POÇO;10;47;1167;MACEIO|UNEAL - UNIVERSIDADE ESTADUAL DE ALAGOAS - CAMPUS VI|RUA PEDRO AMERICO, S/N, POCO
MACEIO;COLÉGIO INTENSIVO;LARGO DA VITÓRIA, 215;10;48;1161;MACEIO|COLEGIO INTENSIVO|LARGO DA VITORIA, 215
MACEIO;COLÉGIO OLAVO BILAC;AV. GOVERNADOR LAMENHA FILHO, S/N;7;39;1157;MACEIO|COLEGIO OLAVO BILAC|AV. GOVERNADOR LAMENHA FILHO, S/N
MACEIO;E.M. MARIA CECILIA PONTES CARNAÚBA;AV. SERGIO LUIS PESSOA BRAGA, S/N;6;43;1155;MACEIO|E.M. MARIA CECILIA PONTES CARNAUBA|AV. SERGIO LUIS PESSOA BRAGA, S/N
MACEIO;CEAGB - ESCOLA ESTADUAL PROFª LAURA DANTAS;AV. FERNANDES LIMA, S/N;12;50;1153;MACEIO|CEAGB - ESCOLA ESTADUAL PROFa LAURA DANTAS|AV. FERNANDES LIMA, S/N
MACEIO;ESCOLA ESTADUAL PROF. REMI LIMA;RUA SAO JOSE, S/N;6;45;1149;MACEIO|ESCOLA ESTADUAL PROF. REMI LIMA|RUA SAO JOSE, S/N
MACEIO;E.E. MARCOS ANTONIO CAVALCANTI SILVA;AV. ANTONIO LISBOA DE AMORIM S/N;6;40;1146;MACEIO|E.E. MARCOS ANTONIO CAVALCANTI SILVA|AV. ANTONIO LISBOA DE AMORIM S/N
MACEIO;E.M. TRADUTOR JOÃO SAMPAIO;PRAÇA CENTRAL, S/N, CONJ. JOÃO SAMPAIO I;6;45;1134;MACEIO|E.M. TRADUTOR JOAO SAMPAIO|PRACA CENTRAL, S/N, CONJ. JOAO SAMPAIO I
MACEIO;ESC. MUN. DR. BALTAZAR DE MENDONÇA;RUA DIVISORIA FEICAO, S/N;8;41;1129;MACEIO|ESC. MUN. DR. BALTAZAR DE MENDONCA|RUA DIVISORIA FEICAO, S/N
MACEIO;ESCOLA ESTADUAL JOSEFA DA CONCEIÇÃO COSTA;RUA PÃO DE AÇÚCAR, S/N;7;41;1128;MACEIO|ESCOLA ESTADUAL JOSEFA DA CONCEICAO COSTA|RUA PAO DE ACUCAR, S/N
MACEIO;ESC. EST. PROF. THEOTÔNIO VILELA BRANDÃO;RUA ADAUTO GOMES BARBOSA, SN - SANTO EDUARDO;10;45;1123;MACEIO|ESC. EST. PROF. THEOTONIO VILELA BRANDAO|RUA ADAUTO GOMES BARBOSA, SN - SANTO EDUARDO
MACEIO;ESCOLA ESTADUAL MARIA AMÁLIA;RUA VALDEMAR RUFINO DOS SANTOS, S/N,VILA ABC;6;28;1113;MACEIO|ESCOLA ESTADUAL MARIA AMALIA|RUA VALDEMAR RUFINO DOS SANTOS, S/N,VILA ABC
MACEIO;COLÉGIO MARISTA DE MACEIO;AV DOM ANTÔNIO BRANDÃO, 564;9;44;1109;MACEIO|COLEGIO MARISTA DE MACEIO|AV DOM ANTONIO BRANDAO, 564
MACEIO;CLUBE DA CAIXA ECONÔMICA FEDERAL (APCEF/AL);ROD. AL 101 NORTE, S/N;5;37;1104;MACEIO|CLUBE DA CAIXA ECONOMICA FEDERAL (APCEF/AL)|ROD. AL 101 NORTE, S/N
MACEIO;ESCOLA MUNICIPAL PROFESSORA JAREDE VIANA DE OLIVEIRA;RUA SÃO JOSÉ, S/N, AO LADO DA ESCOLA MUNICIPAL TOBIAS GRANJA;6;42;1101;MACEIO|ESCOLA MUNICIPAL PROFESSORA JAREDE VIANA DE OLIVEIRA|RUA SAO JOSE, S/N, AO LADO DA ESCOLA MUNICIPAL TOBIAS GRANJA
MACEIO;COLÉGIO INTEGRADO (ANTIGO SAGRADINHA/ PRAÇA DAS GRAÇAS);RUA 16 DE SETEMBRO , 241;7;38;1099;MACEIO|COLEGIO INTEGRADO (ANTIGO SAGRADINHA/ PRACA DAS GRACAS)|RUA 16 DE SETEMBRO , 241
MACEIO;E.M. DOUTORA NISE DA SILVEIRA;AV. SÉRGIO LUÍS PESSOA BRAGA, 454;6;43;1094;MACEIO|E.M. DOUTORA NISE DA SILVEIRA|AV. SERGIO LUIS PESSOA BRAGA, 454
MACEIO;CENTRO UNIVERSITÁRIO MÁRIO PONTES JUCÁ - UMJ (ANTIGA FAPEC/CET);AV. MUNIZ FALCÃO, 1200;9;52;1089;MACEIO|CENTRO UNIVERSITARIO MARIO PONTES JUCA - UMJ (ANTIGA FAPEC/CET)|AV. MUNIZ FALCAO, 1200
MACEIO;ESC. EST. CAMPOS TEIXEIRA;RUA LUIZ CAMPOS TEIXEIRA, S/N;7;45;1073;MACEIO|ESC. EST. CAMPOS TEIXEIRA|RUA LUIZ CAMPOS TEIXEIRA, S/N
MACEIO;ESC. MUN. PADRE PINHO;RUA QUEBRANGULO, S/N;8;43;1068;MACEIO|ESC. MUN. PADRE PINHO|RUA QUEBRANGULO, S/N
MACEIO;COLÉGIO MARIA MONTESSORI;RUA PAPA JOÃO PAULO 30;9;44;1060;MACEIO|COLEGIO MARIA MONTESSORI|RUA PAPA JOAO PAULO 30
MACEIO;ESCOLA DE ENSINO FUNDAMENTAL DR. POMPEU SARMENTO;AV. DR. MUNIZ FALCAO, S/N;7;41;1057;MACEIO|ESCOLA DE ENSINO FUNDAMENTAL DR. POMPEU SARMENTO|AV. DR. MUNIZ FALCAO, S/N
MACEIO;ESC. EST. PROF. EDUARDO DA MOTA TRIGUEIROS;RUA ADAUTO GOMES BARBOSA, S/N - SANTO EDUARDO;9;41;1055;MACEIO|ESC. EST. PROF. EDUARDO DA MOTA TRIGUEIROS|RUA ADAUTO GOMES BARBOSA, S/N - SANTO EDUARDO
MACEIO;SECRETARIA MUNICIPAL DE EDUCACAO;RUA GENERAL HERMES, 1199;8;42;1021;MACEIO|SECRETARIA MUNICIPAL DE EDUCACAO|RUA GENERAL HERMES, 1199
MACEIO;ESC. MUN. DR. ORLANDO ARAÚJO;RUA DR. JOSE SAMPAIO LUZ, S/N;8;40;1019;MACEIO|ESC. MUN. DR. ORLANDO ARAUJO|RUA DR. JOSE SAMPAIO LUZ, S/N
MACEIO;ESCOLA DE ENS. FUND. RUI PALMEIRA;AV MONTE CASTELO, S/N;7;39;1016;MACEIO|ESCOLA DE ENS. FUND. RUI PALMEIRA|AV MONTE CASTELO, S/N
MACEIO;ESC. DE ENS. FUND. PROF. ALMEIDA LEITE;RUA DR. VIRGILIO GUEDES, S/N;6;41;1014;MACEIO|ESC. DE ENS. FUND. PROF. ALMEIDA LEITE|RUA DR. VIRGILIO GUEDES, S/N
MACEIO;ESCOLA PROF. RANILSON FRANÇA;RUA PROF MARIO BROAD, 36;8;39;1014;MACEIO|ESCOLA PROF. RANILSON FRANCA|RUA PROF MARIO BROAD, 36
MACEIO;ESCOLA DE ENSINO FUNDAMENTAL DOM ANTONIO BRANDAO;RUA DO QUADRO, S/N;7;40;1002;MACEIO|ESCOLA DE ENSINO FUNDAMENTAL DOM ANTONIO BRANDAO|RUA DO QUADRO, S/N
MACEIO;COLÉGIO SANTÍSSIMA TRINDADE;AV PRESIDENTE ROOSEVELT 1111;6;47;982;MACEIO|COLEGIO SANTISSIMA TRINDADE|AV PRESIDENTE ROOSEVELT 1111
MACEIO;E.M. PADRE BRANDÃO LIMA - ANTIGA UNIT;AV CACHOEIRA DO MEIRIM, S/N;5;39;961;MACEIO|E.M. PADRE BRANDAO LIMA - ANTIGA UNIT|AV CACHOEIRA DO MEIRIM, S/N
MACEIO;ESC. MUN. MARECHAL FLORIANO PEIXOTO;RUA DA IGREJA, S/N;5;36;956;MACEIO|ESC. MUN. MARECHAL FLORIANO PEIXOTO|RUA DA IGREJA, S/N
MACEIO;COLÉGIO ADVENTISTA DE MACEIÓ;AV JUCA SAMPAIO 3027;6;42;953;MACEIO|COLEGIO ADVENTISTA DE MACEIO|AV JUCA SAMPAIO 3027
MACEIO;E.M. SELMA BANDEIRA;AV. DA PAZ, SN - CJ. SELMA BANDEIRA;5;38;953;MACEIO|E.M. SELMA BANDEIRA|AV. DA PAZ, SN - CJ. SELMA BANDEIRA
MACEIO;EDIFÍCIO DO SESC;RUA PEDRO PAULINO, 40;7;48;948;MACEIO|EDIFICIO DO SESC|RUA PEDRO PAULINO, 40
MACEIO;ESCOLA MUN. SÉRGIO LUIZ PESSOA BRAGA;PRACA GOVERNADOR LAMENHA FILHO, S/N;7;38;947;MACEIO|ESCOLA MUN. SERGIO LUIZ PESSOA BRAGA|PRACA GOVERNADOR LAMENHA FILHO, S/N
MACEIO;E.E. MANOEL DE ARAUJO DORIA;AV. SENADOR TEOTONIO VILELA - CJ HENRIQUE EQUELMAN, S/N;5;39;945;MACEIO|E.E. MANOEL DE ARAUJO DORIA|AV. SENADOR TEOTONIO VILELA - CJ HENRIQUE EQUELMAN, S/N
MACEIO;ESC. MUN. RADIALISTA EDÉCIO LOPES (ANTIGO COL. LAERSON ROSA);RUA ALAMEDA CÉLIA DOS ANJOS, 06;7;40;945;MACEIO|ESC. MUN. RADIALISTA EDECIO LOPES (ANTIGO COL. LAERSON ROSA)|RUA ALAMEDA CELIA DOS ANJOS, 06
MACEIO;CENTRO DE ENSINO SANTA JULIANA;AV DURVAL DE GOES MONTEIRO, 2345, C67P, CM;7;41;941;MACEIO|CENTRO DE ENSINO SANTA JULIANA|AV DURVAL DE GOES MONTEIRO, 2345, C67P, CM
MACEIO;E.M. PROFESSOR PETRONIO VIANA;CONJUNTO CARMINHA, S/N;7;37;934;MACEIO|E.M. PROFESSOR PETRONIO VIANA|CONJUNTO CARMINHA, S/N
MACEIO;ESC. MUN. JOÃO XXIII;RUA DR.JOSE JOAQUIM DE ARAUJO, S/N;6;43;916;MACEIO|ESC. MUN. JOAO XXIII|RUA DR.JOSE JOAQUIM DE ARAUJO, S/N
MACEIO;E.E. MANUEL BALTAZAR P. DIEGUES JUNIOR;CONJUNTO SANTA MARIA, S/N - RUA D QD 8;5;42;914;MACEIO|E.E. MANUEL BALTAZAR P. DIEGUES JUNIOR|CONJUNTO SANTA MARIA, S/N - RUA D QD 8
MACEIO;ESCOLA EST. PROFª ANAIAS DE LIMA ANDRADE;RUA BELO HORIZONTE, S/N;9;39;902;MACEIO|ESCOLA EST. PROFa ANAIAS DE LIMA ANDRADE|RUA BELO HORIZONTE, S/N
MACEIO;ESCOLA DE ENSINO FUNDAMENTAL JOSÉ CORREIA COSTA;RUA LOURIVAL DE AGUIAR PESSOA, S/N;6;42;896;MACEIO|ESCOLA DE ENSINO FUNDAMENTAL JOSE CORREIA COSTA|RUA LOURIVAL DE AGUIAR PESSOA, S/N
MACEIO;ESC. EST. PROF. EDUARDO ALMEIDA DA SILVA;RUA SAO PEDRO, S/N;5;34;894;MACEIO|ESC. EST. PROF. EDUARDO ALMEIDA DA SILVA|RUA SAO PEDRO, S/N
MACEIO;ESCOLA ESTADUAL DR. FERNANDES LIMA;AV CEL. SALUSTIANO SARMENTO, S/N;6;42;891;MACEIO|ESCOLA ESTADUAL DR. FERNANDES LIMA|AV CEL. SALUSTIANO SARMENTO, S/N
MACEIO;ESCOLA DE ENSINO FUNDAMENTAL CLETO MARQUES LUZ;RUA P, LOT COLINA DOS EUCALIPTOS;6;44;882;MACEIO|ESCOLA DE ENSINO FUNDAMENTAL CLETO MARQUES LUZ|RUA P, LOT COLINA DOS EUCALIPTOS
MACEIO;ESCOLA ESTADUAL PROF TARCÍSIO DE JESUS;AV. SENADOR RUI PALMEIRA, S/N;7;36;878;MACEIO|ESCOLA ESTADUAL PROF TARCISIO DE JESUS|AV. SENADOR RUI PALMEIRA, S/N
MACEIO;ESCOLA MUNICIPAL TOBIAS GRANJA;RUA SÃO JOSÉ, 888;5;44;874;MACEIO|ESCOLA MUNICIPAL TOBIAS GRANJA|RUA SAO JOSE, 888
MACEIO;ESCOLA ESTADUAL CAPITÃO ÁLVARO VICTOR;PRACA DO CRUZEIRO, S/N;7;35;870;MACEIO|ESCOLA ESTADUAL CAPITAO ALVARO VICTOR|PRACA DO CRUZEIRO, S/N
MACEIO;ESCOLA DE ENSINO FUNDAMENTAL PEDRO SURUAGY;AV. MACEIO, S/N;5;40;862;MACEIO|ESCOLA DE ENSINO FUNDAMENTAL PEDRO SURUAGY|AV. MACEIO, S/N
MACEIO;ESCOLA EST. PROFª ADEILZA MARIA OLIVEIRA;RUA DO CAMPO, S/N;7;35;852;MACEIO|ESCOLA EST. PROFa ADEILZA MARIA OLIVEIRA|RUA DO CAMPO, S/N
MACEIO;COLÉGIO SAGRADA FAMILIA;RUA ALAMEDA MARIA DAS GRAÇAS NOVAES BRANDÃO VILELA, 07;7;39;844;MACEIO|COLEGIO SAGRADA FAMILIA|RUA ALAMEDA MARIA DAS GRACAS NOVAES BRANDAO VILELA, 07
MACEIO;ESC. MUN. PROFª MARILÚCIA MACEDO DOS SANTOS (ANTIGA PIABAS);RUA MARIA CECILIA DA ROCHA, S/N;6;44;841;MACEIO|ESC. MUN. PROFa MARILUCIA MACEDO DOS SANTOS (ANTIGA PIABAS)|RUA MARIA CECILIA DA ROCHA, S/N
MACEIO;E.M. JAIME AMORIM MIRANDA;AV BELMIRO AMORIM, 760;4;47;839;MACEIO|E.M. JAIME AMORIM MIRANDA|AV BELMIRO AMORIM, 760
MACEIO;ESCOLA DE ENSINO FUNDAMENTAL PROF. SUZEL DANTAS;RUA ANTONIO MONTEIRO DE CARVALHO, S/N;5;37;837;MACEIO|ESCOLA DE ENSINO FUNDAMENTAL PROF. SUZEL DANTAS|RUA ANTONIO MONTEIRO DE CARVALHO, S/N
MACEIO;ESCOLA SESI/SENAI;AV. ANTÔNIO LISBOA DE AMORIM, 1751;5;39;829;MACEIO|ESCOLA SESI/SENAI|AV. ANTONIO LISBOA DE AMORIM, 1751
MACEIO;E.M. GASTONE LÚCIA DE CARVALHO BELTRÃO;CONJ. JARDIM ROYAL - MODULO II - QD Q, S/N;5;41;817;MACEIO|E.M. GASTONE LUCIA DE CARVALHO BELTRAO|CONJ. JARDIM ROYAL - MODULO II - QD Q, S/N
MACEIO;ESCOLA DE ENS. FUND. LINDOLFO COLLOR;AV GOVERNADOR THEOBALDO BARBOSA, S/N;6;40;817;MACEIO|ESCOLA DE ENS. FUND. LINDOLFO COLLOR|AV GOVERNADOR THEOBALDO BARBOSA, S/N
MACEIO;COLÉGIO DINÂMICO;AVENIDA MACEIÓ, N 83;5;41;811;MACEIO|COLEGIO DINAMICO|AVENIDA MACEIO, N 83
MACEIO;ESCOLA ESTADUAL JOÃO PAULO II;RUA MANOEL  INACIO, S/N;6;40;810;MACEIO|ESCOLA ESTADUAL JOAO PAULO II|RUA MANOEL INACIO, S/N
MACEIO;COLÉGIO SANTA AMÉLIA;RUA D, 11 LOTEAMENTO SANTA AMÉLIA;6;39;805;MACEIO|COLEGIO SANTA AMELIA|RUA D, 11 LOTEAMENTO SANTA AMELIA
MACEIO;ESC. EST. PROF. MÁRIO BROAD;AV. JULIO MARQUES LUZ, 231;6;44;796;MACEIO|ESC. EST. PROF. MARIO BROAD|AV. JULIO MARQUES LUZ, 231
MACEIO;ESC. EST. PROF. VIRGÍNIO DE CAMPOS;RUA FIRMINO DE VASCONCELOS, 22;7;41;788;MACEIO|ESC. EST. PROF. VIRGINIO DE CAMPOS|RUA FIRMINO DE VASCONCELOS, 22
MACEIO;SEST/SENAT;AV. DEP. CÉSAR ESUSTÁQUIO MALTA, 500;6;39;769;MACEIO|SEST/SENAT|AV. DEP. CESAR ESUSTAQUIO MALTA, 500
MACEIO;ESC. EST. JORNALISTA RAUL LIMA;RUA DA IGREJA, S/N;5;34;768;MACEIO|ESC. EST. JORNALISTA RAUL LIMA|RUA DA IGREJA, S/N
MACEIO;ESCOLA ESTADUAL DR. JÚLIO AUTO;CONJUNTO JOAQUIM LEAO, S/N;6;37;768;MACEIO|ESCOLA ESTADUAL DR. JULIO AUTO|CONJUNTO JOAQUIM LEAO, S/N
MACEIO;CEAGB - ESCOLA ESTADUAL PROFª  MARIA JOSÉ LOUREIRO;AV. FERNANDES LIMA, S/N;7;49;765;MACEIO|CEAGB - ESCOLA ESTADUAL PROFa MARIA JOSE LOUREIRO|AV. FERNANDES LIMA, S/N
MACEIO;ESCOLA ESTADUAL THOMAZ ESPÍNDOLA;RUA VEREADOR JOSÉ DE CALDAS, S/N;6;39;755;MACEIO|ESCOLA ESTADUAL THOMAZ ESPINDOLA|RUA VEREADOR JOSE DE CALDAS, S/N
MACEIO;CMEI GRACILIANO RAMOS;AV. JOSE HAILTON DOS SANTOS, 471;4;39;744;MACEIO|CMEI GRACILIANO RAMOS|AV. JOSE HAILTON DOS SANTOS, 471
MACEIO;E.M. SILVIA CELINA NUNES LIMA;RUA BENEDITO CALAÇA LOUREIRO, 2001;4;38;741;MACEIO|E.M. SILVIA CELINA NUNES LIMA|RUA BENEDITO CALACA LOUREIRO, 2001
MACEIO;COLEGIO ATHENEU;ESTRADA DA CODEAL, 33;5;40;737;MACEIO|COLEGIO ATHENEU|ESTRADA DA CODEAL, 33
MACEIO;E.M. LUIZ PEDRO DA SILVA;RUA DEPUTADO JOSÉ BERNARDES, 10;4;38;726;MACEIO|E.M. LUIZ PEDRO DA SILVA|RUA DEPUTADO JOSE BERNARDES, 10
MACEIO;ESCOLA MUNICIPAL DE ENSINO FUNDAMENTAL MARIA DE FÁTIMA MELO;AV MACEIO, 342;6;42;723;MACEIO|ESCOLA MUNICIPAL DE ENSINO FUNDAMENTAL MARIA DE FATIMA MELO|AV MACEIO, 342
MACEIO;GRUPO ESCOLAR ANTÔNIO VASCO;PRACA JOSE EMIDIO DE CARVALHO, S/N;3;35;723;MACEIO|GRUPO ESCOLAR ANTONIO VASCO|PRACA JOSE EMIDIO DE CARVALHO, S/N
MACEIO;ESC. EST. PROF. CARLOS POVINA CAVALCANTE;RUA SANTA LUZIA, S/N;3;30;713;MACEIO|ESC. EST. PROF. CARLOS POVINA CAVALCANTE|RUA SANTA LUZIA, S/N
MACEIO;CAIC-ESCOLA ESTADUAL MARIA RITA LYRA DE ALMEIDA;AV. SENADOR RUI PALMEIRA, S/N;6;34;712;MACEIO|CAIC-ESCOLA ESTADUAL MARIA RITA LYRA DE ALMEIDA|AV. SENADOR RUI PALMEIRA, S/N
MACEIO;CESMAC- CAMPOS IV - EDF. PROFº ELIAS PASSOS TENÓRIO (ANTIGO GUIDO);RUA PROF ÂNGELO NETO, N 51;8;45;698;MACEIO|CESMAC- CAMPOS IV - EDF. PROFo ELIAS PASSOS TENORIO (ANTIGO GUIDO)|RUA PROF ANGELO NETO, N 51
MACEIO;COLÉGIO ELITE LOTEAMENTO MONTE BELLO;RUA PADRE CÍCERO, 342;5;44;687;MACEIO|COLEGIO ELITE LOTEAMENTO MONTE BELLO|RUA PADRE CICERO, 342
MACEIO;ESCOLA SANTA ROSA;TRAV FIRMINO DE VASCONCELOS, 100;5;37;680;MACEIO|ESCOLA SANTA ROSA|TRAV FIRMINO DE VASCONCELOS, 100
MACEIO;COLÉGIO BRASIL (ANTIGO ISAAC NEWTON);RUA FERNANDO MENDES PINTO, N 11;5;45;674;MACEIO|COLEGIO BRASIL (ANTIGO ISAAC NEWTON)|RUA FERNANDO MENDES PINTO, N 11
MACEIO;ESCOLA ESTADUAL TAVARES BASTOS;PRAÇA CENTENÁRIO, S/N;5;42;659;MACEIO|ESCOLA ESTADUAL TAVARES BASTOS|PRACA CENTENARIO, S/N
MACEIO;ESCOLA DE ENSINO FUNDAMENTAL DOM HELDER CÂMARA;RUA ACRE, S/N;4;35;653;MACEIO|ESCOLA DE ENSINO FUNDAMENTAL DOM HELDER CAMARA|RUA ACRE, S/N
MACEIO;COLÉGIO CRISTO REI;RUA CLAUDIO LIVIO, 83;5;41;644;MACEIO|COLEGIO CRISTO REI|RUA CLAUDIO LIVIO, 83
MACEIO;CRECHE AGENOR FERNANDES PONTES;VILA GOIABEIRA, 132;2;22;642;MACEIO|CRECHE AGENOR FERNANDES PONTES|VILA GOIABEIRA, 132
MACEIO;EDIFÍCIO DO SENAC;AV. PEDRO PAULINO, 77;5;40;635;MACEIO|EDIFICIO DO SENAC|AV. PEDRO PAULINO, 77
MACEIO;ESCOLA DE EDUCAÇÃO BÁSICA ATUAL;RUA ZACARIAS FONTAN DE MELO, 03;3;43;630;MACEIO|ESCOLA DE EDUCACAO BASICA ATUAL|RUA ZACARIAS FONTAN DE MELO, 03
MACEIO;ESC. DE ENSINO FUND. PROF. ANTÍDIO VIEIRA;RUA DR PAULO NETO, S/N;6;39;624;MACEIO|ESC. DE ENSINO FUND. PROF. ANTIDIO VIEIRA|RUA DR PAULO NETO, S/N
MACEIO;ESCOLA EST. PROF. LIBERALINO BONFIM DE OLIVEIRA;RUA DO CRAVO, S/N;4;31;624;MACEIO|ESCOLA EST. PROF. LIBERALINO BONFIM DE OLIVEIRA|RUA DO CRAVO, S/N
MACEIO;CMEI HERBERT DE SOUZA;ROD. AL 101 NORTE, S/N;4;37;618;MACEIO|CMEI HERBERT DE SOUZA|ROD. AL 101 NORTE, S/N
MACEIO;ESCOLA MUNICIPAL TEREZA DE JESUS;RUA SARGENTO JAIME, 75;5;39;617;MACEIO|ESCOLA MUNICIPAL TEREZA DE JESUS|RUA SARGENTO JAIME, 75
MACEIO;COLÉGIO VILA RICA;TV. MENINO MARCELO 99 A;4;40;615;MACEIO|COLEGIO VILA RICA|TV. MENINO MARCELO 99 A
MACEIO;ESC. EST. PROFª ANA COELHO PALMEIRA;CONJ. ALFREDO GASPAR DE MENDONCA, S/N;4;39;612;MACEIO|ESC. EST. PROFa ANA COELHO PALMEIRA|CONJ. ALFREDO GASPAR DE MENDONCA, S/N
MACEIO;ESCOLA DE ENS. FUND. HERMÍNIO CARDOSO;RUA BARÃO DE JARAGUA, S/N;3;26;607;MACEIO|ESCOLA DE ENS. FUND. HERMINIO CARDOSO|RUA BARAO DE JARAGUA, S/N
MACEIO;CEAGB - ESCOLA ESTADUAL DOM PEDRO II;AV. FERNANDES LIMA, S/N;5;43;601;MACEIO|CEAGB - ESCOLA ESTADUAL DOM PEDRO II|AV. FERNANDES LIMA, S/N
MACEIO;ESC. MUN. PIO X (PRÉDIO DO ANTIGO COL.SAGRADA FAMÍLIA);RUA PROFESSORA ZEZE LOUREIRO, 200;5;40;594;MACEIO|ESC. MUN. PIO X (PREDIO DO ANTIGO COL.SAGRADA FAMILIA)|RUA PROFESSORA ZEZE LOUREIRO, 200
MACEIO;INSTITUTO FEDERAL DE ALAGOAS - IFAL (ANTIGO CEFET);RUA MIZAEL DOMINGUES, N 530;5;43;594;MACEIO|INSTITUTO FEDERAL DE ALAGOAS - IFAL (ANTIGO CEFET)|RUA MIZAEL DOMINGUES, N 530
MACEIO;ESCOLA DE ENSINO FUNDAMENTAL PROFº PAULO FREIRE;AV JOSÉ AIRTON GONDIM LAMENHA SN;4;41;587;MACEIO|ESCOLA DE ENSINO FUNDAMENTAL PROFo PAULO FREIRE|AV JOSE AIRTON GONDIM LAMENHA SN
MACEIO;ESC. MUN. PROFª NEIDE DE FREITAS FRANÇA;CONJ. OTACILIO HOLANDA, S/N;4;32;586;MACEIO|ESC. MUN. PROFa NEIDE DE FREITAS FRANCA|CONJ. OTACILIO HOLANDA, S/N
MACEIO;COLÉGIO LEONARDO DA VINCI  ( ANTIGO PRÍNCIPE DA PAZ);RUA XAVIER DE BRITO, 891;4;38;576;MACEIO|COLEGIO LEONARDO DA VINCI ( ANTIGO PRINCIPE DA PAZ)|RUA XAVIER DE BRITO, 891
MACEIO;ESCOLA MUN. DOM MIGUEL FENELON CÂMARA;LOTEAMENTO JARDIM PETROPOLIS II, SN, QD 26;4;37;564;MACEIO|ESCOLA MUN. DOM MIGUEL FENELON CAMARA|LOTEAMENTO JARDIM PETROPOLIS II, SN, QD 26
MACEIO;COLÉGIO SANTA AMÉLIA GRUTA;RUA EURICO ACYOLE WANDERLEY, N 804;5;43;559;MACEIO|COLEGIO SANTA AMELIA GRUTA|RUA EURICO ACYOLE WANDERLEY, N 804
MACEIO;E.E. AQUILINA BULHÕES BARROS;RUA HENRIQUE FRANCISCO BULHÕES, 14 QD C;4;36;559;MACEIO|E.E. AQUILINA BULHOES BARROS|RUA HENRIQUE FRANCISCO BULHOES, 14 QD C
MACEIO;COLÉGIO ROSA MÍSTICA;CONJUNTO OSMAN LOUREIRO, RUA 15, N 133, QD C2;3;37;536;MACEIO|COLEGIO ROSA MISTICA|CONJUNTO OSMAN LOUREIRO, RUA 15, N 133, QD C2
MACEIO;ESCOLA ESTADUAL JOSÉ OLIVEIRA SILVA;RUA JARDIM ESPERANCA, S/N;4;39;528;MACEIO|ESCOLA ESTADUAL JOSE OLIVEIRA SILVA|RUA JARDIM ESPERANCA, S/N
MACEIO;COLÉGIO DA IMACULADA CONCEIÇÃO;AV. DR. ANTÔNIO GOUVEIA, 507;5;36;526;MACEIO|COLEGIO DA IMACULADA CONCEICAO|AV. DR. ANTONIO GOUVEIA, 507
MACEIO;EDUCANDÁRIO EUNICE WEAVER;AV. GUSTAVO PAIVA, 2359;5;41;523;MACEIO|EDUCANDARIO EUNICE WEAVER|AV. GUSTAVO PAIVA, 2359
MACEIO;ESCOLA DE IDIOMAS YES ALDEBARAN (ANTIGO COND. ALDEBARAN);RUA DEP. ARMANDO MOREIRA SOARES, N 210;4;38;523;MACEIO|ESCOLA DE IDIOMAS YES ALDEBARAN (ANTIGO COND. ALDEBARAN)|RUA DEP. ARMANDO MOREIRA SOARES, N 210
MACEIO;ESCOLA MUN. CLAUDINETE BATISTA;RUA ARY PITOMBO, N 290;4;37;507;MACEIO|ESCOLA MUN. CLAUDINETE BATISTA|RUA ARY PITOMBO, N 290
MACEIO;COLÉGIO OURO PRETO;RUA PADRE CÍCERO, 3431;3;36;502;MACEIO|COLEGIO OURO PRETO|RUA PADRE CICERO, 3431
MACEIO;ESCOLA PADRE PIERRE VIGNE;RUA JOEL VIEIRA DOS ANJOS 358;4;40;499;MACEIO|ESCOLA PADRE PIERRE VIGNE|RUA JOEL VIEIRA DOS ANJOS 358
MACEIO;ESCOLA MUNICIPAL JOÃO FEITOSA;RUA SÃO LUIZ, RESIDENCIAL  VALE DO TOCANTINS;2;34;496;MACEIO|ESCOLA MUNICIPAL JOAO FEITOSA|RUA SAO LUIZ, RESIDENCIAL VALE DO TOCANTINS
MACEIO;ESCOLA MUN. PROF. DERALDO CAMPOS;RUA TENENTE MOISÉS S. FIRMINO, S/N;4;42;495;MACEIO|ESCOLA MUN. PROF. DERALDO CAMPOS|RUA TENENTE MOISES S. FIRMINO, S/N
MACEIO;SEDE DO SOPÃO SOPROBEM;RUA DR. OSWALDO CRUZ, S/N;6;38;487;MACEIO|SEDE DO SOPAO SOPROBEM|RUA DR. OSWALDO CRUZ, S/N
MACEIO;ESCOLA MÁRIO MAFRA;RUA SANTA FÉ, S/N;3;39;477;MACEIO|ESCOLA MARIO MAFRA|RUA SANTA FE, S/N
MACEIO;INSS;AV. DONA CONSTANCIA DE GOES MONTEIRO, S/N;4;43;467;MACEIO|INSS|AV. DONA CONSTANCIA DE GOES MONTEIRO, S/N
MACEIO;ESC. EST. PROFª EROTILDES RODRIGUES SALDANHA (EX SEN PETRÔNIO PORTELA);RUA GOV. LAMENHA FILHO, S/N;3;39;461;MACEIO|ESC. EST. PROFa EROTILDES RODRIGUES SALDANHA (EX SEN PETRONIO PORTELA)|RUA GOV. LAMENHA FILHO, S/N
MACEIO;COLÉGIO DOM BOSCO (ANTIGO COLÉGIO CARVALHO);RUA EURICO AYRES N. 131;3;36;452;MACEIO|COLEGIO DOM BOSCO (ANTIGO COLEGIO CARVALHO)|RUA EURICO AYRES N. 131
MACEIO;ESCOLA EST. DOM ADELMO MACHADO;RUA DOM ADELMO MACHADO, S/N;3;34;451;MACEIO|ESCOLA EST. DOM ADELMO MACHADO|RUA DOM ADELMO MACHADO, S/N
MACEIO;ESCOLA PROFº MANOEL COELHO NETO;RUA MANOEL FLORENTINO DA SILVA 190;4;36;439;MACEIO|ESCOLA PROFo MANOEL COELHO NETO|RUA MANOEL FLORENTINO DA SILVA 190
MACEIO;ESCOLA ESTADUAL DEPUTADO GUILHERMINO DE OLIVEIRA;RUA ABELARDO PONTES LIMA, S/N;3;37;433;MACEIO|ESCOLA ESTADUAL DEPUTADO GUILHERMINO DE OLIVEIRA|RUA ABELARDO PONTES LIMA, S/N
MACEIO;ESC. MUN. SAGRADO CORAÇÃO DE JESUS;RUA DELMIRO GOUVEIA,S/N;4;39;425;MACEIO|ESC. MUN. SAGRADO CORACAO DE JESUS|RUA DELMIRO GOUVEIA,S/N
MACEIO;ESCOLA DE ENSINO FUNDAMENTAL DR. JOSÉ CARNEIRO;RUA BERNARDO LOPES S/N;4;37;411;MACEIO|ESCOLA DE ENSINO FUNDAMENTAL DR. JOSE CARNEIRO|RUA BERNARDO LOPES S/N
MACEIO;COLÉGIO SÃO JUDAS TADEU;RUA ADOLFO GUSTAVO, 435;3;39;408;MACEIO|COLEGIO SAO JUDAS TADEU|RUA ADOLFO GUSTAVO, 435
MACEIO;COLÉGIO SANTA MADALENA SOFIA;AV TOMÁS ESPÍNDOLA, 402;3;41;389;MACEIO|COLEGIO SANTA MADALENA SOFIA|AV TOMAS ESPINDOLA, 402
MACEIO;ESCOLA EST. PROF. LUÍS CARLOS;RUA CORONEL ADAUTO GOMES BARBOSA, S/N;2;38;387;MACEIO|ESCOLA EST. PROF. LUIS CARLOS|RUA CORONEL ADAUTO GOMES BARBOSA, S/N
MACEIO;CEAGB - ESCOLA ESTADUAL JOSE DA SILVA CAMERINO;AV. FERNANDES LIMA, S/N;4;40;386;MACEIO|CEAGB - ESCOLA ESTADUAL JOSE DA SILVA CAMERINO|AV. FERNANDES LIMA, S/N
MACEIO;E.M. JORGE DE LIMA;AV BELMIRO AMORIM, 1750;2;40;383;MACEIO|E.M. JORGE DE LIMA|AV BELMIRO AMORIM, 1750
MACEIO;ESCOLA MUN. PROFª MARIA NILDA;RUA SANTA CLARA, S/N;4;31;383;MACEIO|ESCOLA MUN. PROFa MARIA NILDA|RUA SANTA CLARA, S/N
MACEIO;ESC. MUN. NOSSA SRª APARECIDA (PRÉDIO DO ANTIGO COL.SAGRADA FAMÍLIA);RUA PROFESSORA MARIA JOSÉ LOUREIRO, S/N;3;35;364;MACEIO|ESC. MUN. NOSSA SRa APARECIDA (PREDIO DO ANTIGO COL.SAGRADA FAMILIA)|RUA PROFESSORA MARIA JOSE LOUREIRO, S/N
MACEIO;ESCOLA PATINHO FEIO;RUA PREFEITO ABDON ARROXELAS, N.760;3;38;357;MACEIO|ESCOLA PATINHO FEIO|RUA PREFEITO ABDON ARROXELAS, N.760
MACEIO;ESCOLA HIGINO BELO;AV SANTA RITA DE CÁSSIA;4;39;351;MACEIO|ESCOLA HIGINO BELO|AV SANTA RITA DE CASSIA
MACEIO;E.E. OTACÍLIO HOLANDA DE ANDRADE;RUA SAO LUIZ, 09;2;36;343;MACEIO|E.E. OTACILIO HOLANDA DE ANDRADE|RUA SAO LUIZ, 09
MACEIO;ESCOLA ESTADUAL MAJOR EDUARDO EMILIANO DA FONSECA;RUA DR LUIS DE BARROS, S/N;3;34;339;MACEIO|ESCOLA ESTADUAL MAJOR EDUARDO EMILIANO DA FONSECA|RUA DR LUIS DE BARROS, S/N
MACEIO;COLÉGIO SÃO JERÔNIMO;RUA JACI MELO, S/N, C6JX, 7R, JARDIM DA SAÚDE;2;32;338;MACEIO|COLEGIO SAO JERONIMO|RUA JACI MELO, S/N, C6JX, 7R, JARDIM DA SAUDE
MACEIO;CEAGB - ESCOLA ESTADUAL TEOTÔNIO VILELA;AV. FERNANDES LIMA S/N;3;35;313;MACEIO|CEAGB - ESCOLA ESTADUAL TEOTONIO VILELA|AV. FERNANDES LIMA S/N
MACEIO;CMEI SÔNIA CAVALCANTI;RUA GENERAL HERMES, S/N, BOM PARTO (VIZ. À SEMED);4;32;295;MACEIO|CMEI SONIA CAVALCANTI|RUA GENERAL HERMES, S/N, BOM PARTO (VIZ. A SEMED)
MACEIO;SEADES - SEC. DE EST. DA ASSISTÊNCIA E DESENVOLVIMENTO SOCIAL;RUA COMENDADOR CALACA 1339;3;36;286;MACEIO|SEADES - SEC. DE EST. DA ASSISTENCIA E DESENVOLVIMENTO SOCIAL|RUA COMENDADOR CALACA 1339
MACEIO;ESCOLA DE CEGOS CYRO ACCIOLY;RUA DR. PEDRO MONTEIRO, S/N;4;35;278;MACEIO|ESCOLA DE CEGOS CYRO ACCIOLY|RUA DR. PEDRO MONTEIRO, S/N
MACEIO;ESCOLA PROFª MALBA LINS COSTA;TRAVESSA BOA ESPERANÇA S/N;3;33;278;MACEIO|ESCOLA PROFa MALBA LINS COSTA|TRAVESSA BOA ESPERANCA S/N
MACEIO;ESCOLA ESTADUAL SANTA TEREZA DÁVILA;RUA PÃO DE AÇÚCAR, 120;2;32;275;MACEIO|ESCOLA ESTADUAL SANTA TEREZA DAVILA|RUA PAO DE ACUCAR, 120
MACEIO;CMEI PROFESSORA KYRA MARIA BARROS PAES;AV. MUNIZ FALCÃO, S/N;1;32;253;MACEIO|CMEI PROFESSORA KYRA MARIA BARROS PAES|AV. MUNIZ FALCAO, S/N
MACEIO;ESCOLA MUNICIPAL PROFª ZILKA DE OLIVEIRA GRAÇA (ANTIGO ERALDO GOMES);RUA FIRMO CORREIA DE ARAUJO, 276;2;31;246;MACEIO|ESCOLA MUNICIPAL PROFa ZILKA DE OLIVEIRA GRACA (ANTIGO ERALDO GOMES)|RUA FIRMO CORREIA DE ARAUJO, 276
MACEIO;COLÉGIO SÃO JORGE;RUA ALEXANDRE PASSOS, 359;2;36;235;MACEIO|COLEGIO SAO JORGE|RUA ALEXANDRE PASSOS, 359
MACEIO;ESCOLA ESTADUAL PROFESSOR JOSÉ VITORINO DA ROCHA PINHEIRO;RUA ANTÔNIO PROCÓPIO, 165;2;37;201;MACEIO|ESCOLA ESTADUAL PROFESSOR JOSE VITORINO DA ROCHA PINHEIRO|RUA ANTONIO PROCOPIO, 165
MACEIO;ESCOLA DE EDUCAÇÃO BÁSICA JOSÉ GONZAGA;RUA 7 DE SETEMBRO, N 344;1;34;199;MACEIO|ESCOLA DE EDUCACAO BASICA JOSE GONZAGA|RUA 7 DE SETEMBRO, N 344
MACEIO;ESCOLA S E S I;RUA GENERAL HERMES, 485;2;35;182;MACEIO|ESCOLA S E S I|RUA GENERAL HERMES, 485
MACEIO;CMEI MARECHAL JOÃO MASCARENHAS DE MORAES;RUA CÔNEGO VALENTE, S/N;2;37;179;MACEIO|CMEI MARECHAL JOAO MASCARENHAS DE MORAES|RUA CONEGO VALENTE, S/N
MACEIO;SUMESE;AV DURVAL DE GOES MONTEIRO, S/N;1;15;106;MACEIO|SUMESE|AV DURVAL DE GOES MONTEIRO, S/N
MACEIO;COMPLEXO PENITENCIÁRIO DE MACEIÓ;BR 104 - KM 01;1;6;15;MACEIO|COMPLEXO PENITENCIARIO DE MACEIO|BR 104 - KM 01
MARECHAL DEODORO;ESCOLA ESTADUAL ROSA MARIA PAULINA DA FONSECA;AV SÃO JOSÉ SN;11;30;1631;MARECHAL DEODORO|ESCOLA ESTADUAL ROSA MARIA PAULINA DA FONSECA|AV SAO JOSE SN
MARECHAL DEODORO;ESCOLA MUNICIPAL GOVERNADOR LUIZ CAVALCANTE;RODOVIA EDVAL LEMOS;11;31;1530;MARECHAL DEODORO|ESCOLA MUNICIPAL GOVERNADOR LUIZ CAVALCANTE|RODOVIA EDVAL LEMOS
MARECHAL DEODORO;INSTITUTO FEDERAL DE ALAGOAS IF/AL;RUA LOURIVAL ALFREDO N 176;10;29;1339;MARECHAL DEODORO|INSTITUTO FEDERAL DE ALAGOAS IF/AL|RUA LOURIVAL ALFREDO N 176
MARECHAL DEODORO;ESCOLA MUNICIPAL ALTINA RIBEIRO TOLEDO;VILA ALTINA SN;8;27;1189;MARECHAL DEODORO|ESCOLA MUNICIPAL ALTINA RIBEIRO TOLEDO|VILA ALTINA SN
MARECHAL DEODORO;ESCOLA ESTADUAL JOSÉ CORREIA DA SILVA TITARA;LOT BOSQUE DA MASSAGUEIRA N 3A;9;31;1166;MARECHAL DEODORO|ESCOLA ESTADUAL JOSE CORREIA DA SILVA TITARA|LOT BOSQUE DA MASSAGUEIRA N 3A
MARECHAL DEODORO;ESCOLA MUNICIPAL PREFEITO MANOEL MESSIAS DOS SANTOS;RUA SALVADOR S/N LOT. LUAR DO FRANCÊS;8;29;1118;MARECHAL DEODORO|ESCOLA MUNICIPAL PREFEITO MANOEL MESSIAS DOS SANTOS|RUA SALVADOR S/N LOT. LUAR DO FRANCES
MARECHAL DEODORO;ESCOLA MUNICIPAL CARLOS AVELINO DA SILVA;RES MARIA GISLENE MATHEUS, S/N;6;26;1055;MARECHAL DEODORO|ESCOLA MUNICIPAL CARLOS AVELINO DA SILVA|RES MARIA GISLENE MATHEUS, S/N
MARECHAL DEODORO;ESCOLA MUNICIPAL MARIA PETRONILA DE GOUVEA;RUA MARINITA DE GOUVEIA SN;8;34;1031;MARECHAL DEODORO|ESCOLA MUNICIPAL MARIA PETRONILA DE GOUVEA|RUA MARINITA DE GOUVEIA SN
MARECHAL DEODORO;NEI TÂNIA CAVALCANTE;AV CATUÇABA SN;6;24;979;MARECHAL DEODORO|NEI TANIA CAVALCANTE|AV CATUCABA SN
MARECHAL DEODORO;ESCOLA MUNICIPAL JOSÉ BISPO DA SILVA;AV. CATUÇABA, S/N;5;23;940;MARECHAL DEODORO|ESCOLA MUNICIPAL JOSE BISPO DA SILVA|AV. CATUCABA, S/N
MARECHAL DEODORO;ESCOLA MUNICIPAL DR. CLÁUDIO ROBERTO COSTA DOS SANTOS;AV BENEDITO AGNELO DE LIMA SN;6;28;932;MARECHAL DEODORO|ESCOLA MUNICIPAL DR. CLAUDIO ROBERTO COSTA DOS SANTOS|AV BENEDITO AGNELO DE LIMA SN
MARECHAL DEODORO;NEI ADÉLIA CAVALCANTE COSTA;RUA DOS CAJUEIROS;5;28;887;MARECHAL DEODORO|NEI ADELIA CAVALCANTE COSTA|RUA DOS CAJUEIROS
MARECHAL DEODORO;ESCOLA ESTADUAL DEODORO DA FONSECA;PRACA PEDRO PAULINO SN;7;31;870;MARECHAL DEODORO|ESCOLA ESTADUAL DEODORO DA FONSECA|PRACA PEDRO PAULINO SN
MARECHAL DEODORO;NEI MARIA IRENE DA SILVA;AV VIOLETA SN RD DENISSON AMORIM;5;26;782;MARECHAL DEODORO|NEI MARIA IRENE DA SILVA|AV VIOLETA SN RD DENISSON AMORIM
MARECHAL DEODORO;ESCOLA MUNICIPAL DR. JOVINIANO DE ALMEIDA RODAS;RUA SAO PEDRO SN;6;31;744;MARECHAL DEODORO|ESCOLA MUNICIPAL DR. JOVINIANO DE ALMEIDA RODAS|RUA SAO PEDRO SN
MARECHAL DEODORO;ESCOLA MUNICIPAL D. MARIA DE ARAUJO LOBO;BECO DA BARRA;5;28;740;MARECHAL DEODORO|ESCOLA MUNICIPAL D. MARIA DE ARAUJO LOBO|BECO DA BARRA
MARECHAL DEODORO;ESCOLA SESI - PROF. WILTON GAMA;RUA TENENTE JOSÉ TOMÉ SN;5;29;652;MARECHAL DEODORO|ESCOLA SESI - PROF. WILTON GAMA|RUA TENENTE JOSE TOME SN
MARECHAL DEODORO;ESCOLA MUNICIPAL ADELINA DE CARVALHO MELO;RUA ADELINA DE CARVALHO MELO SN;3;21;557;MARECHAL DEODORO|ESCOLA MUNICIPAL ADELINA DE CARVALHO MELO|RUA ADELINA DE CARVALHO MELO SN
MARECHAL DEODORO;ESCOLA PROFESSORA ELEUZA GALVÃO RODAS;RUA ARTHUR PAIVA REGO SN;4;28;542;MARECHAL DEODORO|ESCOLA PROFESSORA ELEUZA GALVAO RODAS|RUA ARTHUR PAIVA REGO SN
MARECHAL DEODORO;ESCOLA MUNICIPAL PREFEITO EDIVAL LEMOS SANTOS;AV. SAO JOSE POEIRA SN;4;24;536;MARECHAL DEODORO|ESCOLA MUNICIPAL PREFEITO EDIVAL LEMOS SANTOS|AV. SAO JOSE POEIRA SN
MARECHAL DEODORO;UBS - MARIA DO CARMO ARAÚJO SOARES;RUA ADELINA DE CARVALHO MELO, S/N;3;19;451;MARECHAL DEODORO|UBS - MARIA DO CARMO ARAUJO SOARES|RUA ADELINA DE CARVALHO MELO, S/N
PALMEIRA DOS INDIOS;COLÉGIO ESTADUAL HUMBERTO MENDES;AV GOV MUNIZ FALCÃO 701;22;36;2911;PALMEIRA DOS INDIOS|COLEGIO ESTADUAL HUMBERTO MENDES|AV GOV MUNIZ FALCAO 701
PALMEIRA DOS INDIOS;COLÉGIO CRISTO REDENTOR;AV. DEP. MEDEIROS NETO 51;21;41;2870;PALMEIRA DOS INDIOS|COLEGIO CRISTO REDENTOR|AV. DEP. MEDEIROS NETO 51
PALMEIRA DOS INDIOS;COLÉGIO SAGRADA FAMILIA;RUA DOM BOSCO 15;14;35;2087;PALMEIRA DOS INDIOS|COLEGIO SAGRADA FAMILIA|RUA DOM BOSCO 15
PALMEIRA DOS INDIOS;ESCOLA MUNICIPAL DOUTOR GERSON JATOBÁ LEITE;AV. BRASÍLIA, N. 39;16;33;1862;PALMEIRA DOS INDIOS|ESCOLA MUNICIPAL DOUTOR GERSON JATOBA LEITE|AV. BRASILIA, N. 39
PALMEIRA DOS INDIOS;ESCOLA MUNICIPAL MARCELO MINERVO DOS SANTOS PIMENTEL;AV GRACILIANO RAMOS, 246;14;34;1527;PALMEIRA DOS INDIOS|ESCOLA MUNICIPAL MARCELO MINERVO DOS SANTOS PIMENTEL|AV GRACILIANO RAMOS, 246
PALMEIRA DOS INDIOS;FACULDADE CESMAC DO SERTÃO;RUA BRAÚLIO MONTENEGRO, S/N, VILA MARIA;10;34;1505;PALMEIRA DOS INDIOS|FACULDADE CESMAC DO SERTAO|RUA BRAULIO MONTENEGRO, S/N, VILA MARIA
PALMEIRA DOS INDIOS;GRUPO ESCOLAR ALMEIDA CAVALCANTE;RUA DUQUE DE CAXIAS SN;8;33;1182;PALMEIRA DOS INDIOS|GRUPO ESCOLAR ALMEIDA CAVALCANTE|RUA DUQUE DE CAXIAS SN
PALMEIRA DOS INDIOS;GRUPO ESCOLAR GRACILIANO RAMOS;RUA 15 DE NOVEMBRO SN ;9;36;1176;PALMEIRA DOS INDIOS|GRUPO ESCOLAR GRACILIANO RAMOS|RUA 15 DE NOVEMBRO SN
PALMEIRA DOS INDIOS;ESCOLA DE 1 GRAU ESTADO DE NOVA GERSEY;RUA SEBASTIÃO LIMA SN;8;33;1128;PALMEIRA DOS INDIOS|ESCOLA DE 1 GRAU ESTADO DE NOVA GERSEY|RUA SEBASTIAO LIMA SN
PALMEIRA DOS INDIOS;GRUPO ESCOLAR MONSENHOR MACEDO;RUA 15 DE NOVEMBRO SN ;7;32;1040;PALMEIRA DOS INDIOS|GRUPO ESCOLAR MONSENHOR MACEDO|RUA 15 DE NOVEMBRO SN
PALMEIRA DOS INDIOS;INSTITUTO FEDERAL DE ALAGOAS - IFAL;PALMEIRA DE FORA;6;29;949;PALMEIRA DOS INDIOS|INSTITUTO FEDERAL DE ALAGOAS - IFAL|PALMEIRA DE FORA
PALMEIRA DOS INDIOS;GRUPO ESCOLAR ANTÔNIA MACEDO;RUA CEL ANTÔNIO PANTALEÃO SN;5;28;864;PALMEIRA DOS INDIOS|GRUPO ESCOLAR ANTONIA MACEDO|RUA CEL ANTONIO PANTALEAO SN
PALMEIRA DOS INDIOS;ESCOLA ESTADUAL MANOEL PASSOS LIMA;RUA GERVÁSIO MOREIRA, S/N;4;29;646;PALMEIRA DOS INDIOS|ESCOLA ESTADUAL MANOEL PASSOS LIMA|RUA GERVASIO MOREIRA, S/N
PALMEIRA DOS INDIOS;ESCOLA ESTADUAL JOSÉ VICTORINO DA ROCHA;PRAÇA ANTONIO LEITE, S/N, CANAFÍSTULA;4;23;576;PALMEIRA DOS INDIOS|ESCOLA ESTADUAL JOSE VICTORINO DA ROCHA|PRACA ANTONIO LEITE, S/N, CANAFISTULA
PALMEIRA DOS INDIOS;CENTRO DE ESTUDOS SUPLETIVO REMI MAIA;RUA FRANCISCO MOURA SN;4;27;460;PALMEIRA DOS INDIOS|CENTRO DE ESTUDOS SUPLETIVO REMI MAIA|RUA FRANCISCO MOURA SN
PALMEIRA DOS INDIOS;ESCOLA MUNICIPAL PEDRO RODRIGUES GAIA;POVOADO CORURIPE DA CAL;2;19;435;PALMEIRA DOS INDIOS|ESCOLA MUNICIPAL PEDRO RODRIGUES GAIA|POVOADO CORURIPE DA CAL
PALMEIRA DOS INDIOS;ESCOLA ESTADUAL DIJANIRA SANTOS SILVA;POVOADO SANTO ANTÔNIO;3;22;391;PALMEIRA DOS INDIOS|ESCOLA ESTADUAL DIJANIRA SANTOS SILVA|POVOADO SANTO ANTONIO
PALMEIRA DOS INDIOS;ESCOLA MUNICIPAL PROFESSORA ROSINHA PIMENTEL;AVENIDA CONSELHEIRO SEBASTIÃO LIMA, S/N;4;27;377;PALMEIRA DOS INDIOS|ESCOLA MUNICIPAL PROFESSORA ROSINHA PIMENTEL|AVENIDA CONSELHEIRO SEBASTIAO LIMA, S/N
PALMEIRA DOS INDIOS;ESCOLA MUNICIPAL NOÉ SIMPLÍCIO;POVOADO BONIFÁCIO;3;16;277;PALMEIRA DOS INDIOS|ESCOLA MUNICIPAL NOE SIMPLICIO|POVOADO BONIFACIO
PALMEIRA DOS INDIOS;ESCOLA ESTADUAL EGÍDIO BARBOSA;POVOADO LAGOA DO CALDEIRÃO;2;17;258;PALMEIRA DOS INDIOS|ESCOLA ESTADUAL EGIDIO BARBOSA|POVOADO LAGOA DO CALDEIRAO
PALMEIRA DOS INDIOS;UNIVERSISADE ESTADUAL DE ALAGOAS - UNEAL - PALMERIA DOS ÍNDIOS;RODOVIA EDUARDO ALVES DA SILVA, KM 03;1;26;166;PALMEIRA DOS INDIOS|UNIVERSISADE ESTADUAL DE ALAGOAS - UNEAL - PALMERIA DOS INDIOS|RODOVIA EDUARDO ALVES DA SILVA, KM 03
PENEDO;COLÉGIO ESTADUAL COMENDADOR JOSÉ DA SILVA PEIXOTO;RUA CASTRO ALVES, S/N, EM FRENTE À CODEVASF;22;30;2285;PENEDO|COLEGIO ESTADUAL COMENDADOR JOSE DA SILVA PEIXOTO|RUA CASTRO ALVES, S/N, EM FRENTE A CODEVASF
PENEDO;COLÉGIO DIOCESANO DE PENEDO;PÇA. LARGO DE FÁTIMA, PX. À 9A. COORDENADORIA DE ENSINO DE ALAGOAS;12;30;1771;PENEDO|COLEGIO DIOCESANO DE PENEDO|PCA. LARGO DE FATIMA, PX. A 9A. COORDENADORIA DE ENSINO DE ALAGOAS
PENEDO;ESCOLA MUNICIPAL VEREADOR MANOEL SOARES DE MELO;RUA FLORIANO ROSA, S/N, PX. AO POSTO DE SAÚDE, CONJUNTO VILA MATIAS;12;28;1347;PENEDO|ESCOLA MUNICIPAL VEREADOR MANOEL SOARES DE MELO|RUA FLORIANO ROSA, S/N, PX. AO POSTO DE SAUDE, CONJUNTO VILA MATIAS
PENEDO;SESI - SENAI / UNIDADE PENEDO;AV. WANDERLEY, 922;11;25;1226;PENEDO|SESI - SENAI / UNIDADE PENEDO|AV. WANDERLEY, 922
PENEDO;ESCOLA ESTADUAL PROFESSOR ERNANI MÉRO (GRUPO ESCOLAR EXPERIMENTAL);PRAÇA LARGO DE FÁTIMA, S/N, EM FRENTE AO NUDEPE;12;27;1034;PENEDO|ESCOLA ESTADUAL PROFESSOR ERNANI MERO (GRUPO ESCOLAR EXPERIMENTAL)|PRACA LARGO DE FATIMA, S/N, EM FRENTE AO NUDEPE
PENEDO;COOPERATIVA EDUCACIONAL DE PENEDO - COOPEPE LTDA;PARQUE DR. ADAIL FREIRE PEREIRA, 127 (PRAÇA SANTA LUZIA);9;27;882;PENEDO|COOPERATIVA EDUCACIONAL DE PENEDO - COOPEPE LTDA|PARQUE DR. ADAIL FREIRE PEREIRA, 127 (PRACA SANTA LUZIA)
PENEDO;EMEB VEREADOR JOSÉ DA COSTA MANGABEIRA;RUA F, LOTEAMENTO SÃO GONÇALO, SN;6;26;811;PENEDO|EMEB VEREADOR JOSE DA COSTA MANGABEIRA|RUA F, LOTEAMENTO SAO GONCALO, SN
PENEDO;ESCOLA ESTADUAL DR. ALCIDES ANDRADE;ROD. ENGENHEIRO JOAQUIM GONÇALVES, S/N, PX. A GRANDE RIO VEÍCULOS;6;26;728;PENEDO|ESCOLA ESTADUAL DR. ALCIDES ANDRADE|ROD. ENGENHEIRO JOAQUIM GONCALVES, S/N, PX. A GRANDE RIO VEICULOS
PENEDO;IFAL - CAMPUS PENEDO;ROD ENGENHEIRO JOAQUIM GONÇALVES, S/N LOT SÃO JOSÉ;5;22;700;PENEDO|IFAL - CAMPUS PENEDO|ROD ENGENHEIRO JOAQUIM GONCALVES, S/N LOT SAO JOSE
PENEDO;ESCOLA ESTADUAL JOÃO VALERIANO DE OLIVEIRA;RUA JOÃO RAMALHO, SN;6;25;664;PENEDO|ESCOLA ESTADUAL JOAO VALERIANO DE OLIVEIRA|RUA JOAO RAMALHO, SN
PENEDO;EMEB HANNA BERTHOLET;POVOADO SANTA MARGARIDA;5;15;592;PENEDO|EMEB HANNA BERTHOLET|POVOADO SANTA MARGARIDA
PENEDO;FACULDADE RAIMUNDO MARINHO DE PENEDO;RUA 15 DE NOVEMBRO, FRM;5;22;579;PENEDO|FACULDADE RAIMUNDO MARINHO DE PENEDO|RUA 15 DE NOVEMBRO, FRM
PENEDO;GRUPO ESCOLAR ESTADUAL GABINO BESOURO;AVENIDA NILO PECANHA, 182, PRÓXIMO AO TIRO DE GUERRA;4;25;544;PENEDO|GRUPO ESCOLAR ESTADUAL GABINO BESOURO|AVENIDA NILO PECANHA, 182, PROXIMO AO TIRO DE GUERRA
PENEDO;ESCOLA DE ENSINO FUNDAMENTAL PROFESSOR DOUGLAS APRATTO TENÓRIO;RUA BRASÍLIA, S/N;5;21;464;PENEDO|ESCOLA DE ENSINO FUNDAMENTAL PROFESSOR DOUGLAS APRATTO TENORIO|RUA BRASILIA, S/N
PENEDO;EMEB IRMÃ JOLENTA (ANTIGO FREITAS);RUA SANTO ANTÔNIO, SN;4;28;461;PENEDO|EMEB IRMA JOLENTA (ANTIGO FREITAS)|RUA SANTO ANTONIO, SN
PENEDO;ESCOLA ESTADUAL HERMÍLIO DE FREITAS MELRO;AVENIDA WANDERLEY, 396, EM FRENTE AO SEMEP;3;26;384;PENEDO|ESCOLA ESTADUAL HERMILIO DE FREITAS MELRO|AVENIDA WANDERLEY, 396, EM FRENTE AO SEMEP
PENEDO;EMEB SANTO ANTÔNIO;POVOADO TABULEIRO DOS NEGROS;2;16;289;PENEDO|EMEB SANTO ANTONIO|POVOADO TABULEIRO DOS NEGROS
PENEDO;EMEB PROFª MARIA DA GLÓRIA PIMENTEIRA;POVOADO PONTA MOFINA;2;15;276;PENEDO|EMEB PROFa MARIA DA GLORIA PIMENTEIRA|POVOADO PONTA MOFINA
PENEDO;EMEB PROFESSOR IRÊNIO ARAÚJO;POVOADO MARITUBA DO PEIXE;2;13;259;PENEDO|EMEB PROFESSOR IRENIO ARAUJO|POVOADO MARITUBA DO PEIXE
PENEDO;UNIDADE DE ENSINO DE PENEDO/UFAL;AVENIDA BEIRA RIO, S/N, UFAL, PX. À DELEGACIA DE POLÍCIA;3;25;241;PENEDO|UNIDADE DE ENSINO DE PENEDO/UFAL|AVENIDA BEIRA RIO, S/N, UFAL, PX. A DELEGACIA DE POLICIA
PENEDO;ESCOLA ESTADUAL CLEMENTINO DO MONTE;PRAÇA CLEMENTINO DO MONTE, S/N (EM FRENTE AO PENEDENSE);2;19;206;PENEDO|ESCOLA ESTADUAL CLEMENTINO DO MONTE|PRACA CLEMENTINO DO MONTE, S/N (EM FRENTE AO PENEDENSE)
RIO LARGO;ESCOLA MUNICIPAL DR. GUSTAVO PAIVA;CJ BARNABÉ OITICICA II, SN, MATA DO ROLO;16;55;2868;RIO LARGO|ESCOLA MUNICIPAL DR. GUSTAVO PAIVA|CJ BARNABE OITICICA II, SN, MATA DO ROLO
RIO LARGO;COMPLEXO ESTADUAL PROFA CLAUDIZETE LIMA ELEUTERIO;CONJ GURIATA, S/N;12;54;2320;RIO LARGO|COMPLEXO ESTADUAL PROFA CLAUDIZETE LIMA ELEUTERIO|CONJ GURIATA, S/N
RIO LARGO;ESCOLA DE ENSINO FUND DR GASTAO OITICICA;AV JULIO CALHEIROS S/N;10;52;1550;RIO LARGO|ESCOLA DE ENSINO FUND DR GASTAO OITICICA|AV JULIO CALHEIROS S/N
RIO LARGO;ESCOLA ESTADUAL SANTOS DUMONT;BR 104 - DESTACAMENTO DA FAB - VILA MILITAR;9;56;1507;RIO LARGO|ESCOLA ESTADUAL SANTOS DUMONT|BR 104 - DESTACAMENTO DA FAB - VILA MILITAR
RIO LARGO;ESCOLA MUNICIPAL DE EDUCAÇÃO BASICA INDUSTRIAL LUIGI BAUDUCCO;AVENIDA PASTOR JOSUE LINS CONJUNTO CRUZEIRO DO SUL, C RESIDENCIAL;8;49;1447;RIO LARGO|ESCOLA MUNICIPAL DE EDUCACAO BASICA INDUSTRIAL LUIGI BAUDUCCO|AVENIDA PASTOR JOSUE LINS CONJUNTO CRUZEIRO DO SUL, C RESIDENCIAL
RIO LARGO;ESCOLA DE EDUCAÇÃO BÁSICA AGNUS DEI;AV. PRESIDENTE FERNANDO A. COLLO DE MELO,96, ANTONIO LINS DE SOUZA;8;52;1436;RIO LARGO|ESCOLA DE EDUCACAO BASICA AGNUS DEI|AV. PRESIDENTE FERNANDO A. COLLO DE MELO,96, ANTONIO LINS DE SOUZA
RIO LARGO;ESCOLA MUNICIPAL DE EDUCACAO BASICA D PEDRO I;RUA CURITIBA S/N;13;50;1340;RIO LARGO|ESCOLA MUNICIPAL DE EDUCACAO BASICA D PEDRO I|RUA CURITIBA S/N
RIO LARGO;ESCOLA DE ENSINO FUND PROF ROSINEIDE TEREZA MARTINS DA CONCEIÇÃO;EUCLIDES AFONSO DE MELO S/N;7;47;1209;RIO LARGO|ESCOLA DE ENSINO FUND PROF ROSINEIDE TEREZA MARTINS DA CONCEICAO|EUCLIDES AFONSO DE MELO S/N
RIO LARGO;GRUPO ESCOLAR DE I E II GRAUS FERNANDINA MALTA;AV ALBERTO SANTOS DUMONT, S/N;7;50;1207;RIO LARGO|GRUPO ESCOLAR DE I E II GRAUS FERNANDINA MALTA|AV ALBERTO SANTOS DUMONT, S/N
RIO LARGO;ESCOLA DE ENS FUND PROFESSORA EVANDA CARNEIRO DE VASCONCELOS;RUA SAO PEDRO S/N;9;46;1206;RIO LARGO|ESCOLA DE ENS FUND PROFESSORA EVANDA CARNEIRO DE VASCONCELOS|RUA SAO PEDRO S/N
RIO LARGO;ESCOLA PREFEITO WALTER DORIA DE FIGUEIREDO;CJ MARIO MAFRA, QUADRA D-04;6;48;1169;RIO LARGO|ESCOLA PREFEITO WALTER DORIA DE FIGUEIREDO|CJ MARIO MAFRA, QUADRA D-04
RIO LARGO;GRUPO ESCOLAR MANOEL SOARES DE SOUZA;VILA RAUL S/N;8;46;1134;RIO LARGO|GRUPO ESCOLAR MANOEL SOARES DE SOUZA|VILA RAUL S/N
RIO LARGO;ESCOLA MUNICIPAL TERESA CRISTINA LINS DE SOUZA COSTA;CJ RES. FRANCISCO TAVARES GRANJA, S/N;8;50;1025;RIO LARGO|ESCOLA MUNICIPAL TERESA CRISTINA LINS DE SOUZA COSTA|CJ RES. FRANCISCO TAVARES GRANJA, S/N
RIO LARGO;GRUPO ESCOLAR OZORIA MOURA DE LIMA;RUA  ANTONIO ELIAS CALHEIROS S/N;5;45;1017;RIO LARGO|GRUPO ESCOLAR OZORIA MOURA DE LIMA|RUA ANTONIO ELIAS CALHEIROS S/N
RIO LARGO;ESCOLA DE ENSINO FUNDAMENTAL MARIETA LEÃO;PATIO DA REDE FERROVIARIA S/N;10;43;941;RIO LARGO|ESCOLA DE ENSINO FUNDAMENTAL MARIETA LEAO|PATIO DA REDE FERROVIARIA S/N
RIO LARGO;ESCOLA MUNICIPAL DE ENSINO F. PROFESSOR JOSÉ EDMILSON;COJ NAPOLEÃO VIANA,S/N, BAR NOSSO, PREF  ANTONIO LINS DE SOUZA;7;50;852;RIO LARGO|ESCOLA MUNICIPAL DE ENSINO F. PROFESSOR JOSE EDMILSON|COJ NAPOLEAO VIANA,S/N, BAR NOSSO, PREF ANTONIO LINS DE SOUZA
RIO LARGO;GRUPO ESCOLAR PROFESSOR POMPEU SARMENTO;TRAV SANTA LUZIA S/N ;5;43;819;RIO LARGO|GRUPO ESCOLAR PROFESSOR POMPEU SARMENTO|TRAV SANTA LUZIA S/N
RIO LARGO;GRUPO ESCOLAR DALMARIO DE SOUZA;RUA ALTO DA SAUDADE SN;6;40;803;RIO LARGO|GRUPO ESCOLAR DALMARIO DE SOUZA|RUA ALTO DA SAUDADE SN
RIO LARGO;ESCOLA ESTADUAL TABULEIRO DO PINTO;RUA DA CAIXA SN;6;47;721;RIO LARGO|ESCOLA ESTADUAL TABULEIRO DO PINTO|RUA DA CAIXA SN
RIO LARGO;ANTIGA ESCOLA FRANCISCO LEÃO DO CENTRO;PRAÇA TEIZEIRA BARROS., SN;7;45;717;RIO LARGO|ANTIGA ESCOLA FRANCISCO LEAO DO CENTRO|PRACA TEIZEIRA BARROS., SN
RIO LARGO;GRUPO ESCOLAR ODILO ALVARES DE SOUZA;AV MUNIZ FALCAO SN;4;44;650;RIO LARGO|GRUPO ESCOLAR ODILO ALVARES DE SOUZA|AV MUNIZ FALCAO SN
RIO LARGO;CRECHE MUNICIPAL CELYRIO ADAMASTOR BARRETO ACIOLY;ROD AL 210, CJ EDSON NOVAES S/N;7;39;640;RIO LARGO|CRECHE MUNICIPAL CELYRIO ADAMASTOR BARRETO ACIOLY|ROD AL 210, CJ EDSON NOVAES S/N
RIO LARGO;ESCOLA DE EDUCAÇÃO INFANTIL AQUINO JAPIASSÚ;VILA MARÍLIA;4;43;630;RIO LARGO|ESCOLA DE EDUCACAO INFANTIL AQUINO JAPIASSU|VILA MARILIA
RIO LARGO;ESCOLA DE EDUCAÇÃO INFANTIL PADRE PAULINO;CONJUNTO MUTIRÃO;5;42;590;RIO LARGO|ESCOLA DE EDUCACAO INFANTIL PADRE PAULINO|CONJUNTO MUTIRAO
RIO LARGO;CRIA-CENTRO INFANTIL CORÁLIA GOMES DA SILVA;CJ JARBAS OITICICA, QD B2, N 45, MATA DO ROLO;3;36;555;RIO LARGO|CRIA-CENTRO INFANTIL CORALIA GOMES DA SILVA|CJ JARBAS OITICICA, QD B2, N 45, MATA DO ROLO
RIO LARGO;ESCOLA ESTADUAL JOÃO MORAIS CAVALCANTE;R. DO MATADOURO, CJ HAB JOSE FERNANDES TORRES, CJ MUTIRÃO;5;47;555;RIO LARGO|ESCOLA ESTADUAL JOAO MORAIS CAVALCANTE|R. DO MATADOURO, CJ HAB JOSE FERNANDES TORRES, CJ MUTIRAO
RIO LARGO;CMEI DESEMBARGADOR FRANCISCO WILDO LACERDA DANTAS;CJ ANTONIO LINS DE SOUSA , QD6, MATA DO ROLO;3;38;536;RIO LARGO|CMEI DESEMBARGADOR FRANCISCO WILDO LACERDA DANTAS|CJ ANTONIO LINS DE SOUSA , QD6, MATA DO ROLO
RIO LARGO;GRUPO ESCOLAR DERALDO CAMPOS;AVENIDA VAZ DE CASTRO S/N;3;39;366;RIO LARGO|GRUPO ESCOLAR DERALDO CAMPOS|AVENIDA VAZ DE CASTRO S/N
SAO MIGUEL DOS CAMPOS;ESCOLA MUNICIPAL DESEMBARGADOR JOSE FERNANDO LIMA SOUZA;RODOVIA BR 101, KM 69;14;30;2160;SAO MIGUEL DOS CAMPOS|ESCOLA MUNICIPAL DESEMBARGADOR JOSE FERNANDO LIMA SOUZA|RODOVIA BR 101, KM 69
SAO MIGUEL DOS CAMPOS;COLEGIO MUNICIPAL LUZINETE E LINDALVA JATOBA;AV. SAMPAIO MARQUES, S/N;15;29;1945;SAO MIGUEL DOS CAMPOS|COLEGIO MUNICIPAL LUZINETE E LINDALVA JATOBA|AV. SAMPAIO MARQUES, S/N
SAO MIGUEL DOS CAMPOS;ESCOLA MUNICIPAL RUI PALMEIRA;RUA CORONEL JOSE ANTONIO DA CRUZ, 54;11;30;1776;SAO MIGUEL DOS CAMPOS|ESCOLA MUNICIPAL RUI PALMEIRA|RUA CORONEL JOSE ANTONIO DA CRUZ, 54
SAO MIGUEL DOS CAMPOS;ESCOLA ANA LINS;RUA SENADOR MAXIMO, 130;10;28;1769;SAO MIGUEL DOS CAMPOS|ESCOLA ANA LINS|RUA SENADOR MAXIMO, 130
SAO MIGUEL DOS CAMPOS;ESCOLA MUNICIPAL PROFESSORA INEIDE NOGUEIRA ROCHA;RUA ALÍCIA VITÓRIA URBANO DE OLIVEIRA LOPES, QUADRA O1, S/N;11;28;1749;SAO MIGUEL DOS CAMPOS|ESCOLA MUNICIPAL PROFESSORA INEIDE NOGUEIRA ROCHA|RUA ALICIA VITORIA URBANO DE OLIVEIRA LOPES, QUADRA O1, S/N
SAO MIGUEL DOS CAMPOS;ESCOLA MUNICIPAL MARIA ROSA;RUA GERALDO SAMPAIO, S/N;9;30;1469;SAO MIGUEL DOS CAMPOS|ESCOLA MUNICIPAL MARIA ROSA|RUA GERALDO SAMPAIO, S/N
SAO MIGUEL DOS CAMPOS;ESCOLA MUNICIPAL MARIO SOARES PALMEIRA;RUA VISCONDE DE SINIMBU, 32;11;29;1196;SAO MIGUEL DOS CAMPOS|ESCOLA MUNICIPAL MARIO SOARES PALMEIRA|RUA VISCONDE DE SINIMBU, 32
SAO MIGUEL DOS CAMPOS;ESCOLA DE 1 E 2 GRAUS NUNILA MACHADO;VISCONDE DE SINIMBU, 182;5;27;1073;SAO MIGUEL DOS CAMPOS|ESCOLA DE 1 E 2 GRAUS NUNILA MACHADO|VISCONDE DE SINIMBU, 182
SAO MIGUEL DOS CAMPOS;ESCOLA DE ENSINO SUPERIOR DE SAO MIGUEL DOS CAMPOS;PRACA SENHORA DOS PRAZERES, SN;6;27;1005;SAO MIGUEL DOS CAMPOS|ESCOLA DE ENSINO SUPERIOR DE SAO MIGUEL DOS CAMPOS|PRACA SENHORA DOS PRAZERES, SN
SAO MIGUEL DOS CAMPOS;ESCOLA DE EDUCAÇÃO BÁSICA CONSTRUTIVISTA;RUA PROJETADA, 16;8;24;985;SAO MIGUEL DOS CAMPOS|ESCOLA DE EDUCACAO BASICA CONSTRUTIVISTA|RUA PROJETADA, 16
SAO MIGUEL DOS CAMPOS;ESCOLA MUNICIPAL DIONISIA APRATTO TENORIO;AV. PREFEITO PEDRO FERNANDES, S/N;8;26;844;SAO MIGUEL DOS CAMPOS|ESCOLA MUNICIPAL DIONISIA APRATTO TENORIO|AV. PREFEITO PEDRO FERNANDES, S/N
SAO MIGUEL DOS CAMPOS;ESCOLA MUNICIPAL PROFESSORA NOEMIA BASTOS;AVENIDA VERA CRUZ, 111;5;27;818;SAO MIGUEL DOS CAMPOS|ESCOLA MUNICIPAL PROFESSORA NOEMIA BASTOS|AVENIDA VERA CRUZ, 111
SAO MIGUEL DOS CAMPOS;ESCOLA DE 1 GRAU TARCISIO SOARES PALMEIRA;TRAVESSA SENADOR MAXIMO, 104;5;27;742;SAO MIGUEL DOS CAMPOS|ESCOLA DE 1 GRAU TARCISIO SOARES PALMEIRA|TRAVESSA SENADOR MAXIMO, 104
SAO MIGUEL DOS CAMPOS;COLÉGIO MUNICIPAL ESTHER SOARES TORRES;AVENIDA PREFEITO PEDRO FERNANDES DA COSTA, S/N;7;26;725;SAO MIGUEL DOS CAMPOS|COLEGIO MUNICIPAL ESTHER SOARES TORRES|AVENIDA PREFEITO PEDRO FERNANDES DA COSTA, S/N
SAO MIGUEL DOS CAMPOS;ESCOLA ESTADUAL PROFESSORA EDILEUZA OLIVEIRA DA SILVA;RUA PROJETADA, S/N;5;27;680;SAO MIGUEL DOS CAMPOS|ESCOLA ESTADUAL PROFESSORA EDILEUZA OLIVEIRA DA SILVA|RUA PROJETADA, S/N
SAO MIGUEL DOS CAMPOS;CRECHE JOSEFA BENEDITA DOS SANTOS;AVENIDA PEDRO FERNANDES DE COSTA;7;28;671;SAO MIGUEL DOS CAMPOS|CRECHE JOSEFA BENEDITA DOS SANTOS|AVENIDA PEDRO FERNANDES DE COSTA
UNIAO DOS PALMARES;COLEGIO DE ENSINO FUNDAMENTAL MONSENHOR CLOVIS DUARTE DE BARROS;RUA JARDIM BRASILIA;16;56;2887;UNIAO DOS PALMARES|COLEGIO DE ENSINO FUNDAMENTAL MONSENHOR CLOVIS DUARTE DE BARROS|RUA JARDIM BRASILIA
UNIAO DOS PALMARES;ESCOLA ESTADUAL CARLOS GOMES DE BARROS;AV. JOÃO LYRA FILHO, S/N;16;49;2690;UNIAO DOS PALMARES|ESCOLA ESTADUAL CARLOS GOMES DE BARROS|AV. JOAO LYRA FILHO, S/N
UNIAO DOS PALMARES;COLEGIO DR. MARIO GOMES DE BARROS;RUA JARDIM BRASILIA 378;17;53;2193;UNIAO DOS PALMARES|COLEGIO DR. MARIO GOMES DE BARROS|RUA JARDIM BRASILIA 378
UNIAO DOS PALMARES;ESCOLA MUNICIPAL JAIRO CORREIA VIANA;RUA TAVARES BASTOS 206;14;51;2005;UNIAO DOS PALMARES|ESCOLA MUNICIPAL JAIRO CORREIA VIANA|RUA TAVARES BASTOS 206
UNIAO DOS PALMARES;COLEGIO JOSE CORREIA VIANA;RUA SANTA MARIA MADALENA, 226;10;51;1705;UNIAO DOS PALMARES|COLEGIO JOSE CORREIA VIANA|RUA SANTA MARIA MADALENA, 226
UNIAO DOS PALMARES;ESCOLA MUNICIPAL JOÃO COSTA DE OLIVEIRA;QUADRA P1, S/N;9;54;1364;UNIAO DOS PALMARES|ESCOLA MUNICIPAL JOAO COSTA DE OLIVEIRA|QUADRA P1, S/N
UNIAO DOS PALMARES;ESCOLA ESTADUAL ROCHA CAVALCANTE;RUA CORREIA DE OLIVEIRA 200;7;44;1258;UNIAO DOS PALMARES|ESCOLA ESTADUAL ROCHA CAVALCANTE|RUA CORREIA DE OLIVEIRA 200
UNIAO DOS PALMARES;EDUCANDARIO OLIMPYA AUGUSTA DOS SANTOS;RUA CORONEL JOSE BEZERRA MONTENEGRO, 105;8;43;1212;UNIAO DOS PALMARES|EDUCANDARIO OLIMPYA AUGUSTA DOS SANTOS|RUA CORONEL JOSE BEZERRA MONTENEGRO, 105
UNIAO DOS PALMARES;GRUPO ESCOLAR DR JORGE DE LIMA;RUA TAVARES BASTOS, SN;7;47;1192;UNIAO DOS PALMARES|GRUPO ESCOLAR DR JORGE DE LIMA|RUA TAVARES BASTOS, SN
UNIAO DOS PALMARES;ESCOLA MUNICIPAL SALOMÉ DA ROCHA BARROS;RUA LINDOLFO GOMES CABRAL, 590;6;40;1000;UNIAO DOS PALMARES|ESCOLA MUNICIPAL SALOME DA ROCHA BARROS|RUA LINDOLFO GOMES CABRAL, 590
UNIAO DOS PALMARES;COLÉGIO ADVENTISTA;AV. HERMANO PLECH, 120;5;41;868;UNIAO DOS PALMARES|COLEGIO ADVENTISTA|AV. HERMANO PLECH, 120
UNIAO DOS PALMARES;ESCOLA DE ENSINO FUNDAMENTAL FILOMENA MEDEIROS;RUA EDGAR SARMENTO, 217;5;40;798;UNIAO DOS PALMARES|ESCOLA DE ENSINO FUNDAMENTAL FILOMENA MEDEIROS|RUA EDGAR SARMENTO, 217
UNIAO DOS PALMARES;ESCOLA ESTADUAL PAULO SARMENTO;RUA SENADOR RUI PALMEIRA, S/N;4;45;706;UNIAO DOS PALMARES|ESCOLA ESTADUAL PAULO SARMENTO|RUA SENADOR RUI PALMEIRA, S/N
UNIAO DOS PALMARES;CRECHE MUNICIPAL TIA SUZETE;CONJUNTO NOVA ESPERANÇA;4;39;694;UNIAO DOS PALMARES|CRECHE MUNICIPAL TIA SUZETE|CONJUNTO NOVA ESPERANCA
UNIAO DOS PALMARES;ESCOLA DE ENSINO FUNDAMENTAL FERNANDO JUAZEIRO;AV. DR. HERMANO PLECH 488;4;38;672;UNIAO DOS PALMARES|ESCOLA DE ENSINO FUNDAMENTAL FERNANDO JUAZEIRO|AV. DR. HERMANO PLECH 488
UNIAO DOS PALMARES;ESCOLA MUNICIPAL MARIA LEAL FEITOSA;RUA EDGAR SARMENTO, S/N;3;34;445;UNIAO DOS PALMARES|ESCOLA MUNICIPAL MARIA LEAL FEITOSA|RUA EDGAR SARMENTO, S/N
UNIAO DOS PALMARES;ESCOLA MUNICIPAL LUIZA DE FRANCA;RUA ALTO DO CRUZEIRO, S/N;3;28;316;UNIAO DOS PALMARES|ESCOLA MUNICIPAL LUIZA DE FRANCA|RUA ALTO DO CRUZEIRO, S/N
UNIAO DOS PALMARES;ESCOLA MUNICIPAL LAURA PEREIRA DA SILVA;RUA CUPERTINO DOS PRAZERES, S/N;3;29;241;UNIAO DOS PALMARES|ESCOLA MUNICIPAL LAURA PEREIRA DA SILVA|RUA CUPERTINO DOS PRAZERES, S/N
