municipio,local_nao_georreferenciado,local_nao_georreferenciado_normalizado,qtd_registros_afetados,melhor_correspondencia_georreferenciada,score_similaridade,status_match,latitude_sugerida,longitude_sugerida,qtd_registros_do_local_sugerido
MACEIO,ESCOLA DE ENSINO FUNDAMENTAL DR JOSE HAROLDO DA COSTA,ESCOLA DE ENSINO FUNDAMENTAL DOUTOR JOSE HAROLDO DA COSTA,594,ESCOLA DE ENSINO FUNDAMENTAL DR. JOSÉ CARNEIRO,0.8302,MATCH_FRACO,-9.627896,-35.7388809,122
RIO LARGO,ESCOLA MUNICIPAL DR. GUSTAVO PAIVA,ESCOLA MUNICIPAL DOUTOR GUSTAVO PAIVA,528,ESCOLA MUNICIPAL DE EDUCACAO BASICA D PEDRO I,0.5854,SEM_MATCH,-9.5105587,-35.8093743,376
PALMEIRA DOS INDIOS,COLÉGIO ESTADUAL HUMBERTO MENDES,COLEGIO ESTADUAL HUMBERTO MENDES,486,COLÉGIO CRISTO REDENTOR,0.5091,SEM_MATCH,-9.4113742,-36.6337546,489
MACEIO,ESCOLA DE ENS. FUND. NOSSO LAR I,ESCOLA DE ENSINO FUNDAMENTAL NOSSO LAR I,467,ESCOLA DE ENS. FUND. LINDOLFO COLLOR,0.8333,MATCH_FRACO,-9.6587477,-35.7609201,179
PENEDO,COLÉGIO ESTADUAL COMENDADOR JOSÉ DA SILVA PEIXOTO,COLEGIO ESTADUAL COMENDADOR JOSE DA SILVA PEIXOTO,431,ESCOLA ESTADUAL JOÃO VALERIANO DE OLIVEIRA,0.4615,SEM_MATCH,-10.2733024,-36.5601197,113
MACEIO,ESCOLA ESTADUAL ROMEU DE AVELAR,ESCOLA ESTADUAL ROMEU DE AVELAR,428,ESCOLA ESTADUAL ROTARY,0.7547,MATCH_FRACO,-9.6063446,-35.7411445,403
UNIAO DOS PALMARES,ESCOLA ESTADUAL CARLOS GOMES DE BARROS,ESCOLA ESTADUAL CARLOS GOMES DE BARROS,426,COLEGIO DR. MARIO GOMES DE BARROS,0.6757,SEM_MATCH,-9.1545653,-36.0312271,437
MACEIO,ESCOLA ESTADUAL AURELINA PALMEIRA DE MELO,ESCOLA ESTADUAL AURELINA PALMEIRA DE MELO,422,CAIC-ESCOLA ESTADUAL MARIA RITA LYRA DE ALMEIDA,0.7045,SEM_MATCH,-9.6660089,-35.7642836,162
MACEIO,ESCOLA ESTADUAL PROFª. ROSALVA PEREIRA VIANA,ESCOLA ESTADUAL PROF ROSALVA PEREIRA VIANA,410,ESCOLA ESTADUAL SANTA TEREZA DÁVILA,0.7273,SEM_MATCH,-9.6356714,-35.6981506,55
ARAPIRACA,ESCOLA DE ENSINO FUNDAMENTAL CLAUDECY BISPO DOS SANTOS,ESCOLA DE ENSINO FUNDAMENTAL CLAUDECY BISPO DOS SANTOS,399,ESCOLA DE ENSINO FUNDAMENTAL JESUS REDENTOR,0.7216,SEM_MATCH,-9.7575074,-36.6691287,297
ARAPIRACA,ESCOLA DE 1 GRAU MANOEL ANDRÉ,ESCOLA DE 1 GRAU MANOEL ANDRE,395,ESCOLA DE 1 GRAU MANOEL LUCIO DA SILVA,0.7463,SEM_MATCH,-9.7464382,-36.6524184,545
MACEIO,E.E. ALFREDO GASPAR DE MENDONCA,ESCOLA ESTADUAL ALFREDO GASPAR DE MENDONCA,386,E.E. OTACÍLIO HOLANDA DE ANDRADE,0.6824,SEM_MATCH,-9.5706973,-35.7912674,69
MACEIO,E.E. GERALDO MELO DOS SANTOS,ESCOLA ESTADUAL GERALDO MELO DOS SANTOS,385,ESCOLA ESTADUAL DEPUTADO NENOI PINTO,0.72,SEM_MATCH,-9.649823,-35.7216764,323
MACEIO,ESC. EST. MIRAN MARROQUIM,ESCOLA ESTADUAL MIRAN MARROQUIM,381,ESCOLA ESTADUAL ROTARY,0.717,SEM_MATCH,-9.6063446,-35.7411445,403
RIO LARGO,COMPLEXO ESTADUAL PROFA CLAUDIZETE LIMA ELEUTERIO,COMPLEXO ESTADUAL PROFESSORA CLAUDIZETE LIMA ELEUTERIO,370,ESCOLA DE ENS FUND PROFESSORA EVANDA CARNEIRO DE VASCONCELOS,0.5,SEM_MATCH,-9.4784995,-35.8366035,254
ARAPIRACA,GRUPO ESCOLAR JOÃO BATISTA PEREIRA,GRUPO ESCOLAR JOAO BATISTA PEREIRA,362,GRUPO ESCOLAR DJALMA MATHEUS SANTANA,0.6571,SEM_MATCH,-9.7669946,-36.6608561,452
ARAPIRACA,ESCOLA DE ENSINO FUNDAMENTAL MANOEL HUMBERTO DA COSTA,ESCOLA DE ENSINO FUNDAMENTAL MANOEL HUMBERTO DA COSTA,360,ESCOLA DE ENSINO FUNDAMENTAL WALTER BEZERRA,0.75,MATCH_FRACO,-9.7621649,-36.6545352,217
MACEIO,E.M. JAYME DE ALTAVILLA,ESCOLA MUNICIPAL JAYME DE ALTAVILLA,359,E.M. JORGE DE LIMA,0.7385,SEM_MATCH,-9.5833087,-35.763066,70
ARAPIRACA,ESCOLA DE 1 GRAU PARQUE LIONS,ESCOLA DE 1 GRAU PARQUE LIONS,357,ESCOLA DE 1 GRAU ARTUR RAMOS,0.807,MATCH_FRACO,-9.7394987,-36.6757491,362
MACEIO,ESCOLA ESTADUAL PROFª. MARIA SALETE GUSMAO DE ARAUJO,ESCOLA ESTADUAL PROF MARIA SALETE GUSMAO DE ARAUJO,353,ESCOLA ESTADUAL PROFª MARIA DAS GRAÇAS DE SÁ TEIXEIRA,0.7451,SEM_MATCH,-9.6464671,-35.7266442,395
ARAPIRACA,ESCOLA JOÃO SATURNINO DE ALMEIDA,ESCOLA JOAO SATURNINO DE ALMEIDA,342,ESCOLA JOSÉ URSULINO MALAQUIAS,0.6452,SEM_MATCH,-9.742687,-36.6910367,39
ARAPIRACA,ESCOLA DE 1 GRAU FERNANDO COLLOR DE MELLO,ESCOLA DE 1 GRAU FERNANDO COLLOR DE MELLO,329,ESCOLA DE 1 E 2 GRAUS SENADOR RUI PALMEIRA,0.6506,SEM_MATCH,-9.7414437,-36.6642875,703
MACEIO,E.M. PROFESSOR CORINTHO DA PAZ,ESCOLA MUNICIPAL PROFESSOR CORINTHO DA PAZ,328,E.M. PROFESSOR PETRONIO VIANA,0.7952,MATCH_FRACO,-9.561154,-35.7109637,190
ARAPIRACA,ESCOLA DE ENSINO FUNDAMENTAL ENÉAS BENEDITO DOS SANTOS,ESCOLA DE ENSINO FUNDAMENTAL ENEAS BENEDITO DOS SANTOS,323,ESCOLA DE ENSINO FUNDAMENTAL JESUS REDENTOR,0.7629,MATCH_FRACO,-9.7575074,-36.6691287,297
MACEIO,ESC. EST. PROF. THEOTÔNIO VILELA BRANDÃO,ESCOLA ESTADUAL PROFESSOR THEOTONIO VILELA BRANDAO,319,ESC. EST. PROF. THEONILO GAMA,0.809,MATCH_FRACO,-9.6536179,-35.7230807,382
ARAPIRACA,ESCOLA DE ENSINO FUNDAMENTAL ZÉLIA BARBOSA ROCHA,ESCOLA DE ENSINO FUNDAMENTAL ZELIA BARBOSA ROCHA,314,ESCOLA DE ENSINO FUNDAMENTAL JESUS REDENTOR,0.7473,SEM_MATCH,-9.7575074,-36.6691287,297
SAO MIGUEL DOS CAMPOS,COLEGIO MUNICIPAL LUZINETE E LINDALVA JATOBA,COLEGIO MUNICIPAL LUZINETE E LINDALVA JATOBA,313,ESCOLA MUNICIPAL RUI PALMEIRA,0.5479,SEM_MATCH,-9.7817352,-36.103011,247
MACEIO,ESCOLA ESTADUAL PROFª. IRENE GARRIDO,ESCOLA ESTADUAL PROF IRENE GARRIDO,308,ESC. EST. PROFª MARIA JOSÉ CARRASCOSA,0.7368,SEM_MATCH,-9.6612532,-35.7280663,374
MACEIO,COLÉGIO INTENSIVO,COLEGIO INTENSIVO,308,COLÉGIO TIRADENTES,0.7429,SEM_MATCH,-9.6734939,-35.7544376,456
MACEIO,COLÉGIO EDSON MONTEIRO,COLEGIO EDSON MONTEIRO,308,COLÉGIO CRISTO REI,0.65,SEM_MATCH,-9.6468277,-35.73761,166
RIO LARGO,ESCOLA ESTADUAL SANTOS DUMONT,ESCOLA ESTADUAL SANTOS DUMONT,301,GRUPO ESCOLAR DERALDO CAMPOS,0.4912,SEM_MATCH,-9.4855066,-35.8566295,88
ARAPIRACA,ESCOLA DE ENSINO FUNDAMENTAL CLEONICE BARBOSA DE ALMEIDA,ESCOLA DE ENSINO FUNDAMENTAL CLEONICE BARBOSA DE ALMEIDA,301,ESCOLA DE ENSINO FUNDAMENTAL PONTES DE MIRANDA,0.7843,MATCH_FRACO,-9.7361389,-36.6598115,279
MACEIO,ESCOLA EST. DR. EDSON BERNARDES,ESCOLA ESTADUAL DOUTOR EDSON BERNARDES,300,ESCOLA ESTADUAL DR. FERNANDES LIMA,0.8,MATCH_FRACO,-9.6196629,-35.7109176,186
MACEIO,COLÉGIO ZUMBI DOS PALMARES,COLEGIO ZUMBI DOS PALMARES,299,COLÉGIO OURO PRETO,0.6364,SEM_MATCH,-9.5616951,-35.739975,95
MACEIO,ESC. MUN. PROF. LENILTO ALVES SANTOS,ESCOLA MUNICIPAL PROFESSOR LENILTO ALVES SANTOS,289,E.M. PROFESSOR PETRONIO VIANA,0.7955,MATCH_FRACO,-9.561154,-35.7109637,190
MACEIO,E.E. DEPUTADO RUBENS CANUTO,ESCOLA ESTADUAL DEPUTADO RUBENS CANUTO,287,ESCOLA ESTADUAL DEPUTADO NENOI PINTO,0.8378,MATCH_FRACO,-9.649823,-35.7216764,323
RIO LARGO,ESCOLA DE ENSINO FUND DR GASTAO OITICICA,ESCOLA DE ENSINO FUNDAMENTAL DOUTOR GASTAO OITICICA,282,ESCOLA DE ENS FUND PROFESSORA EVANDA CARNEIRO DE VASCONCELOS,0.6116,SEM_MATCH,-9.4784995,-35.8366035,254
ARAPIRACA,ESCOLA DE ENSINO FUNDAMENTAL LOJA MAÇONICA,ESCOLA DE ENSINO FUNDAMENTAL LOJA MACONICA,281,ESCOLA DE ENSINO FUNDAMENTAL PONTES DE MIRANDA,0.7955,MATCH_FRACO,-9.7361389,-36.6598115,279
ARAPIRACA,GRUPO ESCOLAR PEDRO CORREIA DAS GRAÇAS,GRUPO ESCOLAR PEDRO CORREIA DAS GRACAS,279,GRUPO ESCOLAR ADRIANO JORGE,0.6462,SEM_MATCH,-9.7528354,-36.6609557,323
MACEIO,ESC. MUN. ARNON AFFONSO FARIAS DE MELLO,ESCOLA MUNICIPAL ARNON AFFONSO FARIAS DE MELLO,275,ESCOLA MUNICIPAL DE ENSINO FUNDAMENTAL MARIA DE FÁTIMA MELO,0.6667,SEM_MATCH,-9.6669361,-35.7284605,194
MACEIO,COLÉGIO MARIA MONTESSORI,COLEGIO MARIA MONTESSORI,274,COLÉGIO MARISTA DE MACEIO,0.6531,SEM_MATCH,-9.6587237,-35.7320324,277
CORURIPE,ESCOLA ESTADUAL LIMA CASTRO,ESCOLA ESTADUAL LIMA CASTRO,273,ESCOLA MUNICIPAL CLAUDIO DANIEL GAMA AMORIM,0.5143,SEM_MATCH,-10.118516,-36.1800084,284
MACEIO,COLÉGIO SANTÍSSIMO SENHOR,COLEGIO SANTISSIMO SENHOR,271,COLÉGIO SANTÍSSIMA TRINDADE,0.7308,SEM_MATCH,-9.6157912,-35.7152195,202
MACEIO,ESC. EST. PROF. EDUARDO DA MOTA TRIGUEIROS,ESCOLA ESTADUAL PROFESSOR EDUARDO DA MOTA TRIGUEIROS,270,ESC. EST. PROF. EDUARDO ALMEIDA DA SILVA,0.7843,MATCH_FRACO,-9.5251247,-35.6115964,133
UNIAO DOS PALMARES,ESCOLA MUNICIPAL JOÃO COSTA DE OLIVEIRA,ESCOLA MUNICIPAL JOAO COSTA DE OLIVEIRA,267,ESCOLA MUNICIPAL JAIRO CORREIA VIANA,0.72,SEM_MATCH,-9.157438,-36.0311805,393
ARAPIRACA,ESCOLA PROFESSOR LUIZ ALBERTO DE MELO,ESCOLA PROFESSOR LUIZ ALBERTO DE MELO,264,ESCOLA DE 1 GRAU PROFESSOR JAYME DE ALTAVILLA,0.5854,SEM_MATCH,-9.7498653,-36.6655146,333
ARAPIRACA,GRUPO ESCOLAR DOMINGOS LOPES,GRUPO ESCOLAR DOMINGOS LOPES,260,GRUPO ESCOLAR ADRIANO JORGE,0.6545,SEM_MATCH,-9.7528354,-36.6609557,323
MACEIO,ESCOLA ESTADUAL PROFESSOR PEDRO TEIXEIRA,ESCOLA ESTADUAL PROFESSOR PEDRO TEIXEIRA,259,ESCOLA ESTADUAL PROF. REMI LIMA,0.8,MATCH_FRACO,-9.6364716,-35.7291049,193
MACEIO,ESC. MUN. PROFª EULINA RIBEIRO ALENCAR,ESCOLA MUNICIPAL PROF EULINA RIBEIRO ALENCAR,259,ESCOLA MUN. PROFª MARIA NILDA,0.7013,SEM_MATCH,-9.6154249,-35.7497845,106
MACEIO,E.E. JORNALISTA LAFAIETTE BELO,ESCOLA ESTADUAL JORNALISTA LAFAIETTE BELO,259,ESCOLA EST. JORNALISTA FREITAS NETO,0.775,MATCH_FRACO,-9.6214949,-35.7555418,368
ARAPIRACA,GRUPO ESCOLAR JOSE PEREIRA LÚCIO,GRUPO ESCOLAR JOSE PEREIRA LUCIO,252,GRUPO ESCOLAR 31 DE MARÇO,0.6667,SEM_MATCH,-9.7567015,-36.6527243,423
MACEIO,ESCOLA MONTEIRO LOBATO,ESCOLA MONTEIRO LOBATO,250,ESCOLA SEB (ANTIGO COC),0.6047,SEM_MATCH,-9.6579315,-35.7095681,629
CORURIPE,ESCOLA ESTADUAL DJALMA BARROS SIQUEIRA,ESCOLA ESTADUAL DJALMA BARROS SIQUEIRA,249,ESCOLA MUNICIPAL JOSE BUARQUE DA SILVA,0.5263,SEM_MATCH,-10.1215463,-36.1728897,156
MACEIO,ESCOLA DE ENSINO FUNDAMENTAL PROF. DONIZETTI CALHEIROS,ESCOLA DE ENSINO FUNDAMENTAL PROFESSOR DONIZETTI CALHEIROS,249,ESC. DE ENS. FUND. PROF. PEDRO CAFÉ,0.8411,MATCH_FRACO,-9.5960352,-35.7409551,186
MACEIO,ESC. MUN. ANTÔNIO SEMEÃO LAMENHA LINS,ESCOLA MUNICIPAL ANTONIO SEMEAO LAMENHA LINS,247,E.M. JORGE DE LIMA,0.6216,SEM_MATCH,-9.5833087,-35.763066,70
MACEIO,E.M. PROF. AURÉLIO BUARQUE DE HOLANDA FERREIRA,ESCOLA MUNICIPAL PROFESSOR AURELIO BUARQUE DE HOLANDA FERREIRA,246,E.M. PAULO HENRIQUE COSTA BANDEIRA,0.6667,SEM_MATCH,-9.5484537,-35.7243653,265
MACEIO,ESC. EST. MANOEL SIMPLICIO DO NASCIMENTO,ESCOLA ESTADUAL MANOEL SIMPLICIO DO NASCIMENTO,244,E.M. MANOEL PEDRO DOS SANTOS,0.6512,SEM_MATCH,-9.5508817,-35.7851439,180
RIO LARGO,ESCOLA DE EDUCAÇÃO BÁSICA AGNUS DEI,ESCOLA DE EDUCACAO BASICA AGNUS DEI,243,ESCOLA MUNICIPAL DE EDUCACAO BASICA D PEDRO I,0.725,SEM_MATCH,-9.5105587,-35.8093743,376
MACEIO,E.M. MARIA CARMELITA CARDOSO GAMA (CAIC-UFAL),ESCOLA MUNICIPAL MARIA CARMELITA CARDOSO GAMA CAIC UFAL,241,E.M. MARIA CECILIA PONTES CARNAÚBA,0.6733,SEM_MATCH,-9.5790961,-35.7376472,201
RIO LARGO,ESCOLA MUNICIPAL TERESA CRISTINA LINS DE SOUZA COSTA,ESCOLA MUNICIPAL TERESA CRISTINA LINS DE SOUZA COSTA,240,ESCOLA MUNICIPAL DE EDUCACAO BASICA D PEDRO I,0.4948,SEM_MATCH,-9.5105587,-35.8093743,376
MACEIO,ESC. MUN. DR. BALTAZAR DE MENDONÇA,ESCOLA MUNICIPAL DOUTOR BALTAZAR DE MENDONCA,239,ESCOLA MUNICIPAL TEREZA DE JESUS,0.6842,SEM_MATCH,-9.6701618,-35.7460477,146
PENEDO,COLÉGIO DIOCESANO DE PENEDO,COLEGIO DIOCESANO DE PENEDO,238,SESI - SENAI / UNIDADE PENEDO,0.5,SEM_MATCH,-10.2822946,-36.5653561,219
RIO LARGO,ESCOLA MUNICIPAL DE EDUCAÇÃO BASICA INDUSTRIAL LUIGI BAUDUCCO,ESCOLA MUNICIPAL DE EDUCACAO BASICA INDUSTRIAL LUIGI BAUDUCCO,236,ESCOLA MUNICIPAL DE EDUCACAO BASICA D PEDRO I,0.6981,SEM_MATCH,-9.5105587,-35.8093743,376
PENEDO,ESCOLA MUNICIPAL VEREADOR MANOEL SOARES DE MELO,ESCOLA MUNICIPAL VEREADOR MANOEL SOARES DE MELO,236,ESCOLA ESTADUAL JOÃO VALERIANO DE OLIVEIRA,0.4944,SEM_MATCH,-10.2733024,-36.5601197,113
PALMEIRA DOS INDIOS,FACULDADE CESMAC DO SERTÃO,FACULDADE CESMAC DO SERTAO,234,ESCOLA DE 1 GRAU ESTADO DE NOVA GERSEY,0.375,SEM_MATCH,-9.4134008,-36.6281836,180
MACEIO,E.E. PROFA. GILVANA ATAÍDE CAVALCANTE CABRAL,ESCOLA ESTADUAL PROFESSORA GILVANA ATAIDE CAVALCANTE CABRAL,234,ESC. EST. PROF. CARLOS POVINA CAVALCANTE,0.7523,MATCH_FRACO,-9.5529152,-35.7898724,76
SAO MIGUEL DOS CAMPOS,ESCOLA MUNICIPAL PROFESSORA INEIDE NOGUEIRA ROCHA,ESCOLA MUNICIPAL PROFESSORA INEIDE NOGUEIRA ROCHA,231,ESCOLA MUNICIPAL PROFESSORA NOEMIA BASTOS,0.7778,MATCH_FRACO,-9.7832594,-36.0919014,98
RIO LARGO,ESCOLA DE ENSINO FUNDAMENTAL MARIETA LEÃO,ESCOLA DE ENSINO FUNDAMENTAL MARIETA LEAO,229,ESCOLA DE ENS FUND PROFESSORA EVANDA CARNEIRO DE VASCONCELOS,0.6486,SEM_MATCH,-9.4784995,-35.8366035,254
PENEDO,ESCOLA ESTADUAL PROFESSOR ERNANI MÉRO (GRUPO ESCOLAR EXPERIMENTAL),ESCOLA ESTADUAL PROFESSOR ERNANI MERO GRUPO ESCOLAR EXPERIMENTAL,227,ESCOLA ESTADUAL JOÃO VALERIANO DE OLIVEIRA,0.4906,SEM_MATCH,-10.2733024,-36.5601197,113
MACEIO,ESC. MUN. DR. ORLANDO ARAÚJO,ESCOLA MUNICIPAL DOUTOR ORLANDO ARAUJO,226,E.M. DOUTORA NISE DA SILVEIRA,0.6835,SEM_MATCH,-9.5790961,-35.7376472,199
SAO MIGUEL DOS CAMPOS,ESCOLA MUNICIPAL MARIO SOARES PALMEIRA,ESCOLA MUNICIPAL MARIO SOARES PALMEIRA,225,ESCOLA MUNICIPAL RUI PALMEIRA,0.8358,MATCH_FRACO,-9.7817352,-36.103011,247
RIO LARGO,ESCOLA DE ENSINO FUND PROF ROSINEIDE TEREZA MARTINS DA CONCEIÇÃO,ESCOLA DE ENSINO FUNDAMENTAL PROFESSOR ROSINEIDE TEREZA MARTINS DA CONCEICAO,223,ESCOLA DE ENS FUND PROFESSORA EVANDA CARNEIRO DE VASCONCELOS,0.7397,SEM_MATCH,-9.4784995,-35.8366035,254
RIO LARGO,GRUPO ESCOLAR MANOEL SOARES DE SOUZA,GRUPO ESCOLAR MANOEL SOARES DE SOUZA,218,GRUPO ESCOLAR DERALDO CAMPOS,0.5625,SEM_MATCH,-9.4855066,-35.8566295,88
MACEIO,ESC. MUN. RADIALISTA EDÉCIO LOPES (ANTIGO COL. LAERSON ROSA),ESCOLA MUNICIPAL RADIALISTA EDECIO LOPES ANTIGO COLEGIO LAERSON ROSA,212,E.M. MANOEL PEDRO DOS SANTOS,0.5926,SEM_MATCH,-9.5508817,-35.7851439,180
MACEIO,CENTRO DE ENSINO SANTA JULIANA,CENTRO DE ENSINO SANTA JULIANA,212,ESCOLA DE ENS. FUND. RUI PALMEIRA,0.6197,SEM_MATCH,-9.6561576,-35.756673,209
ARAPIRACA,GRUPO ESCOLAR ANTÔNIO CEZÁRIO DE OLIVEIRA,GRUPO ESCOLAR ANTONIO CEZARIO DE OLIVEIRA,212,GRUPO ESCOLAR TIBÚRCIO VALERIANO DA SILVA,0.6829,SEM_MATCH,-9.7442978,-36.6564083,349
RIO LARGO,ESCOLA MUNICIPAL DE ENSINO F. PROFESSOR JOSÉ EDMILSON,ESCOLA MUNICIPAL DE ENSINO F PROFESSOR JOSE EDMILSON,211,ESCOLA MUNICIPAL DE EDUCACAO BASICA D PEDRO I,0.5361,SEM_MATCH,-9.5105587,-35.8093743,376
MACEIO,E.M. TRADUTOR JOÃO SAMPAIO,ESCOLA MUNICIPAL TRADUTOR JOAO SAMPAIO,209,ESCOLA MUNICIPAL TEREZA DE JESUS,0.6857,SEM_MATCH,-9.6701618,-35.7460477,146
MACEIO,ESCOLA MUN. SÉRGIO LUIZ PESSOA BRAGA,ESCOLA MUNICIPAL SERGIO LUIZ PESSOA BRAGA,205,E.M. LUIZ PEDRO DA SILVA,0.7273,SEM_MATCH,-9.6113055,-35.7580209,126
MACEIO,COLÉGIO SAGRADA FAMILIA,COLEGIO SAGRADA FAMILIA,203,COLÉGIO SANTA AMÉLIA GRUTA,0.6939,SEM_MATCH,-9.6196041,-35.7308553,157
ARAPIRACA,ANEXO ESCOLA JAYME DE ALTAVILLA,ANEXO ESCOLA JAYME DE ALTAVILLA,203,ESCOLA DE 1 GRAU PROFESSOR JAYME DE ALTAVILLA,0.6579,SEM_MATCH,-9.7498653,-36.6655146,333
CORURIPE,ESCOLA MUN. EDUC. BÁSICA PROF. MARIA ROCHA SANTOS SILVA,ESCOLA MUNICIPAL EDUC BASICA PROFESSOR MARIA ROCHA SANTOS SILVA,198,ESCOLA MUNICIPAL JOSE BUARQUE DA SILVA,0.5743,SEM_MATCH,-10.1215463,-36.1728897,156
ARAPIRACA,ESCOLA LINDAUVA EULÁLIA DE FARIAS,ESCOLA LINDAUVA EULALIA DE FARIAS,197,ESCOLA DE ENSINO FUNDAMENTAL MARIA DE NAZARÉ,0.5714,SEM_MATCH,-9.7664245,-36.6509194,256
ARAPIRACA,ESCOLA DE ENSINO FUNDAMENTAL VOLUNTÁRIA MARIA DAS NEVES BORGES,ESCOLA DE ENSINO FUNDAMENTAL VOLUNTARIA MARIA DAS NEVES BORGES,196,ESCOLA DE ENSINO FUNDAMENTAL MARIA DE NAZARÉ,0.7358,SEM_MATCH,-9.7664245,-36.6509194,256
MACEIO,ESC. DE ENS. FUND. PROF. ALMEIDA LEITE,ESCOLA DE ENSINO FUNDAMENTAL PROFESSOR ALMEIDA LEITE,194,ESCOLA DE ENSINO FUNDAMENTAL PROF. SUZEL DANTAS,0.835,MATCH_FRACO,-9.5935498,-35.7681296,158
MACEIO,ESCOLA MUNICIPAL PROFESSORA JAREDE VIANA DE OLIVEIRA,ESCOLA MUNICIPAL PROFESSORA JAREDE VIANA DE OLIVEIRA,194,E.M. PROFESSOR PETRONIO VIANA,0.7312,SEM_MATCH,-9.561154,-35.7109637,190
MACEIO,SEST/SENAT,SEST SENAT,193,ESCOLA SESI/SENAI,0.5926,SEM_MATCH,-9.5513964,-35.7347123,156
MACEIO,COLÉGIO SANTA AMÉLIA,COLEGIO SANTA AMELIA,193,COLÉGIO SANTA AMÉLIA GRUTA,0.8696,MATCH_PROVAVEL,-9.6196041,-35.7308553,157
MACEIO,ESCOLA DE ENSINO FUNDAMENTAL CLETO MARQUES LUZ,ESCOLA DE ENSINO FUNDAMENTAL CLETO MARQUES LUZ,190,ESCOLA DE ENS. FUND. HERMÍNIO CARDOSO,0.7692,MATCH_FRACO,-9.5900792,-35.786937,59
MACEIO,E.M. PROFA. HÉVIA VALÉRIA MAIA AMORIM,ESCOLA MUNICIPAL PROFESSORA HEVIA VALERIA MAIA AMORIM,189,E.M. PROFESSOR PETRONIO VIANA,0.6809,SEM_MATCH,-9.561154,-35.7109637,190
MACEIO,E.M. MARIA DE LOURDES DE MELO PIMENTEL,ESCOLA MUNICIPAL MARIA DE LOURDES DE MELO PIMENTEL,189,ESC. MUN. KÁTIA PIMENTEL ASSUNÇÃO,0.6444,SEM_MATCH,-9.6375976,-35.717939,243
CORURIPE,ESCOLA MUN. CENT. EDUCAÇÃO INFANTIL PROF. MARIA ZENAIDE ROCHA SANTOS,ESCOLA MUNICIPAL CENT EDUCACAO INFANTIL PROFESSOR MARIA ZENAIDE ROCHA SANTOS,188,ESCOLA MUNICIPAL FRANCISCO AMALIO MARIA,0.5043,SEM_MATCH,-10.1585695,-36.135133,123
MACEIO,ESC. MUN. JOÃO XXIII,ESCOLA MUNICIPAL JOAO XXIII,188,E.M. JORGE DE LIMA,0.7018,SEM_MATCH,-9.5833087,-35.763066,70
CORURIPE,ESCOLA MUNICIPAL SANTA SOFIA,ESCOLA MUNICIPAL SANTA SOFIA,188,ESCOLA MUNICIPAL JOSE BUARQUE DA SILVA,0.7273,SEM_MATCH,-10.1215463,-36.1728897,156
RIO LARGO,ANTIGA ESCOLA FRANCISCO LEÃO DO CENTRO,ANTIGA ESCOLA FRANCISCO LEAO DO CENTRO,187,GRUPO ESCOLAR DERALDO CAMPOS,0.5152,SEM_MATCH,-9.4855066,-35.8566295,88
MACEIO,ESCOLA MUN. SILVESTRE PÉRICLES,ESCOLA MUNICIPAL SILVESTRE PERICLES,184,ESC. MUN. PADRE PINHO,0.6984,SEM_MATCH,-9.6045569,-35.7366674,252
DELMIRO GOUVEIA,"VIRGILIA BEZERRA,ESCOLA DE 1 E 2 GRAUS PROFESSORA",VIRGILIA BEZERRA ESCOLA DE 1 E 2 GRAUS PROFESSORA,177,"VICENTE DE MENEZES, ESCOLA DE 1 E 2 GRAUS",0.6292,SEM_MATCH,-9.382029,-38.0005171,170
PENEDO,COOPERATIVA EDUCACIONAL DE PENEDO - COOPEPE LTDA,COOPERATIVA EDUCACIONAL DE PENEDO COOPEPE LTDA,175,SESI - SENAI / UNIDADE PENEDO,0.4507,SEM_MATCH,-10.2822946,-36.5653561,219
MACEIO,COLEGIO ATHENEU,COLEGIO ATHENEU,172,COLÉGIO TIRADENTES,0.7273,SEM_MATCH,-9.6734939,-35.7544376,456
ARAPIRACA,ESCOLAR ANA BERNARDES SILVEIRA,ESCOLAR ANA BERNARDES SILVEIRA,171,ESCOLA ALTERNATIVA,0.625,SEM_MATCH,-9.7477626,-36.66833,434
CORURIPE,ESCOLA ESTADUAL DEPUTADO JOÃO BELTRÃO,ESCOLA ESTADUAL DEPUTADO JOAO BELTRAO,171,ESCOLA MUNICIPAL FRANCISCO AMALIO MARIA,0.5,SEM_MATCH,-10.1585695,-36.135133,123
MACEIO,ESCOLA ESTADUAL TAVARES BASTOS,ESCOLA ESTADUAL TAVARES BASTOS,169,ESCOLA ESTADUAL PADRE CABRAL,0.7586,MATCH_FRACO,-9.590352,-35.783877,182
MARECHAL DEODORO,ESCOLA MUNICIPAL ALTINA RIBEIRO TOLEDO,ESCOLA MUNICIPAL ALTINA RIBEIRO TOLEDO,168,ESCOLA MUNICIPAL D. MARIA DE ARAUJO LOBO,0.6753,SEM_MATCH,-9.7353584,-35.8906491,107
MACEIO,ESCOLA ESTADUAL DR. JÚLIO AUTO,ESCOLA ESTADUAL DOUTOR JULIO AUTO,168,ESCOLA ESTADUAL DR. FERNANDES LIMA,0.7429,SEM_MATCH,-9.6196629,-35.7109176,186
RIO LARGO,ESCOLA PREFEITO WALTER DORIA DE FIGUEIREDO,ESCOLA PREFEITO WALTER DORIA DE FIGUEIREDO,166,ESCOLA MUNICIPAL DE EDUCACAO BASICA D PEDRO I,0.3908,SEM_MATCH,-9.5105587,-35.8093743,376
MARECHAL DEODORO,ESCOLA ESTADUAL JOSÉ CORREIA DA SILVA TITARA,ESCOLA ESTADUAL JOSE CORREIA DA SILVA TITARA,165,ESCOLA MUNICIPAL JOSÉ BISPO DA SILVA,0.65,SEM_MATCH,-9.7180783,-35.8235422,80
MACEIO,E.E. MANUEL BALTAZAR P. DIEGUES JUNIOR,ESCOLA ESTADUAL MANUEL BALTAZAR P DIEGUES JUNIOR,164,ESCOLA EST. DR. MIGUEL GUEDES NOGUEIRA,0.6237,SEM_MATCH,-9.6214949,-35.7555418,416
RIO LARGO,ESCOLA ESTADUAL TABULEIRO DO PINTO,ESCOLA ESTADUAL TABULEIRO DO PINTO,162,GRUPO ESCOLAR DERALDO CAMPOS,0.4839,SEM_MATCH,-9.4855066,-35.8566295,88
RIO LARGO,CRECHE MUNICIPAL CELYRIO ADAMASTOR BARRETO ACIOLY,CRECHE MUNICIPAL CELYRIO ADAMASTOR BARRETO ACIOLY,161,ESCOLA MUNICIPAL DE EDUCACAO BASICA D PEDRO I,0.4468,SEM_MATCH,-9.5105587,-35.8093743,376
MACEIO,E.M. GASTONE LÚCIA DE CARVALHO BELTRÃO,ESCOLA MUNICIPAL GASTONE LUCIA DE CARVALHO BELTRAO,159,E.M. PAULO HENRIQUE COSTA BANDEIRA,0.625,SEM_MATCH,-9.5484537,-35.7243653,265
MACEIO,COLÉGIO BRASIL (ANTIGO ISAAC NEWTON),COLEGIO BRASIL ANTIGO ISAAC NEWTON,159,COLÉGIO SANTÍSSIMA TRINDADE,0.5574,SEM_MATCH,-9.6157912,-35.7152195,202
MACEIO,EDIFÍCIO DO SENAC,EDIFICIO DO SENAC,158,EDIFÍCIO DO SESC,0.9091,MATCH_PROVAVEL,-9.6637312,-35.7279416,234
SAO MIGUEL DOS CAMPOS,ESCOLA MUNICIPAL DIONISIA APRATTO TENORIO,ESCOLA MUNICIPAL DIONISIA APRATTO TENORIO,156,ESCOLA MUNICIPAL MARIA ROSA,0.6176,SEM_MATCH,-9.7779609,-36.1043243,202
RIO LARGO,GRUPO ESCOLAR DALMARIO DE SOUZA,GRUPO ESCOLAR DALMARIO DE SOUZA,156,GRUPO ESCOLAR DERALDO CAMPOS,0.678,SEM_MATCH,-9.4855066,-35.8566295,88
SAO MIGUEL DOS CAMPOS,ESCOLA DE EDUCAÇÃO BÁSICA CONSTRUTIVISTA,ESCOLA DE EDUCACAO BASICA CONSTRUTIVISTA,155,ESCOLA MUNICIPAL RUI PALMEIRA,0.4928,SEM_MATCH,-9.7817352,-36.103011,247
ARAPIRACA,CENTRO DE EDUCAÇÃO INFANTIL JOANNA DE ANGELLIS (ANTIGO MADRE PAULINA),CENTRO DE EDUCACAO INFANTIL JOANNA DE ANGELLIS ANTIGO MADRE PAULINA,154,ESCOLA DE ENSINO FUNDAMENTAL MARIA DE NAZARÉ,0.4505,SEM_MATCH,-9.7664245,-36.6509194,256
MARECHAL DEODORO,ESCOLA MUNICIPAL PREFEITO MANOEL MESSIAS DOS SANTOS,ESCOLA MUNICIPAL PREFEITO MANOEL MESSIAS DOS SANTOS,153,ESCOLA MUNICIPAL DR. CLÁUDIO ROBERTO COSTA DOS SANTOS,0.6355,SEM_MATCH,-9.7408231,-35.882999,112
MACEIO,E.E. MANOEL DE ARAUJO DORIA,ESCOLA ESTADUAL MANOEL DE ARAUJO DORIA,152,ESCOLA ESTADUAL JOÃO PAULO II,0.7164,SEM_MATCH,-9.6123295,-35.7473881,180
MACEIO,E.M. SELMA BANDEIRA,ESCOLA MUNICIPAL SELMA BANDEIRA,151,E.M. PAULO HENRIQUE COSTA BANDEIRA,0.7273,SEM_MATCH,-9.5484537,-35.7243653,265
MACEIO,ESC. MUN. PIO X (PRÉDIO DO ANTIGO COL.SAGRADA FAMÍLIA),ESCOLA MUNICIPAL PIO X PREDIO DO ANTIGO COLEGIOSAGRADA FAMILIA,150,E.M. MANOEL PEDRO DOS SANTOS,0.6275,SEM_MATCH,-9.5508817,-35.7851439,180
MARECHAL DEODORO,ESCOLA MUNICIPAL MARIA PETRONILA DE GOUVEA,ESCOLA MUNICIPAL MARIA PETRONILA DE GOUVEA,149,ESCOLA MUNICIPAL D. MARIA DE ARAUJO LOBO,0.6667,SEM_MATCH,-9.7353584,-35.8906491,107
MACEIO,ESCOLA SANTA ROSA,ESCOLA SANTA ROSA,148,ESCOLA ESTADUAL ROTARY,0.7179,SEM_MATCH,-9.6063446,-35.7411445,403
MARECHAL DEODORO,ESCOLA ESTADUAL DEODORO DA FONSECA,ESCOLA ESTADUAL DEODORO DA FONSECA,147,ESCOLA ESTADUAL ROSA MARIA PAULINA DA FONSECA,0.7342,SEM_MATCH,-9.7102397,-35.8959836,221
RIO LARGO,GRUPO ESCOLAR OZORIA MOURA DE LIMA,GRUPO ESCOLAR OZORIA MOURA DE LIMA,147,GRUPO ESCOLAR DERALDO CAMPOS,0.5806,SEM_MATCH,-9.4855066,-35.8566295,88
SAO MIGUEL DOS CAMPOS,CRECHE JOSEFA BENEDITA DOS SANTOS,CRECHE JOSEFA BENEDITA DOS SANTOS,141,ESCOLA ANA LINS,0.3333,SEM_MATCH,-9.7797751,-36.0993035,221
MACEIO,CLUBE DA CAIXA ECONÔMICA FEDERAL (APCEF/AL),CLUBE DA CAIXA ECONOMICA FEDERAL APCEF AL,141,COLÉGIO DA IMACULADA CONCEIÇÃO,0.4789,SEM_MATCH,-9.6690408,-35.7150374,131
RIO LARGO,ESCOLA ESTADUAL JOÃO MORAIS CAVALCANTE,ESCOLA ESTADUAL JOAO MORAIS CAVALCANTE,141,ESCOLA MUNICIPAL DE EDUCACAO BASICA D PEDRO I,0.4578,SEM_MATCH,-9.5105587,-35.8093743,376
SAO MIGUEL DOS CAMPOS,COLÉGIO MUNICIPAL ESTHER SOARES TORRES,COLEGIO MUNICIPAL ESTHER SOARES TORRES,139,ESCOLA MUNICIPAL PROFESSORA NOEMIA BASTOS,0.6076,SEM_MATCH,-9.7832594,-36.0919014,98
SAO MIGUEL DOS CAMPOS,ESCOLA DE ENSINO SUPERIOR DE SAO MIGUEL DOS CAMPOS,ESCOLA DE ENSINO SUPERIOR DE SAO MIGUEL DOS CAMPOS,135,ESCOLA MUNICIPAL DESEMBARGADOR JOSE FERNANDO LIMA SOUZA,0.419,SEM_MATCH,-9.741431,-36.0611185,299
RIO LARGO,GRUPO ESCOLAR PROFESSOR POMPEU SARMENTO,GRUPO ESCOLAR PROFESSOR POMPEU SARMENTO,132,GRUPO ESCOLAR DERALDO CAMPOS,0.597,SEM_MATCH,-9.4855066,-35.8566295,88
CORURIPE,CENTRO EDUCACIONAL PROFISSIONAL MARIA ALICE BELTRÃO DE CASTRO SIQUEIRA,CENTRO EDUCACIONAL PROFISSIONAL MARIA ALICE BELTRAO DE CASTRO SIQUEIRA,131,ESCOLA MUNICIPAL JOSE DE CARVALHO SOUZA,0.4037,SEM_MATCH,-10.1596304,-36.1604313,152
MACEIO,ESCOLA MUN. DOM MIGUEL FENELON CÂMARA,ESCOLA MUNICIPAL DOM MIGUEL FENELON CAMARA,130,E.M. MARIA CECILIA PONTES CARNAÚBA,0.6591,SEM_MATCH,-9.5790961,-35.7376472,201
MACEIO,ESCOLA MUN. PROF. DERALDO CAMPOS,ESCOLA MUNICIPAL PROFESSOR DERALDO CAMPOS,129,E.M. PROFESSOR PETRONIO VIANA,0.7805,MATCH_FRACO,-9.561154,-35.7109637,190
CORURIPE,ESCOLA MUNICIPAL MANOEL CECÍLIO DE JESUS,ESCOLA MUNICIPAL MANOEL CECILIO DE JESUS,128,ESCOLA MUNICIPAL JOSE DE CARVALHO SOUZA,0.6329,SEM_MATCH,-10.1596304,-36.1604313,152
ARAPIRACA,GRUPO ESCOLAR CÔNEGO EPITÁCIO RODRIGUES,GRUPO ESCOLAR CONEGO EPITACIO RODRIGUES,127,GRUPO ESCOLAR ADRIANO JORGE,0.6061,SEM_MATCH,-9.7528354,-36.6609557,323
MARECHAL DEODORO,ESCOLA MUNICIPAL CARLOS AVELINO DA SILVA,ESCOLA MUNICIPAL CARLOS AVELINO DA SILVA,126,ESCOLA MUNICIPAL JOSÉ BISPO DA SILVA,0.8158,MATCH_FRACO,-9.7180783,-35.8235422,80
MACEIO,INSS,INSS,125,SUMESE,0.4,SEM_MATCH,-9.570224,-35.775279,15
ARAPIRACA,IFAL - INSTITUTO FEDERAL DE ALAGOAS,IFAL INSTITUTO FEDERAL DE ALAGOAS,125,UNEAL UNIVERSIDADE ESTADUAL DE ALAGOAS,0.5634,SEM_MATCH,-9.7505554,-36.6580852,518
RIO LARGO,ESCOLA DE EDUCAÇÃO INFANTIL PADRE PAULINO,ESCOLA DE EDUCACAO INFANTIL PADRE PAULINO,125,ESCOLA MUNICIPAL DE EDUCACAO BASICA D PEDRO I,0.6279,SEM_MATCH,-9.5105587,-35.8093743,376
MACEIO,ESC. EST. PROFª ANA COELHO PALMEIRA,ESCOLA ESTADUAL PROF ANA COELHO PALMEIRA,124,ESCOLA EST. PROFª ANAIAS DE LIMA ANDRADE,0.747,SEM_MATCH,-9.5521408,-35.7303393,250
PENEDO,ESCOLA ESTADUAL DR. ALCIDES ANDRADE,ESCOLA ESTADUAL DOUTOR ALCIDES ANDRADE,122,ESCOLA ESTADUAL JOÃO VALERIANO DE OLIVEIRA,0.675,SEM_MATCH,-10.2733024,-36.5601197,113
PENEDO,EMEB VEREADOR JOSÉ DA COSTA MANGABEIRA,EMEB VEREADOR JOSE DA COSTA MANGABEIRA,122,EMEB IRMÃ JOLENTA (ANTIGO FREITAS),0.5714,SEM_MATCH,-10.2826113,-36.5840511,85
RIO LARGO,GRUPO ESCOLAR ODILO ALVARES DE SOUZA,GRUPO ESCOLAR ODILO ALVARES DE SOUZA,122,GRUPO ESCOLAR DERALDO CAMPOS,0.625,SEM_MATCH,-9.4855066,-35.8566295,88
RIO LARGO,ESCOLA DE EDUCAÇÃO INFANTIL AQUINO JAPIASSÚ,ESCOLA DE EDUCACAO INFANTIL AQUINO JAPIASSU,120,ESCOLA MUNICIPAL DE EDUCACAO BASICA D PEDRO I,0.5682,SEM_MATCH,-9.5105587,-35.8093743,376
MACEIO,CMEI HERBERT DE SOUZA,CMEI HERBERT DE SOUZA,115,ESCOLA MUNICIPAL TEREZA DE JESUS,0.4906,SEM_MATCH,-9.6701618,-35.7460477,146
ARAPIRACA,CENTRO DE EDUCAÇÃO INFANTIL MARIA DE LOURDES PEREIRA CAVALCANTE,CENTRO DE EDUCACAO INFANTIL MARIA DE LOURDES PEREIRA CAVALCANTE,115,ESCOLA DE ENSINO FUNDAMENTAL MARIA DE NAZARÉ,0.486,SEM_MATCH,-9.7664245,-36.6509194,256
SAO MIGUEL DOS CAMPOS,ESCOLA DE 1 E 2 GRAUS NUNILA MACHADO,ESCOLA DE 1 E 2 GRAUS NUNILA MACHADO,115,ESCOLA MUNICIPAL MARIA ROSA,0.5079,SEM_MATCH,-9.7779609,-36.1043243,202
DELMIRO GOUVEIA,"FRANCISCA ROSA DA COSTA,GRUPO ESCOLAR",FRANCISCA ROSA DA COSTA GRUPO ESCOLAR,113,"AFRANIO SALGADO LAGES, ESCOLA",0.5538,SEM_MATCH,-9.3843265,-38.0002215,113
MACEIO,E.E. AQUILINA BULHÕES BARROS,ESCOLA ESTADUAL AQUILINA BULHOES BARROS,111,ESC. EST. PROFª MARIA JOSÉ CARRASCOSA,0.6914,SEM_MATCH,-9.6612532,-35.7280663,374
SAO MIGUEL DOS CAMPOS,ESCOLA DE 1 GRAU TARCISIO SOARES PALMEIRA,ESCOLA DE 1 GRAU TARCISIO SOARES PALMEIRA,110,ESCOLA MUNICIPAL RUI PALMEIRA,0.5714,SEM_MATCH,-9.7817352,-36.103011,247
UNIAO DOS PALMARES,CRECHE MUNICIPAL TIA SUZETE,CRECHE MUNICIPAL TIA SUZETE,108,ESCOLA MUNICIPAL LUIZA DE FRANCA,0.5424,SEM_MATCH,-9.1614292,-36.0275299,70
MARECHAL DEODORO,NEI ADÉLIA CAVALCANTE COSTA,NEI ADELIA CAVALCANTE COSTA,106,NEI TÂNIA CAVALCANTE,0.766,MATCH_FRACO,-9.7256884,-35.8193626,93
ARAPIRACA,ESCOLA DE ENSINO FUNDAMENTAL GUIMARÃES PASSOS,ESCOLA DE ENSINO FUNDAMENTAL GUIMARAES PASSOS,106,ESCOLA DE ENSINO FUNDAMENTAL MARIA DE NAZARÉ,0.809,MATCH_FRACO,-9.7664245,-36.6509194,256
UNIAO DOS PALMARES,ESCOLA DE ENSINO FUNDAMENTAL FERNANDO JUAZEIRO,ESCOLA DE ENSINO FUNDAMENTAL FERNANDO JUAZEIRO,106,ESCOLA DE ENSINO FUNDAMENTAL FILOMENA MEDEIROS,0.8261,MATCH_FRACO,-9.1631868,-36.0315847,139
SAO MIGUEL DOS CAMPOS,ESCOLA ESTADUAL PROFESSORA EDILEUZA OLIVEIRA DA SILVA,ESCOLA ESTADUAL PROFESSORA EDILEUZA OLIVEIRA DA SILVA,101,ESCOLA MUNICIPAL PROFESSORA NOEMIA BASTOS,0.5957,SEM_MATCH,-9.7832594,-36.0919014,98
PALMEIRA DOS INDIOS,GRUPO ESCOLAR ANTÔNIA MACEDO,GRUPO ESCOLAR ANTONIA MACEDO,101,GRUPO ESCOLAR MONSENHOR MACEDO,0.7931,MATCH_FRACO,-9.4166956,-36.6362459,167
MACEIO,ESC. EST. PROFª EROTILDES RODRIGUES SALDANHA (EX SEN PETRÔNIO PORTELA),ESCOLA ESTADUAL PROF EROTILDES RODRIGUES SALDANHA EX SEN PETRONIO PORTELA,99,ESCOLA ESTADUAL PROFESSOR SEBASTIÃO DA HORA,0.569,SEM_MATCH,-9.6389436,-35.7308548,287
MACEIO,COLÉGIO DOM BOSCO (ANTIGO COLÉGIO CARVALHO),COLEGIO DOM BOSCO ANTIGO COLEGIO CARVALHO,99,COLÉGIO DA IMACULADA CONCEIÇÃO,0.5634,SEM_MATCH,-9.6690408,-35.7150374,131
MACEIO,COLÉGIO ROSA MÍSTICA,COLEGIO ROSA MISTICA,99,COLÉGIO VILA RICA,0.7027,SEM_MATCH,-9.595482,-35.7200645,131
MACEIO,CMEI SÔNIA CAVALCANTI,CMEI SONIA CAVALCANTI,98,E.E. MARCOS ANTONIO CAVALCANTI SILVA,0.5,SEM_MATCH,-9.5466799,-35.7330158,194
MACEIO,ESCOLA ESTADUAL MARIA AMÁLIA,ESCOLA ESTADUAL MARIA AMALIA,98,E.E. ONÉLIA CAMPELO,0.7586,MATCH_FRACO,-9.5811006,-35.7879869,289
PENEDO,IFAL - CAMPUS PENEDO,IFAL CAMPUS PENEDO,96,SESI - SENAI / UNIDADE PENEDO,0.5116,SEM_MATCH,-10.2822946,-36.5653561,219
MARECHAL DEODORO,NEI MARIA IRENE DA SILVA,NEI MARIA IRENE DA SILVA,96,NEI TÂNIA CAVALCANTE,0.5,SEM_MATCH,-9.7256884,-35.8193626,93
PALMEIRA DOS INDIOS,ESCOLA ESTADUAL MANOEL PASSOS LIMA,ESCOLA ESTADUAL MANOEL PASSOS LIMA,95,ESCOLA ESTADUAL JOSÉ VICTORINO DA ROCHA,0.6027,SEM_MATCH,-9.3991794,-36.7123167,65
PENEDO,FACULDADE RAIMUNDO MARINHO DE PENEDO,FACULDADE RAIMUNDO MARINHO DE PENEDO,92,ESCOLA ESTADUAL JOÃO VALERIANO DE OLIVEIRA,0.4359,SEM_MATCH,-10.2733024,-36.5601197,113
MACEIO,ESC. MUN. NOSSA SRª APARECIDA (PRÉDIO DO ANTIGO COL.SAGRADA FAMÍLIA),ESCOLA MUNICIPAL NOSSA SR APARECIDA PREDIO DO ANTIGO COLEGIOSAGRADA FAMILIA,91,E.M. MANOEL PEDRO DOS SANTOS,0.5913,SEM_MATCH,-9.5508817,-35.7851439,180
MACEIO,ESCOLA EST. DOM ADELMO MACHADO,ESCOLA ESTADUAL DOM ADELMO MACHADO,89,ESCOLA ESTADUAL DR. FERNANDES LIMA,0.7042,SEM_MATCH,-9.6196629,-35.7109176,186
RIO LARGO,CMEI DESEMBARGADOR FRANCISCO WILDO LACERDA DANTAS,CMEI DESEMBARGADOR FRANCISCO WILDO LACERDA DANTAS,88,GRUPO ESCOLAR DE I E II GRAUS FERNANDINA MALTA,0.3368,SEM_MATCH,-9.4835249,-35.855917,217
DELMIRO GOUVEIA,"NOEMIA BANDEIRA DA SILVA,ESCOLA",NOEMIA BANDEIRA DA SILVA ESCOLA,86,ESCOLA JOSE BEZERRA DA SILVA,0.5424,SEM_MATCH,-9.3867333,-37.9880888,108
MACEIO,ESC. MUN. PROFª NEIDE DE FREITAS FRANÇA,ESCOLA MUNICIPAL PROF NEIDE DE FREITAS FRANCA,84,ESCOLA MUNICIPAL TOBIAS GRANJA,0.6933,SEM_MATCH,-9.5818301,-35.7536067,157
MACEIO,SEADES - SEC. DE EST. DA ASSISTÊNCIA E DESENVOLVIMENTO SOCIAL,SEADES SEC DE ESTADUAL DA ASSISTENCIA E DESENVOLVIMENTO SOCIAL,84,E.E. DRA. MARIA JOSE DE MELO (CAIC-B. BENTES),0.5254,SEM_MATCH,-9.5521408,-35.7303393,448
MACEIO,ESCOLA ESTADUAL MAJOR EDUARDO EMILIANO DA FONSECA,ESCOLA ESTADUAL MAJOR EDUARDO EMILIANO DA FONSECA,82,ESC. EST. PROF. EDUARDO ALMEIDA DA SILVA,0.7273,SEM_MATCH,-9.5251247,-35.6115964,133
MACEIO,GRUPO ESCOLAR ANTÔNIO VASCO,GRUPO ESCOLAR ANTONIO VASCO,82,ESCOLA SEB (ANTIGO COC),0.625,SEM_MATCH,-9.6579315,-35.7095681,629
PENEDO,GRUPO ESCOLAR ESTADUAL GABINO BESOURO,GRUPO ESCOLAR ESTADUAL GABINO BESOURO,81,ESCOLA ESTADUAL JOÃO VALERIANO DE OLIVEIRA,0.6076,SEM_MATCH,-10.2733024,-36.5601197,113
MARECHAL DEODORO,ESCOLA PROFESSORA ELEUZA GALVÃO RODAS,ESCOLA PROFESSORA ELEUZA GALVAO RODAS,79,ESCOLA SESI - PROF. WILTON GAMA,0.6286,SEM_MATCH,-9.7191988,-35.8942787,103
DELMIRO GOUVEIA,ESCOLA ESTADUAL PEDRO NEPOMUCENO DOS SANTOS,ESCOLA ESTADUAL PEDRO NEPOMUCENO DOS SANTOS,79,ESCOLA DE EDUCAÇÃO BÁSICA BEABÁ,0.4054,SEM_MATCH,-9.3710699,-38.1897024,53
CORURIPE,ESCOLA MUNICIPAL GENERAL DE GOIS MONTEIRO,ESCOLA MUNICIPAL GENERAL DE GOIS MONTEIRO,77,ESCOLA MUNICIPAL JOSE DE CARVALHO SOUZA,0.625,SEM_MATCH,-10.1596304,-36.1604313,152
MARECHAL DEODORO,ESCOLA MUNICIPAL PREFEITO EDIVAL LEMOS SANTOS,ESCOLA MUNICIPAL PREFEITO EDIVAL LEMOS SANTOS,76,ESCOLA MUNICIPAL DR. CLÁUDIO ROBERTO COSTA DOS SANTOS,0.6337,SEM_MATCH,-9.7408231,-35.882999,112
RIO LARGO,CRIA-CENTRO INFANTIL CORÁLIA GOMES DA SILVA,CRIA CENTRO INFANTIL CORALIA GOMES DA SILVA,76,GRUPO ESCOLAR DERALDO CAMPOS,0.3099,SEM_MATCH,-9.4855066,-35.8566295,88
CORURIPE,ESCOLA MUNICIPAL NOSSA SENHORA DO MONT SERRAT,ESCOLA MUNICIPAL NOSSA SENHORA DO MONT SERRAT,71,ESCOLA MUNICIPAL FRANCISCO AMALIO MARIA,0.5952,SEM_MATCH,-10.1585695,-36.135133,123
DELMIRO GOUVEIA,"ANCHIETA, GRUPO ESCOLAR PADRE ( POV. LAGOINHA)",ANCHIETA GRUPO ESCOLAR PADRE POV LAGOINHA,69,"WATSON DE GUSMAO, ESCOLA DE 1 E 2 GRAUS",0.5063,SEM_MATCH,-9.3850082,-38.0068886,215
UNIAO DOS PALMARES,ESCOLA MUNICIPAL LAURA PEREIRA DA SILVA,ESCOLA MUNICIPAL LAURA PEREIRA DA SILVA,66,ESCOLA MUNICIPAL JAIRO CORREIA VIANA,0.72,SEM_MATCH,-9.157438,-36.0311805,393
PENEDO,ESCOLA ESTADUAL HERMÍLIO DE FREITAS MELRO,ESCOLA ESTADUAL HERMILIO DE FREITAS MELRO,62,ESCOLA ESTADUAL JOÃO VALERIANO DE OLIVEIRA,0.6506,SEM_MATCH,-10.2733024,-36.5601197,113
MACEIO,COLÉGIO SÃO JERÔNIMO,COLEGIO SAO JERONIMO,62,COLÉGIO SÃO JORGE,0.7568,MATCH_FRACO,-9.6704776,-35.720836,62
PENEDO,UNIDADE DE ENSINO DE PENEDO/UFAL,UNIDADE DE ENSINO DE PENEDO UFAL,58,SESI - SENAI / UNIDADE PENEDO,0.4912,SEM_MATCH,-10.2822946,-36.5653561,219
MACEIO,ESCOLA MUNICIPAL JOÃO FEITOSA,ESCOLA MUNICIPAL JOAO FEITOSA,57,ESCOLA MUNICIPAL TOBIAS GRANJA,0.7119,SEM_MATCH,-9.5818301,-35.7536067,157
DELMIRO GOUVEIA,"ERENICE GOMES DE LIMA, ESCOLA ESTADUAL PROFª",ERENICE GOMES DE LIMA ESCOLA ESTADUAL PROF,55,"MARIA DULCE FEITOSA,ESCOLA DE 1 GRAU",0.4872,SEM_MATCH,-9.3744784,-37.9999685,118
PALMEIRA DOS INDIOS,ESCOLA ESTADUAL DIJANIRA SANTOS SILVA,ESCOLA ESTADUAL DIJANIRA SANTOS SILVA,52,ESCOLA ESTADUAL JOSÉ VICTORINO DA ROCHA,0.5263,SEM_MATCH,-9.3991794,-36.7123167,65
DELMIRO GOUVEIA,"MANOEL MOURA, COLEGIO DE 1 GRAU",MANOEL MOURA COLEGIO DE 1 GRAU,52,"MARIA DULCE FEITOSA,ESCOLA DE 1 GRAU",0.5455,SEM_MATCH,-9.3744784,-37.9999685,118
DELMIRO GOUVEIA,"JOSE CORREIA DOS SANTOS,GRUPO ESCOLAR",JOSE CORREIA DOS SANTOS GRUPO ESCOLAR,51,"ELIZEU NORBERTO, GRUPO ESCOLAR",0.6364,SEM_MATCH,-9.3769332,-37.9959555,92
PENEDO,EMEB HANNA BERTHOLET,EMEB HANNA BERTHOLET,50,EMEB IRMÃ JOLENTA (ANTIGO FREITAS),0.4231,SEM_MATCH,-10.2826113,-36.5840511,85
MARECHAL DEODORO,ESCOLA MUNICIPAL ADELINA DE CARVALHO MELO,ESCOLA MUNICIPAL ADELINA DE CARVALHO MELO,47,ESCOLA MUNICIPAL D. MARIA DE ARAUJO LOBO,0.775,MATCH_FRACO,-9.7353584,-35.8906491,107
MARECHAL DEODORO,UBS - MARIA DO CARMO ARAÚJO SOARES,UBS MARIA DO CARMO ARAUJO SOARES,45,ESCOLA MUNICIPAL D. MARIA DE ARAUJO LOBO,0.507,SEM_MATCH,-9.7353584,-35.8906491,107
DELMIRO GOUVEIA,GRUPO ESCOLAR CASTRO ALVES,GRUPO ESCOLAR CASTRO ALVES,41,"ELIZEU NORBERTO, GRUPO ESCOLAR",0.4727,SEM_MATCH,-9.3769332,-37.9959555,92
DELMIRO GOUVEIA,"JOSE CORREIA FILHO,ESCOLA",JOSE CORREIA FILHO ESCOLA,39,"DELMIRO GOUVEIA, ESCOLA",0.5532,SEM_MATCH,-9.3831723,-37.9994571,73
MACEIO,CRECHE AGENOR FERNANDES PONTES,CRECHE AGENOR FERNANDES PONTES,39,ESCOLA ESTADUAL DR. FERNANDES LIMA,0.4776,SEM_MATCH,-9.6196629,-35.7109176,186
DELMIRO GOUVEIA,"RUI BARBOSA,ESCOLA MUNICIPAL",RUI BARBOSA ESCOLA MUNICIPAL,37,"LUIZ AUGUSTO DE AZEVEDO, ESCOLA",0.4483,SEM_MATCH,-9.3852148,-38.0003117,124
PENEDO,ESCOLA ESTADUAL CLEMENTINO DO MONTE,ESCOLA ESTADUAL CLEMENTINO DO MONTE,35,ESCOLA ESTADUAL JOÃO VALERIANO DE OLIVEIRA,0.6494,SEM_MATCH,-10.2733024,-36.5601197,113
PALMEIRA DOS INDIOS,ESCOLA MUNICIPAL NOÉ SIMPLÍCIO,ESCOLA MUNICIPAL NOE SIMPLICIO,34,ESCOLA MUNICIPAL PROFESSORA ROSINHA PIMENTEL,0.6486,SEM_MATCH,-9.4120512,-36.6274423,87
PALMEIRA DOS INDIOS,ESCOLA ESTADUAL EGÍDIO BARBOSA,ESCOLA ESTADUAL EGIDIO BARBOSA,32,ESCOLA ESTADUAL JOSÉ VICTORINO DA ROCHA,0.7246,SEM_MATCH,-9.3991794,-36.7123167,65
PALMEIRA DOS INDIOS,ESCOLA MUNICIPAL PEDRO RODRIGUES GAIA,ESCOLA MUNICIPAL PEDRO RODRIGUES GAIA,31,ESCOLA MUNICIPAL PROFESSORA ROSINHA PIMENTEL,0.6173,SEM_MATCH,-9.4120512,-36.6274423,87
DELMIRO GOUVEIA,"RAIMYSON SILVA NASCIMENTO, EMEF",RAIMYSON SILVA NASCIMENTO EMEF,30,"AFRANIO SALGADO LAGES, ESCOLA",0.4483,SEM_MATCH,-9.3843265,-38.0002215,113
DELMIRO GOUVEIA,"SAO JOSE, ESCOLA MUN DE ENSINO FUNDAMENTAL",SAO JOSE ESCOLA MUNICIPAL DE ENSINO FUNDAMENTAL,29,ANEXO DO CENTRO MUNICIPAL DE EDUCAÇÃO INFANTIL CASINHA FELIZ,0.5421,SEM_MATCH,-9.3788871,-38.0018608,43
PENEDO,EMEB SANTO ANTÔNIO,EMEB SANTO ANTONIO,28,EMEB IRMÃ JOLENTA (ANTIGO FREITAS),0.56,SEM_MATCH,-10.2826113,-36.5840511,85
PALMEIRA DOS INDIOS,UNIVERSISADE ESTADUAL DE ALAGOAS - UNEAL - PALMERIA DOS ÍNDIOS,UNIVERSISADE ESTADUAL DE ALAGOAS UNEAL PALMERIA DOS INDIOS,26,ESCOLA ESTADUAL JOSÉ VICTORINO DA ROCHA,0.433,SEM_MATCH,-9.3991794,-36.7123167,65
DELMIRO GOUVEIA,"ANTENOR CORREIA SERPA, ESCOLA MUNICIPAL DR.",ANTENOR CORREIA SERPA ESCOLA MUNICIPAL DOUTOR,25,"DELMIRO GOUVEIA, ESCOLA",0.4179,SEM_MATCH,-9.3831723,-37.9994571,73
PENEDO,EMEB PROFª MARIA DA GLÓRIA PIMENTEIRA,EMEB PROF MARIA DA GLORIA PIMENTEIRA,24,EMEB IRMÃ JOLENTA (ANTIGO FREITAS),0.4706,SEM_MATCH,-10.2826113,-36.5840511,85
DELMIRO GOUVEIA,ESCOLA MUNICIPAL DE EDUCAÇÃO BÁSICA JUSCELINO KUBISTCHEK DE OLIVEIRA,ESCOLA MUNICIPAL DE EDUCACAO BASICA JUSCELINO KUBISTCHEK DE OLIVEIRA,23,ESCOLA DE EDUCAÇÃO BÁSICA BEABÁ,0.5859,SEM_MATCH,-9.3710699,-38.1897024,53
PENEDO,EMEB PROFESSOR IRÊNIO ARAÚJO,EMEB PROFESSOR IRENIO ARAUJO,17,EMEB IRMÃ JOLENTA (ANTIGO FREITAS),0.4333,SEM_MATCH,-10.2826113,-36.5840511,85
