prioridade,prioridade_recalculada,tipo_pendencia,municipio,local_sem_geo,melhor_local_cache,endereco_cache,consulta_geocoding,registros_afetados,score_similaridade,status_match,status_geocodificacao,latitude_curadoria,longitude_curadoria,bairro_curadoria,status_curadoria,fonte_validacao,observacao_curadoria
PRIORIDADE_1,PRIORIDADE_1,CONJUNTO_HABITACIONAL,MACEIO,ESCOLA DE ENSINO FUNDAMENTAL DR JOSE HAROLDO DA COSTA,ESCOLA DE ENSINO FUNDAMENTAL DR JOSE HAROLDO DA COSTA,"CONJ. SALVADOR LIRA, S/N","CONJ. SALVADOR LIRA, S/N, Maceio, Alagoas, Brasil",594,1.0,MATCH_FORTE,NAO_ENCONTRADO,,,,PENDENTE,,
PRIORIDADE_1,PRIORIDADE_1,ESCOLA_URBANA_OU_SEDE,MACEIO,ESCOLA DE ENS. FUND. NOSSO LAR I,ESCOLA DE ENS. FUND. NOSSO LAR I,"RUA SAMPAIO DORIA, S/N","RUA SAMPAIO DORIA, S/N, Maceio, Alagoas, Brasil",467,1.0,MATCH_FORTE,NAO_ENCONTRADO,,,,PENDENTE,,
PRIORIDADE_1,PRIORIDADE_1,ESCOLA_URBANA_OU_SEDE,PENEDO,COLÉGIO ESTADUAL COMENDADOR JOSÉ DA SILVA PEIXOTO,COLEGIO ESTADUAL COMENDADOR JOSE DA SILVA PEIXOTO,"RUA CASTRO ALVES, S/N, EM FRENTE A CODEVASF","RUA CASTRO ALVES, S/N, EM FRENTE À CODEVASF, Penedo, Alagoas, Brasil",431,1.0,MATCH_FORTE,NAO_ENCONTRADO,,,,PENDENTE,,
PRIORIDADE_1,PRIORIDADE_1,ESCOLA_URBANA_OU_SEDE,UNIAO DOS PALMARES,ESCOLA ESTADUAL CARLOS GOMES DE BARROS,ESCOLA ESTADUAL CARLOS GOMES DE BARROS,"AV. JOAO LYRA FILHO, S/N","AV. JOÃO LYRA FILHO, S/N, Uniao Dos Palmares, Alagoas, Brasil",426,1.0,MATCH_FORTE,NAO_ENCONTRADO,,,,PENDENTE,,
PRIORIDADE_1,PRIORIDADE_1,ESCOLA_URBANA_OU_SEDE,ARAPIRACA,ESCOLA DE ENSINO FUNDAMENTAL CLAUDECY BISPO DOS SANTOS,ESCOLA DE ENSINO FUNDAMENTAL CLAUDECY BISPO DOS SANTOS,RUA JOSE C. DE FARIAS,"RUA JOSÉ C. DE FARIAS, Arapiraca, Alagoas, Brasil",399,1.0,MATCH_FORTE,NAO_ENCONTRADO,,,,PENDENTE,,
PRIORIDADE_1,PRIORIDADE_1,ESCOLA_URBANA_OU_SEDE,ARAPIRACA,ESCOLA DE 1 GRAU MANOEL ANDRÉ,ESCOLA DE 1 GRAU MANOEL ANDRE,AV. JOSE LUCIO DA SILVA S/N,"AV. JOSE LÚCIO DA SILVA S/N, Arapiraca, Alagoas, Brasil",395,1.0,MATCH_FORTE,NAO_ENCONTRADO,,,,PENDENTE,,
PRIORIDADE_1,PRIORIDADE_1,SITIO,MACEIO,ESC. EST. MIRAN MARROQUIM,ESC. EST. MIRAN MARROQUIM,"RUA DA LIBERDADE, S/N - PIABAS","RUA DA LIBERDADE, S/N - PIABAS, Maceio, Alagoas, Brasil",381,1.0,MATCH_FORTE,NAO_ENCONTRADO,,,,PENDENTE,,
PRIORIDADE_1,PRIORIDADE_1,ESCOLA_URBANA_OU_SEDE,MACEIO,E.M. JAYME DE ALTAVILLA,E.M. JAYME DE ALTAVILLA,"RUA DILERMANO REIS, S/N, LOT SANTA LUCIA","RUA DILERMANO REIS, S/N, LOT SANTA LUCIA, Maceio, Alagoas, Brasil",359,1.0,MATCH_FORTE,NAO_ENCONTRADO,,,,PENDENTE,,
PRIORIDADE_1,PRIORIDADE_1,ESCOLA_URBANA_OU_SEDE,ARAPIRACA,ESCOLA DE 1 GRAU PARQUE LIONS,ESCOLA DE 1 GRAU PARQUE LIONS,RUA GOV. AFRANIO LAGES S/N,"RUA GOV. AFRÂNIO LAGES S/N, Arapiraca, Alagoas, Brasil",357,1.0,MATCH_FORTE,NAO_ENCONTRADO,,,,PENDENTE,,
PRIORIDADE_1,PRIORIDADE_1,ESCOLA_URBANA_OU_SEDE,MACEIO,ESCOLA ESTADUAL PROFª. MARIA SALETE GUSMAO DE ARAUJO,ESCOLA ESTADUAL PROFa. MARIA SALETE GUSMAO DE ARAUJO,"CJ. OSMAN LOUREIRO, QD A","CJ. OSMAN LOUREIRO, QD A, Maceio, Alagoas, Brasil",353,0.9434,MATCH_PROVAVEL,NAO_ENCONTRADO,,,,PENDENTE,,
PRIORIDADE_1,PRIORIDADE_1,POVOADO,ARAPIRACA,ESCOLA DE 1 GRAU FERNANDO COLLOR DE MELLO,ESCOLA DE 1 GRAU FERNANDO COLLOR DE MELLO,POVOADO CANAA S/N,"POVOADO CANAÃ S/N, Arapiraca, Alagoas, Brasil",329,1.0,MATCH_FORTE,NAO_ENCONTRADO,,,,PENDENTE,,
PRIORIDADE_1,PRIORIDADE_1,POVOADO,ARAPIRACA,ESCOLA DE ENSINO FUNDAMENTAL ENÉAS BENEDITO DOS SANTOS,ESCOLA DE ENSINO FUNDAMENTAL ENEAS BENEDITO DOS SANTOS,POVOADO CANGANDU S/N,"POVOADO CANGANDU S/N, Arapiraca, Alagoas, Brasil",323,1.0,MATCH_FORTE,NAO_ENCONTRADO,,,,PENDENTE,,
PRIORIDADE_1,PRIORIDADE_1,SITIO,MACEIO,ESC. EST. PROF. THEOTÔNIO VILELA BRANDÃO,ESC. EST. PROF. THEOTONIO VILELA BRANDAO,"RUA ADAUTO GOMES BARBOSA, SN - SANTO EDUARDO","RUA ADAUTO GOMES BARBOSA, SN - SANTO EDUARDO, Maceio, Alagoas, Brasil",319,1.0,MATCH_FORTE,NAO_ENCONTRADO,,,,PENDENTE,,
PRIORIDADE_1,PRIORIDADE_1,LOTEAMENTO,MACEIO,COLÉGIO EDSON MONTEIRO,COLEGIO EDSON MONTEIRO,"RUA ANDRE PAPINE GOES, 177, LOTEAMENTO ACAUA","RUA ANDRÉ PAPINE GOES, 177, LOTEAMENTO ACAUÃ, Maceio, Alagoas, Brasil",308,1.0,MATCH_FORTE,NAO_ENCONTRADO,,,,PENDENTE,,
PRIORIDADE_1,PRIORIDADE_1,CONJUNTO_HABITACIONAL,ARAPIRACA,ESCOLA DE ENSINO FUNDAMENTAL CLEONICE BARBOSA DE ALMEIDA,ESCOLA DE ENSINO FUNDAMENTAL CLEONICE BARBOSA DE ALMEIDA,CONJUNTO BRISA DO LAGO - OLHO DAGUA DOS CAZUZINHO,"CONJUNTO BRISA DO LAGO - OLHO DAGUA DOS CAZUZINHO, Arapiraca, Alagoas, Brasil",301,1.0,MATCH_FORTE,NAO_ENCONTRADO,,,,PENDENTE,,
PRIORIDADE_2,PRIORIDADE_2,CONJUNTO_HABITACIONAL,MACEIO,COLÉGIO ZUMBI DOS PALMARES,COLEGIO ZUMBI DOS PALMARES,"CJ ROSANE COLLOR, QD M, S/N","CJ ROSANE COLLOR, QD M, S/N, Maceio, Alagoas, Brasil",299,1.0,MATCH_FORTE,NAO_ENCONTRADO,,,,PENDENTE,,
PRIORIDADE_2,PRIORIDADE_2,ESCOLA_URBANA_OU_SEDE,MACEIO,ESC. MUN. PROF. LENILTO ALVES SANTOS,ESC. MUN. PROF. LENILTO ALVES SANTOS,"RUA ENFERMEIRO MARIANO - COHAB, S/N","RUA ENFERMEIRO MARIANO - COHAB, S/N, Maceio, Alagoas, Brasil",289,1.0,MATCH_FORTE,NAO_ENCONTRADO,,,,PENDENTE,,
PRIORIDADE_2,PRIORIDADE_2,ESCOLA_URBANA_OU_SEDE,RIO LARGO,ESCOLA DE ENSINO FUND DR GASTAO OITICICA,ESCOLA DE ENSINO FUND DR GASTAO OITICICA,AV JULIO CALHEIROS S/N,"AV JULIO CALHEIROS S/N, Rio Largo, Alagoas, Brasil",282,1.0,MATCH_FORTE,NAO_ENCONTRADO,,,,PENDENTE,,
PRIORIDADE_2,PRIORIDADE_2,ESCOLA_URBANA_OU_SEDE,ARAPIRACA,ESCOLA DE ENSINO FUNDAMENTAL LOJA MAÇONICA,ESCOLA DE ENSINO FUNDAMENTAL LOJA MACONICA,RUA JOSE CLOVIS R. DE BARROS,"RUA JOSÉ CLOVIS R. DE BARROS, Arapiraca, Alagoas, Brasil",281,1.0,MATCH_FORTE,NAO_ENCONTRADO,,,,PENDENTE,,
PRIORIDADE_2,PRIORIDADE_2,CONJUNTO_HABITACIONAL,MACEIO,ESC. MUN. ARNON AFFONSO FARIAS DE MELLO,ESC. MUN. ARNON AFFONSO FARIAS DE MELLO,"CONJ. JOSE DA SILVA PEIXOTO, S/N","CONJ. JOSE DA SILVA PEIXOTO, S/N, Maceio, Alagoas, Brasil",275,1.0,MATCH_FORTE,NAO_ENCONTRADO,,,,PENDENTE,,
PRIORIDADE_2,PRIORIDADE_2,SITIO,MACEIO,ESC. EST. PROF. EDUARDO DA MOTA TRIGUEIROS,ESC. EST. PROF. EDUARDO DA MOTA TRIGUEIROS,"RUA ADAUTO GOMES BARBOSA, S/N - SANTO EDUARDO","RUA ADAUTO GOMES BARBOSA, S/N - SANTO EDUARDO, Maceio, Alagoas, Brasil",270,1.0,MATCH_FORTE,NAO_ENCONTRADO,,,,PENDENTE,,
PRIORIDADE_2,PRIORIDADE_2,ESCOLA_URBANA_OU_SEDE,UNIAO DOS PALMARES,ESCOLA MUNICIPAL JOÃO COSTA DE OLIVEIRA,ESCOLA MUNICIPAL JOAO COSTA DE OLIVEIRA,"QUADRA P1, S/N","QUADRA P1, S/N, Uniao Dos Palmares, Alagoas, Brasil",267,1.0,MATCH_FORTE,NAO_ENCONTRADO,,,,PENDENTE,,
PRIORIDADE_2,PRIORIDADE_2,POVOADO,ARAPIRACA,ESCOLA PROFESSOR LUIZ ALBERTO DE MELO,ESCOLA PROFESSOR LUIZ ALBERTO DE MELO,POVOADO PAU D ARCO S/N,"POVOADO PAU D ARCO S/N, Arapiraca, Alagoas, Brasil",264,1.0,MATCH_FORTE,NAO_ENCONTRADO,,,,PENDENTE,,
PRIORIDADE_2,PRIORIDADE_2,ESCOLA_URBANA_OU_SEDE,MACEIO,E.E. JORNALISTA LAFAIETTE BELO,E.E. JORNALISTA LAFAIETTE BELO,"PARQUE RESIDENCIAL BENEDITO BENTES I, S/N","PARQUE RESIDENCIAL BENEDITO BENTES I, S/N, Maceio, Alagoas, Brasil",259,1.0,MATCH_FORTE,NAO_ENCONTRADO,,,,PENDENTE,,
PRIORIDADE_2,PRIORIDADE_2,ESCOLA_URBANA_OU_SEDE,MACEIO,ESC. MUN. PROFª EULINA RIBEIRO ALENCAR,ESC. MUN. PROFa EULINA RIBEIRO ALENCAR,"RUA COARACI FONSECA, 01","RUA COARACI FONSECA, 01, Maceio, Alagoas, Brasil",259,0.9362,MATCH_PROVAVEL,NAO_ENCONTRADO,,,,PENDENTE,,
PRIORIDADE_2,PRIORIDADE_2,ESCOLA_URBANA_OU_SEDE,MACEIO,ESCOLA ESTADUAL PROFESSOR PEDRO TEIXEIRA,ESCOLA ESTADUAL PROFESSOR PEDRO TEIXEIRA,"RUA PAU DARCO, S/N","RUA PAU DARCO, S/N, Maceio, Alagoas, Brasil",259,1.0,MATCH_FORTE,NAO_ENCONTRADO,,,,PENDENTE,,
PRIORIDADE_2,PRIORIDADE_2,POVOADO,ARAPIRACA,GRUPO ESCOLAR JOSE PEREIRA LÚCIO,GRUPO ESCOLAR JOSE PEREIRA LUCIO,POVOADO BANANEIRAS S/N,"POVOADO BANANEIRAS S/N, Arapiraca, Alagoas, Brasil",252,1.0,MATCH_FORTE,NAO_ENCONTRADO,,,,PENDENTE,,
PRIORIDADE_2,PRIORIDADE_2,ESCOLA_URBANA_OU_SEDE,CORURIPE,ESCOLA ESTADUAL DJALMA BARROS SIQUEIRA,ESCOLA ESTADUAL DJALMA BARROS SIQUEIRA,"RUA PERNAMBUCO NOVO, S/N","RUA PERNAMBUCO NOVO, S/N, Coruripe, Alagoas, Brasil",249,1.0,MATCH_FORTE,NAO_ENCONTRADO,,,,PENDENTE,,
PRIORIDADE_2,PRIORIDADE_2,ESCOLA_URBANA_OU_SEDE,MACEIO,ESC. MUN. ANTÔNIO SEMEÃO LAMENHA LINS,ESC. MUN. ANTONIO SEMEAO LAMENHA LINS,"RUA MAJOR JOAQUIM CALHEIROS, S/N","RUA MAJOR JOAQUIM CALHEIROS, S/N, Maceio, Alagoas, Brasil",247,1.0,MATCH_FORTE,NAO_ENCONTRADO,,,,PENDENTE,,
PRIORIDADE_2,PRIORIDADE_2,CONJUNTO_HABITACIONAL,MACEIO,E.M. PROF. AURÉLIO BUARQUE DE HOLANDA FERREIRA,E.M. PROF. AURELIO BUARQUE DE HOLANDA FERREIRA,"RUA F, S/N, CONJUNTO FREITAS NETO","RUA F, S/N, CONJUNTO FREITAS NETO, Maceio, Alagoas, Brasil",246,1.0,MATCH_FORTE,NAO_ENCONTRADO,,,,PENDENTE,,
PRIORIDADE_2,PRIORIDADE_2,SITIO,MACEIO,ESC. EST. MANOEL SIMPLICIO DO NASCIMENTO,ESC. EST. MANOEL SIMPLICIO DO NASCIMENTO,"RUA DIVISORIA FEICAO, S/N","RUA DIVISORIA FEICAO, S/N, Maceio, Alagoas, Brasil",244,1.0,MATCH_FORTE,NAO_ENCONTRADO,,,,PENDENTE,,
PRIORIDADE_2,PRIORIDADE_2,ESCOLA_URBANA_OU_SEDE,RIO LARGO,ESCOLA DE EDUCAÇÃO BÁSICA AGNUS DEI,ESCOLA DE EDUCACAO BASICA AGNUS DEI,"AV. PRESIDENTE FERNANDO A. COLLO DE MELO,96, ANTONIO LINS DE SOUZA","AV. PRESIDENTE FERNANDO A. COLLO DE MELO,96, ANTONIO LINS DE SOUZA, Rio Largo, Alagoas, Brasil",243,1.0,MATCH_FORTE,NAO_ENCONTRADO,,,,PENDENTE,,
PRIORIDADE_2,PRIORIDADE_2,ESCOLA_URBANA_OU_SEDE,MACEIO,E.M. MARIA CARMELITA CARDOSO GAMA (CAIC-UFAL),E.M. MARIA CARMELITA CARDOSO GAMA (CAIC-UFAL),"BR 104, 1099 KM 14 - CAMPUS A.C.SIMOES","BR 104, 1099 KM 14 - CAMPUS A.C.SIMOES, Maceio, Alagoas, Brasil",241,1.0,MATCH_FORTE,NAO_ENCONTRADO,,,,PENDENTE,,
PRIORIDADE_2,PRIORIDADE_2,CONJUNTO_HABITACIONAL,RIO LARGO,ESCOLA MUNICIPAL TERESA CRISTINA LINS DE SOUZA COSTA,ESCOLA MUNICIPAL TERESA CRISTINA LINS DE SOUZA COSTA,"CJ RES. FRANCISCO TAVARES GRANJA, S/N","CJ RES. FRANCISCO TAVARES GRANJA, S/N, Rio Largo, Alagoas, Brasil",240,1.0,MATCH_FORTE,NAO_ENCONTRADO,,,,PENDENTE,,
PRIORIDADE_2,PRIORIDADE_2,ESCOLA_URBANA_OU_SEDE,MACEIO,ESC. MUN. DR. BALTAZAR DE MENDONÇA,ESC. MUN. DR. BALTAZAR DE MENDONCA,"RUA DIVISORIA FEICAO, S/N","RUA DIVISORIA FEICAO, S/N, Maceio, Alagoas, Brasil",239,1.0,MATCH_FORTE,NAO_ENCONTRADO,,,,PENDENTE,,
PRIORIDADE_2,PRIORIDADE_2,VILA,PENEDO,ESCOLA MUNICIPAL VEREADOR MANOEL SOARES DE MELO,ESCOLA MUNICIPAL VEREADOR MANOEL SOARES DE MELO,"RUA FLORIANO ROSA, S/N, PX. AO POSTO DE SAUDE, CONJUNTO VILA MATIAS","RUA FLORIANO ROSA, S/N, PX. AO POSTO DE SAÚDE, CONJUNTO VILA MATIAS, Penedo, Alagoas, Brasil",236,1.0,MATCH_FORTE,NAO_ENCONTRADO,,,,PENDENTE,,
PRIORIDADE_2,PRIORIDADE_2,CONJUNTO_HABITACIONAL,RIO LARGO,ESCOLA MUNICIPAL DE EDUCAÇÃO BASICA INDUSTRIAL LUIGI BAUDUCCO,ESCOLA MUNICIPAL DE EDUCACAO BASICA INDUSTRIAL LUIGI BAUDUCCO,"AVENIDA PASTOR JOSUE LINS CONJUNTO CRUZEIRO DO SUL, C RESIDENCIAL","AVENIDA PASTOR JOSUE LINS CONJUNTO CRUZEIRO DO SUL, C RESIDENCIAL, Rio Largo, Alagoas, Brasil",236,1.0,MATCH_FORTE,NAO_ENCONTRADO,,,,PENDENTE,,
PRIORIDADE_2,PRIORIDADE_2,ESCOLA_URBANA_OU_SEDE,SAO MIGUEL DOS CAMPOS,ESCOLA MUNICIPAL PROFESSORA INEIDE NOGUEIRA ROCHA,ESCOLA MUNICIPAL PROFESSORA INEIDE NOGUEIRA ROCHA,"RUA ALICIA VITORIA URBANO DE OLIVEIRA LOPES, QUADRA O1, S/N","RUA ALÍCIA VITÓRIA URBANO DE OLIVEIRA LOPES, QUADRA O1, S/N, Sao Miguel Dos Campos, Alagoas, Brasil",231,1.0,MATCH_FORTE,NAO_ENCONTRADO,,,,PENDENTE,,
PRIORIDADE_2,PRIORIDADE_2,ESCOLA_URBANA_OU_SEDE,RIO LARGO,ESCOLA DE ENSINO FUNDAMENTAL MARIETA LEÃO,ESCOLA DE ENSINO FUNDAMENTAL MARIETA LEAO,PATIO DA REDE FERROVIARIA S/N,"PATIO DA REDE FERROVIARIA S/N, Rio Largo, Alagoas, Brasil",229,1.0,MATCH_FORTE,NAO_ENCONTRADO,,,,PENDENTE,,
PRIORIDADE_2,PRIORIDADE_2,ESCOLA_URBANA_OU_SEDE,PENEDO,ESCOLA ESTADUAL PROFESSOR ERNANI MÉRO (GRUPO ESCOLAR EXPERIMENTAL),ESCOLA ESTADUAL PROFESSOR ERNANI MERO (GRUPO ESCOLAR EXPERIMENTAL),"PRACA LARGO DE FATIMA, S/N, EM FRENTE AO NUDEPE","PRAÇA LARGO DE FÁTIMA, S/N, EM FRENTE AO NUDEPE, Penedo, Alagoas, Brasil",227,1.0,MATCH_FORTE,NAO_ENCONTRADO,,,,PENDENTE,,
PRIORIDADE_2,PRIORIDADE_2,ESCOLA_URBANA_OU_SEDE,MACEIO,ESC. MUN. DR. ORLANDO ARAÚJO,ESC. MUN. DR. ORLANDO ARAUJO,"RUA DR. JOSE SAMPAIO LUZ, S/N","RUA DR. JOSE SAMPAIO LUZ, S/N, Maceio, Alagoas, Brasil",226,1.0,MATCH_FORTE,NAO_ENCONTRADO,,,,PENDENTE,,
PRIORIDADE_2,PRIORIDADE_2,VILA,RIO LARGO,GRUPO ESCOLAR MANOEL SOARES DE SOUZA,GRUPO ESCOLAR MANOEL SOARES DE SOUZA,VILA RAUL S/N,"VILA RAUL S/N, Rio Largo, Alagoas, Brasil",218,1.0,MATCH_FORTE,NAO_ENCONTRADO,,,,PENDENTE,,
PRIORIDADE_2,PRIORIDADE_2,VILA,ARAPIRACA,GRUPO ESCOLAR ANTÔNIO CEZÁRIO DE OLIVEIRA,GRUPO ESCOLAR ANTONIO CEZARIO DE OLIVEIRA,VILA SAO JOSE S/N,"VILA SAÕ JOSÉ S/N, Arapiraca, Alagoas, Brasil",212,1.0,MATCH_FORTE,NAO_ENCONTRADO,,,,PENDENTE,,
PRIORIDADE_2,PRIORIDADE_2,OUTROS,MACEIO,CENTRO DE ENSINO SANTA JULIANA,CENTRO DE ENSINO SANTA JULIANA,"AV DURVAL DE GOES MONTEIRO, 2345, C67P, CM","AV DURVAL DE GOES MONTEIRO, 2345, C67P, CM, Maceio, Alagoas, Brasil",212,1.0,MATCH_FORTE,NAO_ENCONTRADO,,,,PENDENTE,,
PRIORIDADE_2,PRIORIDADE_2,ESCOLA_URBANA_OU_SEDE,MACEIO,ESC. MUN. RADIALISTA EDÉCIO LOPES (ANTIGO COL. LAERSON ROSA),ESC. MUN. RADIALISTA EDECIO LOPES (ANTIGO COL. LAERSON ROSA),"RUA ALAMEDA CELIA DOS ANJOS, 06","RUA ALAMEDA CÉLIA DOS ANJOS, 06, Maceio, Alagoas, Brasil",212,1.0,MATCH_FORTE,NAO_ENCONTRADO,,,,PENDENTE,,
PRIORIDADE_2,PRIORIDADE_2,ESCOLA_URBANA_OU_SEDE,RIO LARGO,ESCOLA MUNICIPAL DE ENSINO F. PROFESSOR JOSÉ EDMILSON,ESCOLA MUNICIPAL DE ENSINO F. PROFESSOR JOSE EDMILSON,"COJ NAPOLEAO VIANA,S/N, BAR NOSSO, PREF ANTONIO LINS DE SOUZA","COJ NAPOLEÃO VIANA,S/N, BAR NOSSO, PREF ANTONIO LINS DE SOUZA, Rio Largo, Alagoas, Brasil",211,1.0,MATCH_FORTE,NAO_ENCONTRADO,,,,PENDENTE,,
PRIORIDADE_2,PRIORIDADE_2,ESCOLA_URBANA_OU_SEDE,MACEIO,ESCOLA MUN. SÉRGIO LUIZ PESSOA BRAGA,ESCOLA MUN. SERGIO LUIZ PESSOA BRAGA,"PRACA GOVERNADOR LAMENHA FILHO, S/N","PRACA GOVERNADOR LAMENHA FILHO, S/N, Maceio, Alagoas, Brasil",205,1.0,MATCH_FORTE,NAO_ENCONTRADO,,,,PENDENTE,,
PRIORIDADE_2,PRIORIDADE_2,ESCOLA_URBANA_OU_SEDE,MACEIO,COLÉGIO SAGRADA FAMILIA,COLEGIO SAGRADA FAMILIA,"RUA ALAMEDA MARIA DAS GRACAS NOVAES BRANDAO VILELA, 07","RUA ALAMEDA MARIA DAS GRAÇAS NOVAES BRANDÃO VILELA, 07, Maceio, Alagoas, Brasil",203,1.0,MATCH_FORTE,NAO_ENCONTRADO,,,,PENDENTE,,
PRIORIDADE_2,PRIORIDADE_2,ESCOLA_URBANA_OU_SEDE,CORURIPE,ESCOLA MUN. EDUC. BÁSICA PROF. MARIA ROCHA SANTOS SILVA,ESCOLA MUN. EDUC. BASICA PROF. MARIA ROCHA SANTOS SILVA,"TRAVESSA FLAMENGO, 182, QUADRA S","TRAVESSA FLAMENGO, 182, QUADRA S, Coruripe, Alagoas, Brasil",198,1.0,MATCH_FORTE,NAO_ENCONTRADO,,,,PENDENTE,,
PRIORIDADE_2,PRIORIDADE_2,POVOADO,ARAPIRACA,ESCOLA LINDAUVA EULÁLIA DE FARIAS,ESCOLA LINDAUVA EULALIA DE FARIAS,POVOADO BAIXA GRANDE DE DENTRO,"POVOADO BAIXA GRANDE DE DENTRO, Arapiraca, Alagoas, Brasil",197,1.0,MATCH_FORTE,NAO_ENCONTRADO,,,,PENDENTE,,
PRIORIDADE_2,PRIORIDADE_2,ESCOLA_URBANA_OU_SEDE,ARAPIRACA,ESCOLA DE ENSINO FUNDAMENTAL VOLUNTÁRIA MARIA DAS NEVES BORGES,ESCOLA DE ENSINO FUNDAMENTAL VOLUNTARIA MARIA DAS NEVES BORGES,"RUA SINESIO FERREIRA LIMA, N 383, OURO PRETO","RUA SINÉSIO FERREIRA LIMA, N 383, OURO PRETO, Arapiraca, Alagoas, Brasil",196,1.0,MATCH_FORTE,NAO_ENCONTRADO,,,,PENDENTE,,
PRIORIDADE_2,PRIORIDADE_2,ESCOLA_URBANA_OU_SEDE,MACEIO,ESC. DE ENS. FUND. PROF. ALMEIDA LEITE,ESC. DE ENS. FUND. PROF. ALMEIDA LEITE,"RUA DR. VIRGILIO GUEDES, S/N","RUA DR. VIRGILIO GUEDES, S/N, Maceio, Alagoas, Brasil",194,1.0,MATCH_FORTE,NAO_ENCONTRADO,,,,PENDENTE,,
PRIORIDADE_2,PRIORIDADE_2,ESCOLA_URBANA_OU_SEDE,MACEIO,ESCOLA MUNICIPAL PROFESSORA JAREDE VIANA DE OLIVEIRA,ESCOLA MUNICIPAL PROFESSORA JAREDE VIANA DE OLIVEIRA,"RUA SAO JOSE, S/N, AO LADO DA ESCOLA MUNICIPAL TOBIAS GRANJA","RUA SÃO JOSÉ, S/N, AO LADO DA ESCOLA MUNICIPAL TOBIAS GRANJA, Maceio, Alagoas, Brasil",194,1.0,MATCH_FORTE,NAO_ENCONTRADO,,,,PENDENTE,,
PRIORIDADE_2,PRIORIDADE_2,VILA,MACEIO,E.M. MARIA DE LOURDES DE MELO PIMENTEL,E.M. MARIA DE LOURDES DE MELO PIMENTEL,"RUA PADRE CICERO, 05, VILAGE CAMPESTE II","RUA PADRE CÍCERO, 05, VILAGE CAMPESTE II, Maceio, Alagoas, Brasil",189,1.0,MATCH_FORTE,NAO_ENCONTRADO,,,,PENDENTE,,
PRIORIDADE_2,PRIORIDADE_2,VILA,MACEIO,E.M. PROFA. HÉVIA VALÉRIA MAIA AMORIM,E.M. PROFA. HEVIA VALERIA MAIA AMORIM,"AV JOSE AILTON DOS SANTOS, S/N, VILAGE CAMPESTRE I","AV JOSÉ AILTON DOS SANTOS, S/N, VILAGE CAMPESTRE I, Maceio, Alagoas, Brasil",189,1.0,MATCH_FORTE,NAO_ENCONTRADO,,,,PENDENTE,,
PRIORIDADE_2,PRIORIDADE_2,ESCOLA_URBANA_OU_SEDE,CORURIPE,ESCOLA MUN. CENT. EDUCAÇÃO INFANTIL PROF. MARIA ZENAIDE ROCHA SANTOS,ESCOLA MUN. CENT. EDUCACAO INFANTIL PROF. MARIA ZENAIDE ROCHA SANTOS,"RUA PERNAMBUCO NOVO, S/N,","RUA PERNAMBUCO NOVO, S/N,, Coruripe, Alagoas, Brasil",188,1.0,MATCH_FORTE,NAO_ENCONTRADO,,,,PENDENTE,,
PRIORIDADE_2,PRIORIDADE_2,POVOADO,CORURIPE,ESCOLA MUNICIPAL SANTA SOFIA,ESCOLA MUNICIPAL SANTA SOFIA,RUA DA CAIXA DAGUA - POVOADO BOTAFOGO,"RUA DA CAIXA DAGUA - POVOADO BOTAFOGO, Coruripe, Alagoas, Brasil",188,1.0,MATCH_FORTE,NAO_ENCONTRADO,,,,PENDENTE,,
PRIORIDADE_2,PRIORIDADE_2,ESCOLA_URBANA_OU_SEDE,MACEIO,ESC. MUN. JOÃO XXIII,ESC. MUN. JOAO XXIII,"RUA DR.JOSE JOAQUIM DE ARAUJO, S/N","RUA DR.JOSE JOAQUIM DE ARAUJO, S/N, Maceio, Alagoas, Brasil",188,1.0,MATCH_FORTE,NAO_ENCONTRADO,,,,PENDENTE,,
PRIORIDADE_2,PRIORIDADE_2,ESCOLA_URBANA_OU_SEDE,RIO LARGO,ANTIGA ESCOLA FRANCISCO LEÃO DO CENTRO,ANTIGA ESCOLA FRANCISCO LEAO DO CENTRO,"PRACA TEIZEIRA BARROS., SN","PRAÇA TEIZEIRA BARROS., SN, Rio Largo, Alagoas, Brasil",187,1.0,MATCH_FORTE,NAO_ENCONTRADO,,,,PENDENTE,,
PRIORIDADE_2,PRIORIDADE_2,ESCOLA_URBANA_OU_SEDE,MACEIO,ESCOLA MUN. SILVESTRE PÉRICLES,ESCOLA MUN. SILVESTRE PERICLES,PRACA DR CAIO DE AGUIAR PORTO S/N - PONTAL DA BARRA,"PRAÇA DR CAIO DE AGUIAR PORTO S/N - PONTAL DA BARRA, Maceio, Alagoas, Brasil",184,1.0,MATCH_FORTE,NAO_ENCONTRADO,,,,PENDENTE,,
PRIORIDADE_2,PRIORIDADE_2,ESCOLA_URBANA_OU_SEDE,DELMIRO GOUVEIA,"VIRGILIA BEZERRA,ESCOLA DE 1 E 2 GRAUS PROFESSORA","VIRGILIA BEZERRA,ESCOLA DE 1 E 2 GRAUS PROFESSORA",AV MASCARENHAS DE MORAIS S/N,"AV MASCARENHAS DE MORAIS S/N, Delmiro Gouveia, Alagoas, Brasil",177,1.0,MATCH_FORTE,NAO_ENCONTRADO,,,,PENDENTE,,
PRIORIDADE_2,PRIORIDADE_2,ENDERECO_URBANO,PENEDO,COOPERATIVA EDUCACIONAL DE PENEDO - COOPEPE LTDA,COOPERATIVA EDUCACIONAL DE PENEDO - COOPEPE LTDA,"PARQUE DR. ADAIL FREIRE PEREIRA, 127 (PRACA SANTA LUZIA)","PARQUE DR. ADAIL FREIRE PEREIRA, 127 (PRAÇA SANTA LUZIA), Penedo, Alagoas, Brasil",175,1.0,MATCH_FORTE,NAO_ENCONTRADO,,,,PENDENTE,,
PRIORIDADE_2,PRIORIDADE_2,ESCOLA_URBANA_OU_SEDE,ARAPIRACA,ESCOLAR ANA BERNARDES SILVEIRA,ESCOLAR ANA BERNARDES SILVEIRA,SERRA DOS FERREIRA S/N,"SERRA DOS FERREIRA S/N, Arapiraca, Alagoas, Brasil",171,1.0,MATCH_FORTE,NAO_ENCONTRADO,,,,PENDENTE,,
PRIORIDADE_2,PRIORIDADE_2,VILA,MARECHAL DEODORO,ESCOLA MUNICIPAL ALTINA RIBEIRO TOLEDO,ESCOLA MUNICIPAL ALTINA RIBEIRO TOLEDO,VILA ALTINA SN,"VILA ALTINA SN, Marechal Deodoro, Alagoas, Brasil",168,1.0,MATCH_FORTE,NAO_ENCONTRADO,,,,PENDENTE,,
PRIORIDADE_2,PRIORIDADE_2,CONJUNTO_HABITACIONAL,RIO LARGO,ESCOLA PREFEITO WALTER DORIA DE FIGUEIREDO,ESCOLA PREFEITO WALTER DORIA DE FIGUEIREDO,"CJ MARIO MAFRA, QUADRA D-04","CJ MARIO MAFRA, QUADRA D-04, Rio Largo, Alagoas, Brasil",166,1.0,MATCH_FORTE,NAO_ENCONTRADO,,,,PENDENTE,,
PRIORIDADE_2,PRIORIDADE_2,CONJUNTO_HABITACIONAL,MACEIO,E.E. MANUEL BALTAZAR P. DIEGUES JUNIOR,E.E. MANUEL BALTAZAR P. DIEGUES JUNIOR,"CONJUNTO SANTA MARIA, S/N - RUA D QD 8","CONJUNTO SANTA MARIA, S/N - RUA D QD 8, Maceio, Alagoas, Brasil",164,1.0,MATCH_FORTE,NAO_ENCONTRADO,,,,PENDENTE,,
PRIORIDADE_2,PRIORIDADE_2,CONJUNTO_HABITACIONAL,RIO LARGO,CRECHE MUNICIPAL CELYRIO ADAMASTOR BARRETO ACIOLY,CRECHE MUNICIPAL CELYRIO ADAMASTOR BARRETO ACIOLY,"ROD AL 210, CJ EDSON NOVAES S/N","ROD AL 210, CJ EDSON NOVAES S/N, Rio Largo, Alagoas, Brasil",161,1.0,MATCH_FORTE,NAO_ENCONTRADO,,,,PENDENTE,,
PRIORIDADE_2,PRIORIDADE_2,ESCOLA_URBANA_OU_SEDE,MACEIO,COLÉGIO BRASIL (ANTIGO ISAAC NEWTON),COLEGIO BRASIL (ANTIGO ISAAC NEWTON),"RUA FERNANDO MENDES PINTO, N 11","RUA FERNANDO MENDES PINTO, N 11, Maceio, Alagoas, Brasil",159,1.0,MATCH_FORTE,NAO_ENCONTRADO,,,,PENDENTE,,
PRIORIDADE_2,PRIORIDADE_2,CONJUNTO_HABITACIONAL,MACEIO,E.M. GASTONE LÚCIA DE CARVALHO BELTRÃO,E.M. GASTONE LUCIA DE CARVALHO BELTRAO,"CONJ. JARDIM ROYAL - MODULO II - QD Q, S/N","CONJ. JARDIM ROYAL - MODULO II - QD Q, S/N, Maceio, Alagoas, Brasil",159,1.0,MATCH_FORTE,NAO_ENCONTRADO,,,,PENDENTE,,
PRIORIDADE_2,PRIORIDADE_2,ENDERECO_URBANO,MACEIO,EDIFÍCIO DO SENAC,EDIFICIO DO SENAC,"AV. PEDRO PAULINO, 77","AV. PEDRO PAULINO, 77, Maceio, Alagoas, Brasil",158,1.0,MATCH_FORTE,NAO_ENCONTRADO,,,,PENDENTE,,
PRIORIDADE_2,PRIORIDADE_2,ESCOLA_URBANA_OU_SEDE,RIO LARGO,GRUPO ESCOLAR DALMARIO DE SOUZA,GRUPO ESCOLAR DALMARIO DE SOUZA,RUA ALTO DA SAUDADE SN,"RUA ALTO DA SAUDADE SN, Rio Largo, Alagoas, Brasil",156,1.0,MATCH_FORTE,NAO_ENCONTRADO,,,,PENDENTE,,
PRIORIDADE_2,PRIORIDADE_2,ESCOLA_URBANA_OU_SEDE,SAO MIGUEL DOS CAMPOS,ESCOLA MUNICIPAL DIONISIA APRATTO TENORIO,ESCOLA MUNICIPAL DIONISIA APRATTO TENORIO,"AV. PREFEITO PEDRO FERNANDES, S/N","AV. PREFEITO PEDRO FERNANDES, S/N, Sao Miguel Dos Campos, Alagoas, Brasil",156,1.0,MATCH_FORTE,NAO_ENCONTRADO,,,,PENDENTE,,
PRIORIDADE_2,PRIORIDADE_2,ESCOLA_URBANA_OU_SEDE,SAO MIGUEL DOS CAMPOS,ESCOLA DE EDUCAÇÃO BÁSICA CONSTRUTIVISTA,ESCOLA DE EDUCACAO BASICA CONSTRUTIVISTA,"RUA PROJETADA, 16","RUA PROJETADA, 16, Sao Miguel Dos Campos, Alagoas, Brasil",155,1.0,MATCH_FORTE,NAO_ENCONTRADO,,,,PENDENTE,,
PRIORIDADE_2,PRIORIDADE_2,ENDERECO_URBANO,ARAPIRACA,CENTRO DE EDUCAÇÃO INFANTIL JOANNA DE ANGELLIS (ANTIGO MADRE PAULINA),CENTRO DE EDUCACAO INFANTIL JOANNA DE ANGELLIS (ANTIGO MADRE PAULINA),RUA DOMINGOS CORREIA 1065,"RUA DOMINGOS CORREIA 1065, Arapiraca, Alagoas, Brasil",154,1.0,MATCH_FORTE,NAO_ENCONTRADO,,,,PENDENTE,,
PRIORIDADE_2,PRIORIDADE_2,LOTEAMENTO,MARECHAL DEODORO,ESCOLA MUNICIPAL PREFEITO MANOEL MESSIAS DOS SANTOS,ESCOLA MUNICIPAL PREFEITO MANOEL MESSIAS DOS SANTOS,RUA SALVADOR S/N LOT. LUAR DO FRANCES,"RUA SALVADOR S/N LOT. LUAR DO FRANCÊS, Marechal Deodoro, Alagoas, Brasil",153,1.0,MATCH_FORTE,NAO_ENCONTRADO,,,,PENDENTE,,
PRIORIDADE_2,PRIORIDADE_2,ESCOLA_URBANA_OU_SEDE,MACEIO,ESC. MUN. PIO X (PRÉDIO DO ANTIGO COL.SAGRADA FAMÍLIA),ESC. MUN. PIO X (PREDIO DO ANTIGO COL.SAGRADA FAMILIA),"RUA PROFESSORA ZEZE LOUREIRO, 200","RUA PROFESSORA ZEZE LOUREIRO, 200, Maceio, Alagoas, Brasil",150,1.0,MATCH_FORTE,NAO_ENCONTRADO,,,,PENDENTE,,
PRIORIDADE_3,PRIORIDADE_3,ESCOLA_URBANA_OU_SEDE,MARECHAL DEODORO,ESCOLA MUNICIPAL MARIA PETRONILA DE GOUVEA,ESCOLA MUNICIPAL MARIA PETRONILA DE GOUVEA,RUA MARINITA DE GOUVEIA SN,"RUA MARINITA DE GOUVEIA SN, Marechal Deodoro, Alagoas, Brasil",149,1.0,MATCH_FORTE,NAO_ENCONTRADO,,,,PENDENTE,,
PRIORIDADE_3,PRIORIDADE_3,ESCOLA_URBANA_OU_SEDE,RIO LARGO,GRUPO ESCOLAR OZORIA MOURA DE LIMA,GRUPO ESCOLAR OZORIA MOURA DE LIMA,RUA ANTONIO ELIAS CALHEIROS S/N,"RUA ANTONIO ELIAS CALHEIROS S/N, Rio Largo, Alagoas, Brasil",147,1.0,MATCH_FORTE,NAO_ENCONTRADO,,,,PENDENTE,,
PRIORIDADE_3,PRIORIDADE_3,OUTROS,MACEIO,CLUBE DA CAIXA ECONÔMICA FEDERAL (APCEF/AL),CLUBE DA CAIXA ECONOMICA FEDERAL (APCEF/AL),"ROD. AL 101 NORTE, S/N","ROD. AL 101 NORTE, S/N, Maceio, Alagoas, Brasil",141,1.0,MATCH_FORTE,NAO_ENCONTRADO,,,,PENDENTE,,
PRIORIDADE_3,PRIORIDADE_3,CONJUNTO_HABITACIONAL,RIO LARGO,ESCOLA ESTADUAL JOÃO MORAIS CAVALCANTE,ESCOLA ESTADUAL JOAO MORAIS CAVALCANTE,"R. DO MATADOURO, CJ HAB JOSE FERNANDES TORRES, CJ MUTIRAO","R. DO MATADOURO, CJ HAB JOSE FERNANDES TORRES, CJ MUTIRÃO, Rio Largo, Alagoas, Brasil",141,1.0,MATCH_FORTE,NAO_ENCONTRADO,,,,PENDENTE,,
PRIORIDADE_3,PRIORIDADE_3,ENDERECO_URBANO,SAO MIGUEL DOS CAMPOS,CRECHE JOSEFA BENEDITA DOS SANTOS,CRECHE JOSEFA BENEDITA DOS SANTOS,AVENIDA PEDRO FERNANDES DE COSTA,"AVENIDA PEDRO FERNANDES DE COSTA, Sao Miguel Dos Campos, Alagoas, Brasil",141,1.0,MATCH_FORTE,NAO_ENCONTRADO,,,,PENDENTE,,
PRIORIDADE_3,PRIORIDADE_3,ESCOLA_URBANA_OU_SEDE,SAO MIGUEL DOS CAMPOS,COLÉGIO MUNICIPAL ESTHER SOARES TORRES,COLEGIO MUNICIPAL ESTHER SOARES TORRES,"AVENIDA PREFEITO PEDRO FERNANDES DA COSTA, S/N","AVENIDA PREFEITO PEDRO FERNANDES DA COSTA, S/N, Sao Miguel Dos Campos, Alagoas, Brasil",139,1.0,MATCH_FORTE,NAO_ENCONTRADO,,,,PENDENTE,,
PRIORIDADE_3,PRIORIDADE_3,ESCOLA_URBANA_OU_SEDE,SAO MIGUEL DOS CAMPOS,ESCOLA DE ENSINO SUPERIOR DE SAO MIGUEL DOS CAMPOS,ESCOLA DE ENSINO SUPERIOR DE SAO MIGUEL DOS CAMPOS,"PRACA SENHORA DOS PRAZERES, SN","PRACA SENHORA DOS PRAZERES, SN, Sao Miguel Dos Campos, Alagoas, Brasil",135,1.0,MATCH_FORTE,NAO_ENCONTRADO,,,,PENDENTE,,
PRIORIDADE_3,PRIORIDADE_3,ESCOLA_URBANA_OU_SEDE,RIO LARGO,GRUPO ESCOLAR PROFESSOR POMPEU SARMENTO,GRUPO ESCOLAR PROFESSOR POMPEU SARMENTO,TRAV SANTA LUZIA S/N,"TRAV SANTA LUZIA S/N, Rio Largo, Alagoas, Brasil",132,1.0,MATCH_FORTE,NAO_ENCONTRADO,,,,PENDENTE,,
PRIORIDADE_3,PRIORIDADE_3,ENDERECO_URBANO,CORURIPE,CENTRO EDUCACIONAL PROFISSIONAL MARIA ALICE BELTRÃO DE CASTRO SIQUEIRA,CENTRO EDUCACIONAL PROFISSIONAL MARIA ALICE BELTRAO DE CASTRO SIQUEIRA,RUA PERNAMBUCO NOVO,"RUA PERNAMBUCO NOVO, Coruripe, Alagoas, Brasil",131,1.0,MATCH_FORTE,NAO_ENCONTRADO,,,,PENDENTE,,
PRIORIDADE_3,PRIORIDADE_3,LOTEAMENTO,MACEIO,ESCOLA MUN. DOM MIGUEL FENELON CÂMARA,ESCOLA MUN. DOM MIGUEL FENELON CAMARA,"LOTEAMENTO JARDIM PETROPOLIS II, SN, QD 26","LOTEAMENTO JARDIM PETROPOLIS II, SN, QD 26, Maceio, Alagoas, Brasil",130,1.0,MATCH_FORTE,NAO_ENCONTRADO,,,,PENDENTE,,
PRIORIDADE_3,PRIORIDADE_3,ESCOLA_URBANA_OU_SEDE,MACEIO,ESCOLA MUN. PROF. DERALDO CAMPOS,ESCOLA MUN. PROF. DERALDO CAMPOS,"RUA TENENTE MOISES S. FIRMINO, S/N","RUA TENENTE MOISÉS S. FIRMINO, S/N, Maceio, Alagoas, Brasil",129,1.0,MATCH_FORTE,NAO_ENCONTRADO,,,,PENDENTE,,
PRIORIDADE_3,PRIORIDADE_3,ESCOLA_URBANA_OU_SEDE,CORURIPE,ESCOLA MUNICIPAL MANOEL CECÍLIO DE JESUS,ESCOLA MUNICIPAL MANOEL CECILIO DE JESUS,"RUA DO JASMIM,","RUA DO JASMIM,, Coruripe, Alagoas, Brasil",128,1.0,MATCH_FORTE,NAO_ENCONTRADO,,,,PENDENTE,,
PRIORIDADE_3,PRIORIDADE_3,VILA,ARAPIRACA,GRUPO ESCOLAR CÔNEGO EPITÁCIO RODRIGUES,GRUPO ESCOLAR CONEGO EPITACIO RODRIGUES,VILA SAO FRANCISCO,"VILA SAO FRANCISCO, Arapiraca, Alagoas, Brasil",127,1.0,MATCH_FORTE,NAO_ENCONTRADO,,,,PENDENTE,,
PRIORIDADE_3,PRIORIDADE_3,ESCOLA_URBANA_OU_SEDE,MARECHAL DEODORO,ESCOLA MUNICIPAL CARLOS AVELINO DA SILVA,ESCOLA MUNICIPAL CARLOS AVELINO DA SILVA,"RES MARIA GISLENE MATHEUS, S/N","RES MARIA GISLENE MATHEUS, S/N, Marechal Deodoro, Alagoas, Brasil",126,1.0,MATCH_FORTE,NAO_ENCONTRADO,,,,PENDENTE,,
PRIORIDADE_3,PRIORIDADE_3,OUTROS,ARAPIRACA,IFAL - INSTITUTO FEDERAL DE ALAGOAS,IFAL - INSTITUTO FEDERAL DE ALAGOAS,"RODOVIA AL 110, N 4805","RODOVIA AL 110, N 4805, Arapiraca, Alagoas, Brasil",125,1.0,MATCH_FORTE,NAO_ENCONTRADO,,,,PENDENTE,,
PRIORIDADE_3,PRIORIDADE_3,CONJUNTO_HABITACIONAL,RIO LARGO,ESCOLA DE EDUCAÇÃO INFANTIL PADRE PAULINO,ESCOLA DE EDUCACAO INFANTIL PADRE PAULINO,CONJUNTO MUTIRAO,"CONJUNTO MUTIRÃO, Rio Largo, Alagoas, Brasil",125,1.0,MATCH_FORTE,NAO_ENCONTRADO,,,,PENDENTE,,
PRIORIDADE_3,PRIORIDADE_3,SITIO,MACEIO,ESC. EST. PROFª ANA COELHO PALMEIRA,ESC. EST. PROFa ANA COELHO PALMEIRA,"CONJ. ALFREDO GASPAR DE MENDONCA, S/N","CONJ. ALFREDO GASPAR DE MENDONCA, S/N, Maceio, Alagoas, Brasil",124,0.9302,MATCH_PROVAVEL,NAO_ENCONTRADO,,,,PENDENTE,,
PRIORIDADE_3,PRIORIDADE_3,LOTEAMENTO,PENEDO,EMEB VEREADOR JOSÉ DA COSTA MANGABEIRA,EMEB VEREADOR JOSE DA COSTA MANGABEIRA,"RUA F, LOTEAMENTO SAO GONCALO, SN","RUA F, LOTEAMENTO SÃO GONÇALO, SN, Penedo, Alagoas, Brasil",122,1.0,MATCH_FORTE,NAO_ENCONTRADO,,,,PENDENTE,,
PRIORIDADE_3,PRIORIDADE_3,ESCOLA_URBANA_OU_SEDE,PENEDO,ESCOLA ESTADUAL DR. ALCIDES ANDRADE,ESCOLA ESTADUAL DR. ALCIDES ANDRADE,"ROD. ENGENHEIRO JOAQUIM GONCALVES, S/N, PX. A GRANDE RIO VEICULOS","ROD. ENGENHEIRO JOAQUIM GONÇALVES, S/N, PX. A GRANDE RIO VEÍCULOS, Penedo, Alagoas, Brasil",122,1.0,MATCH_FORTE,NAO_ENCONTRADO,,,,PENDENTE,,
PRIORIDADE_3,PRIORIDADE_3,VILA,RIO LARGO,ESCOLA DE EDUCAÇÃO INFANTIL AQUINO JAPIASSÚ,ESCOLA DE EDUCACAO INFANTIL AQUINO JAPIASSU,VILA MARILIA,"VILA MARÍLIA, Rio Largo, Alagoas, Brasil",120,1.0,MATCH_FORTE,NAO_ENCONTRADO,,,,PENDENTE,,
PRIORIDADE_3,PRIORIDADE_3,ENDERECO_URBANO,ARAPIRACA,CENTRO DE EDUCAÇÃO INFANTIL MARIA DE LOURDES PEREIRA CAVALCANTE,CENTRO DE EDUCACAO INFANTIL MARIA DE LOURDES PEREIRA CAVALCANTE,"RUA OSMAN CAVALCANTE, S/N","RUA OSMAN CAVALCANTE, S/N, Arapiraca, Alagoas, Brasil",115,1.0,MATCH_FORTE,NAO_ENCONTRADO,,,,PENDENTE,,
PRIORIDADE_3,PRIORIDADE_3,OUTROS,MACEIO,CMEI HERBERT DE SOUZA,CMEI HERBERT DE SOUZA,"ROD. AL 101 NORTE, S/N","ROD. AL 101 NORTE, S/N, Maceio, Alagoas, Brasil",115,1.0,MATCH_FORTE,NAO_ENCONTRADO,,,,PENDENTE,,
PRIORIDADE_3,PRIORIDADE_3,ESCOLA_URBANA_OU_SEDE,SAO MIGUEL DOS CAMPOS,ESCOLA DE 1 E 2 GRAUS NUNILA MACHADO,ESCOLA DE 1 E 2 GRAUS NUNILA MACHADO,"VISCONDE DE SINIMBU, 182","VISCONDE DE SINIMBU, 182, Sao Miguel Dos Campos, Alagoas, Brasil",115,1.0,MATCH_FORTE,NAO_ENCONTRADO,,,,PENDENTE,,
PRIORIDADE_3,PRIORIDADE_3,ESCOLA_URBANA_OU_SEDE,DELMIRO GOUVEIA,"FRANCISCA ROSA DA COSTA,GRUPO ESCOLAR","FRANCISCA ROSA DA COSTA,GRUPO ESCOLAR","RUA SARGENTO REGINALDO BANDEIRA, 342","RUA SARGENTO REGINALDO BANDEIRA, 342, Delmiro Gouveia, Alagoas, Brasil",113,1.0,MATCH_FORTE,NAO_ENCONTRADO,,,,PENDENTE,,
PRIORIDADE_3,PRIORIDADE_3,ESCOLA_URBANA_OU_SEDE,MACEIO,E.E. AQUILINA BULHÕES BARROS,E.E. AQUILINA BULHOES BARROS,"RUA HENRIQUE FRANCISCO BULHOES, 14 QD C","RUA HENRIQUE FRANCISCO BULHÕES, 14 QD C, Maceio, Alagoas, Brasil",111,1.0,MATCH_FORTE,NAO_ENCONTRADO,,,,PENDENTE,,
PRIORIDADE_3,PRIORIDADE_3,ESCOLA_URBANA_OU_SEDE,SAO MIGUEL DOS CAMPOS,ESCOLA DE 1 GRAU TARCISIO SOARES PALMEIRA,ESCOLA DE 1 GRAU TARCISIO SOARES PALMEIRA,"TRAVESSA SENADOR MAXIMO, 104","TRAVESSA SENADOR MAXIMO, 104, Sao Miguel Dos Campos, Alagoas, Brasil",110,1.0,MATCH_FORTE,NAO_ENCONTRADO,,,,PENDENTE,,
PRIORIDADE_3,PRIORIDADE_3,CONJUNTO_HABITACIONAL,UNIAO DOS PALMARES,CRECHE MUNICIPAL TIA SUZETE,CRECHE MUNICIPAL TIA SUZETE,CONJUNTO NOVA ESPERANCA,"CONJUNTO NOVA ESPERANÇA, Uniao Dos Palmares, Alagoas, Brasil",108,1.0,MATCH_FORTE,NAO_ENCONTRADO,,,,PENDENTE,,
PRIORIDADE_3,PRIORIDADE_3,VILA,ARAPIRACA,ESCOLA DE ENSINO FUNDAMENTAL GUIMARÃES PASSOS,ESCOLA DE ENSINO FUNDAMENTAL GUIMARAES PASSOS,VILA FERNANDES,"VILA FERNANDES, Arapiraca, Alagoas, Brasil",106,1.0,MATCH_FORTE,NAO_ENCONTRADO,,,,PENDENTE,,
PRIORIDADE_3,PRIORIDADE_3,ENDERECO_URBANO,MARECHAL DEODORO,NEI ADÉLIA CAVALCANTE COSTA,NEI ADELIA CAVALCANTE COSTA,RUA DOS CAJUEIROS,"RUA DOS CAJUEIROS, Marechal Deodoro, Alagoas, Brasil",106,1.0,MATCH_FORTE,NAO_ENCONTRADO,,,,PENDENTE,,
PRIORIDADE_3,PRIORIDADE_3,ESCOLA_URBANA_OU_SEDE,UNIAO DOS PALMARES,ESCOLA DE ENSINO FUNDAMENTAL FERNANDO JUAZEIRO,ESCOLA DE ENSINO FUNDAMENTAL FERNANDO JUAZEIRO,AV. DR. HERMANO PLECH 488,"AV. DR. HERMANO PLECH 488, Uniao Dos Palmares, Alagoas, Brasil",106,1.0,MATCH_FORTE,NAO_ENCONTRADO,,,,PENDENTE,,
PRIORIDADE_3,PRIORIDADE_3,ESCOLA_URBANA_OU_SEDE,PALMEIRA DOS INDIOS,GRUPO ESCOLAR ANTÔNIA MACEDO,GRUPO ESCOLAR ANTONIA MACEDO,RUA CEL ANTONIO PANTALEAO SN,"RUA CEL ANTÔNIO PANTALEÃO SN, Palmeira Dos Indios, Alagoas, Brasil",101,1.0,MATCH_FORTE,NAO_ENCONTRADO,,,,PENDENTE,,
PRIORIDADE_3,PRIORIDADE_3,ESCOLA_URBANA_OU_SEDE,SAO MIGUEL DOS CAMPOS,ESCOLA ESTADUAL PROFESSORA EDILEUZA OLIVEIRA DA SILVA,ESCOLA ESTADUAL PROFESSORA EDILEUZA OLIVEIRA DA SILVA,"RUA PROJETADA, S/N","RUA PROJETADA, S/N, Sao Miguel Dos Campos, Alagoas, Brasil",101,1.0,MATCH_FORTE,NAO_ENCONTRADO,,,,PENDENTE,,
PRIORIDADE_3,PRIORIDADE_3,ESCOLA_URBANA_OU_SEDE,MACEIO,COLÉGIO DOM BOSCO (ANTIGO COLÉGIO CARVALHO),COLEGIO DOM BOSCO (ANTIGO COLEGIO CARVALHO),RUA EURICO AYRES N. 131,"RUA EURICO AYRES N. 131, Maceio, Alagoas, Brasil",99,1.0,MATCH_FORTE,NAO_ENCONTRADO,,,,PENDENTE,,
PRIORIDADE_3,PRIORIDADE_3,CONJUNTO_HABITACIONAL,MACEIO,COLÉGIO ROSA MÍSTICA,COLEGIO ROSA MISTICA,"CONJUNTO OSMAN LOUREIRO, RUA 15, N 133, QD C2","CONJUNTO OSMAN LOUREIRO, RUA 15, N 133, QD C2, Maceio, Alagoas, Brasil",99,1.0,MATCH_FORTE,NAO_ENCONTRADO,,,,PENDENTE,,
PRIORIDADE_3,PRIORIDADE_3,SITIO,MACEIO,ESC. EST. PROFª EROTILDES RODRIGUES SALDANHA (EX SEN PETRÔNIO PORTELA),ESC. EST. PROFa EROTILDES RODRIGUES SALDANHA (EX SEN PETRONIO PORTELA),"RUA GOV. LAMENHA FILHO, S/N","RUA GOV. LAMENHA FILHO, S/N, Maceio, Alagoas, Brasil",99,0.9605,MATCH_FORTE,NAO_ENCONTRADO,,,,PENDENTE,,
PRIORIDADE_3,PRIORIDADE_3,ENDERECO_URBANO,MACEIO,CMEI SÔNIA CAVALCANTI,CMEI SONIA CAVALCANTI,"RUA GENERAL HERMES, S/N, BOM PARTO (VIZ. A SEMED)","RUA GENERAL HERMES, S/N, BOM PARTO (VIZ. À SEMED), Maceio, Alagoas, Brasil",98,1.0,MATCH_FORTE,NAO_ENCONTRADO,,,,PENDENTE,,
PRIORIDADE_3,PRIORIDADE_3,VILA,MACEIO,ESCOLA ESTADUAL MARIA AMÁLIA,ESCOLA ESTADUAL MARIA AMALIA,"RUA VALDEMAR RUFINO DOS SANTOS, S/N,VILA ABC","RUA VALDEMAR RUFINO DOS SANTOS, S/N,VILA ABC, Maceio, Alagoas, Brasil",98,1.0,MATCH_FORTE,NAO_ENCONTRADO,,,,PENDENTE,,
PRIORIDADE_3,PRIORIDADE_3,OUTROS,MARECHAL DEODORO,NEI MARIA IRENE DA SILVA,NEI MARIA IRENE DA SILVA,AV VIOLETA SN RD DENISSON AMORIM,"AV VIOLETA SN RD DENISSON AMORIM, Marechal Deodoro, Alagoas, Brasil",96,1.0,MATCH_FORTE,NAO_ENCONTRADO,,,,PENDENTE,,
PRIORIDADE_3,PRIORIDADE_3,OUTROS,PENEDO,IFAL - CAMPUS PENEDO,IFAL - CAMPUS PENEDO,"ROD ENGENHEIRO JOAQUIM GONCALVES, S/N LOT SAO JOSE","ROD ENGENHEIRO JOAQUIM GONÇALVES, S/N LOT SÃO JOSÉ, Penedo, Alagoas, Brasil",96,1.0,MATCH_FORTE,NAO_ENCONTRADO,,,,PENDENTE,,
PRIORIDADE_3,PRIORIDADE_3,ESCOLA_URBANA_OU_SEDE,PALMEIRA DOS INDIOS,ESCOLA ESTADUAL MANOEL PASSOS LIMA,ESCOLA ESTADUAL MANOEL PASSOS LIMA,"RUA GERVASIO MOREIRA, S/N","RUA GERVÁSIO MOREIRA, S/N, Palmeira Dos Indios, Alagoas, Brasil",95,1.0,MATCH_FORTE,NAO_ENCONTRADO,,,,PENDENTE,,
PRIORIDADE_3,PRIORIDADE_3,ESCOLA_URBANA_OU_SEDE,MACEIO,ESC. MUN. NOSSA SRª APARECIDA (PRÉDIO DO ANTIGO COL.SAGRADA FAMÍLIA),ESC. MUN. NOSSA SRa APARECIDA (PREDIO DO ANTIGO COL.SAGRADA FAMILIA),"RUA PROFESSORA MARIA JOSE LOUREIRO, S/N","RUA PROFESSORA MARIA JOSÉ LOUREIRO, S/N, Maceio, Alagoas, Brasil",91,0.9934,MATCH_FORTE,NAO_ENCONTRADO,,,,PENDENTE,,
PRIORIDADE_3,PRIORIDADE_3,CONJUNTO_HABITACIONAL,RIO LARGO,CMEI DESEMBARGADOR FRANCISCO WILDO LACERDA DANTAS,CMEI DESEMBARGADOR FRANCISCO WILDO LACERDA DANTAS,"CJ ANTONIO LINS DE SOUSA , QD6, MATA DO ROLO","CJ ANTONIO LINS DE SOUSA , QD6, MATA DO ROLO, Rio Largo, Alagoas, Brasil",88,1.0,MATCH_FORTE,NAO_ENCONTRADO,,,,PENDENTE,,
PRIORIDADE_3,PRIORIDADE_3,ESCOLA_URBANA_OU_SEDE,DELMIRO GOUVEIA,"NOEMIA BANDEIRA DA SILVA,ESCOLA","NOEMIA BANDEIRA DA SILVA,ESCOLA","RUA DO CHAFARIZ, SN","RUA DO CHAFARIZ, SN, Delmiro Gouveia, Alagoas, Brasil",86,1.0,MATCH_FORTE,NAO_ENCONTRADO,,,,PENDENTE,,
PRIORIDADE_3,PRIORIDADE_3,CONJUNTO_HABITACIONAL,MACEIO,ESC. MUN. PROFª NEIDE DE FREITAS FRANÇA,ESC. MUN. PROFa NEIDE DE FREITAS FRANCA,"CONJ. OTACILIO HOLANDA, S/N","CONJ. OTACILIO HOLANDA, S/N, Maceio, Alagoas, Brasil",84,0.9375,MATCH_PROVAVEL,NAO_ENCONTRADO,,,,PENDENTE,,
PRIORIDADE_3,PRIORIDADE_3,SITIO,MACEIO,SEADES - SEC. DE EST. DA ASSISTÊNCIA E DESENVOLVIMENTO SOCIAL,SEADES - SEC. DE EST. DA ASSISTENCIA E DESENVOLVIMENTO SOCIAL,RUA COMENDADOR CALACA 1339,"RUA COMENDADOR CALACA 1339, Maceio, Alagoas, Brasil",84,1.0,MATCH_FORTE,NAO_ENCONTRADO,,,,PENDENTE,,
PRIORIDADE_3,PRIORIDADE_3,ESCOLA_URBANA_OU_SEDE,MACEIO,ESCOLA ESTADUAL MAJOR EDUARDO EMILIANO DA FONSECA,ESCOLA ESTADUAL MAJOR EDUARDO EMILIANO DA FONSECA,"RUA DR LUIS DE BARROS, S/N","RUA DR LUIS DE BARROS, S/N, Maceio, Alagoas, Brasil",82,1.0,MATCH_FORTE,NAO_ENCONTRADO,,,,PENDENTE,,
PRIORIDADE_3,PRIORIDADE_3,ESCOLA_URBANA_OU_SEDE,PENEDO,GRUPO ESCOLAR ESTADUAL GABINO BESOURO,GRUPO ESCOLAR ESTADUAL GABINO BESOURO,"AVENIDA NILO PECANHA, 182, PROXIMO AO TIRO DE GUERRA","AVENIDA NILO PECANHA, 182, PRÓXIMO AO TIRO DE GUERRA, Penedo, Alagoas, Brasil",81,1.0,MATCH_FORTE,NAO_ENCONTRADO,,,,PENDENTE,,
PRIORIDADE_3,PRIORIDADE_3,ESCOLA_URBANA_OU_SEDE,DELMIRO GOUVEIA,ESCOLA ESTADUAL PEDRO NEPOMUCENO DOS SANTOS,ESCOLA ESTADUAL PEDRO NEPOMUCENO DOS SANTOS,"RUA PROJETADA, S/N. DISTRITO DE BARRAGEM LESTE","RUA PROJETADA, S/N. DISTRITO DE BARRAGEM LESTE, Delmiro Gouveia, Alagoas, Brasil",79,1.0,MATCH_FORTE,NAO_ENCONTRADO,,,,PENDENTE,,
PRIORIDADE_3,PRIORIDADE_3,ESCOLA_URBANA_OU_SEDE,MARECHAL DEODORO,ESCOLA PROFESSORA ELEUZA GALVÃO RODAS,ESCOLA PROFESSORA ELEUZA GALVAO RODAS,RUA ARTHUR PAIVA REGO SN,"RUA ARTHUR PAIVA REGO SN, Marechal Deodoro, Alagoas, Brasil",79,1.0,MATCH_FORTE,NAO_ENCONTRADO,,,,PENDENTE,,
PRIORIDADE_3,PRIORIDADE_3,ESCOLA_URBANA_OU_SEDE,CORURIPE,ESCOLA MUNICIPAL GENERAL DE GOIS MONTEIRO,ESCOLA MUNICIPAL GENERAL DE GOIS MONTEIRO,"RUA ABELARDO HOLANDA, 105","RUA ABELARDO HOLANDA, 105, Coruripe, Alagoas, Brasil",77,1.0,MATCH_FORTE,NAO_ENCONTRADO,,,,PENDENTE,,
PRIORIDADE_3,PRIORIDADE_3,ESCOLA_URBANA_OU_SEDE,MARECHAL DEODORO,ESCOLA MUNICIPAL PREFEITO EDIVAL LEMOS SANTOS,ESCOLA MUNICIPAL PREFEITO EDIVAL LEMOS SANTOS,AV. SAO JOSE POEIRA SN,"AV. SAO JOSE POEIRA SN, Marechal Deodoro, Alagoas, Brasil",76,1.0,MATCH_FORTE,NAO_ENCONTRADO,,,,PENDENTE,,
PRIORIDADE_3,PRIORIDADE_3,CONJUNTO_HABITACIONAL,RIO LARGO,CRIA-CENTRO INFANTIL CORÁLIA GOMES DA SILVA,CRIA-CENTRO INFANTIL CORALIA GOMES DA SILVA,"CJ JARBAS OITICICA, QD B2, N 45, MATA DO ROLO","CJ JARBAS OITICICA, QD B2, N 45, MATA DO ROLO, Rio Largo, Alagoas, Brasil",76,1.0,MATCH_FORTE,NAO_ENCONTRADO,,,,PENDENTE,,
PRIORIDADE_3,PRIORIDADE_3,POVOADO,CORURIPE,ESCOLA MUNICIPAL NOSSA SENHORA DO MONT SERRAT,ESCOLA MUNICIPAL NOSSA SENHORA DO MONT SERRAT,"POVOADO MIAI DE BAIXO, S/N","POVOADO MIAI DE BAIXO, S/N, Coruripe, Alagoas, Brasil",71,1.0,MATCH_FORTE,NAO_ENCONTRADO,,,,PENDENTE,,
PRIORIDADE_3,PRIORIDADE_3,POVOADO,DELMIRO GOUVEIA,"ANCHIETA, GRUPO ESCOLAR PADRE ( POV. LAGOINHA)","ANCHIETA, GRUPO ESCOLAR PADRE ( POV. LAGOINHA)",POVOADO LAGOINHAS S/N,"POVOADO LAGOINHAS S/N, Delmiro Gouveia, Alagoas, Brasil",69,1.0,MATCH_FORTE,NAO_ENCONTRADO,,,,PENDENTE,,
PRIORIDADE_3,PRIORIDADE_3,ESCOLA_URBANA_OU_SEDE,UNIAO DOS PALMARES,ESCOLA MUNICIPAL LAURA PEREIRA DA SILVA,ESCOLA MUNICIPAL LAURA PEREIRA DA SILVA,"RUA CUPERTINO DOS PRAZERES, S/N","RUA CUPERTINO DOS PRAZERES, S/N, Uniao Dos Palmares, Alagoas, Brasil",66,1.0,MATCH_FORTE,NAO_ENCONTRADO,,,,PENDENTE,,
PRIORIDADE_3,PRIORIDADE_3,ESCOLA_URBANA_OU_SEDE,PENEDO,ESCOLA ESTADUAL HERMÍLIO DE FREITAS MELRO,ESCOLA ESTADUAL HERMILIO DE FREITAS MELRO,"AVENIDA WANDERLEY, 396, EM FRENTE AO SEMEP","AVENIDA WANDERLEY, 396, EM FRENTE AO SEMEP, Penedo, Alagoas, Brasil",62,1.0,MATCH_FORTE,NAO_ENCONTRADO,,,,PENDENTE,,
PRIORIDADE_3,PRIORIDADE_3,ENDERECO_URBANO,PENEDO,UNIDADE DE ENSINO DE PENEDO/UFAL,UNIDADE DE ENSINO DE PENEDO/UFAL,"AVENIDA BEIRA RIO, S/N, UFAL, PX. A DELEGACIA DE POLICIA","AVENIDA BEIRA RIO, S/N, UFAL, PX. À DELEGACIA DE POLÍCIA, Penedo, Alagoas, Brasil",58,1.0,MATCH_FORTE,NAO_ENCONTRADO,,,,PENDENTE,,
PRIORIDADE_3,PRIORIDADE_3,ESCOLA_URBANA_OU_SEDE,DELMIRO GOUVEIA,"ERENICE GOMES DE LIMA, ESCOLA ESTADUAL PROFª","ERENICE GOMES DE LIMA, ESCOLA ESTADUAL PROFa",RUA MARTINHA CARDEAL S/N,"RUA MARTINHA CARDEAL S/N, Delmiro Gouveia, Alagoas, Brasil",55,0.9333,MATCH_PROVAVEL,NAO_ENCONTRADO,,,,PENDENTE,,
PRIORIDADE_3,PRIORIDADE_3,POVOADO,DELMIRO GOUVEIA,"MANOEL MOURA, COLEGIO DE 1 GRAU","MANOEL MOURA, COLEGIO DE 1 GRAU",POVOADO BARRAGEM,"POVOADO BARRAGEM, Delmiro Gouveia, Alagoas, Brasil",52,1.0,MATCH_FORTE,NAO_ENCONTRADO,,,,PENDENTE,,
PRIORIDADE_3,PRIORIDADE_3,POVOADO,PALMEIRA DOS INDIOS,ESCOLA ESTADUAL DIJANIRA SANTOS SILVA,ESCOLA ESTADUAL DIJANIRA SANTOS SILVA,POVOADO SANTO ANTONIO,"POVOADO SANTO ANTÔNIO, Palmeira Dos Indios, Alagoas, Brasil",52,1.0,MATCH_FORTE,NAO_ENCONTRADO,,,,PENDENTE,,
PRIORIDADE_3,PRIORIDADE_3,POVOADO,DELMIRO GOUVEIA,"JOSE CORREIA DOS SANTOS,GRUPO ESCOLAR","JOSE CORREIA DOS SANTOS,GRUPO ESCOLAR",POVOADO SINIMBU,"POVOADO SINIMBU, Delmiro Gouveia, Alagoas, Brasil",51,1.0,MATCH_FORTE,NAO_ENCONTRADO,,,,PENDENTE,,
PRIORIDADE_3,PRIORIDADE_3,POVOADO,PENEDO,EMEB HANNA BERTHOLET,EMEB HANNA BERTHOLET,POVOADO SANTA MARGARIDA,"POVOADO SANTA MARGARIDA, Penedo, Alagoas, Brasil",50,1.0,MATCH_FORTE,NAO_ENCONTRADO,,,,PENDENTE,,
PRIORIDADE_4,PRIORIDADE_4,ESCOLA_URBANA_OU_SEDE,MARECHAL DEODORO,ESCOLA MUNICIPAL ADELINA DE CARVALHO MELO,ESCOLA MUNICIPAL ADELINA DE CARVALHO MELO,RUA ADELINA DE CARVALHO MELO SN,"RUA ADELINA DE CARVALHO MELO SN, Marechal Deodoro, Alagoas, Brasil",47,1.0,MATCH_FORTE,NAO_ENCONTRADO,,,,PENDENTE,,
PRIORIDADE_4,PRIORIDADE_4,ENDERECO_URBANO,MARECHAL DEODORO,UBS - MARIA DO CARMO ARAÚJO SOARES,UBS - MARIA DO CARMO ARAUJO SOARES,"RUA ADELINA DE CARVALHO MELO, S/N","RUA ADELINA DE CARVALHO MELO, S/N, Marechal Deodoro, Alagoas, Brasil",45,1.0,MATCH_FORTE,NAO_ENCONTRADO,,,,PENDENTE,,
PRIORIDADE_4,PRIORIDADE_4,POVOADO,DELMIRO GOUVEIA,"JOSE CORREIA FILHO,ESCOLA","JOSE CORREIA FILHO,ESCOLA",POVOADO JARDIM CORDEIRO,"POVOADO JARDIM CORDEIRO, Delmiro Gouveia, Alagoas, Brasil",39,1.0,MATCH_FORTE,NAO_ENCONTRADO,,,,PENDENTE,,
PRIORIDADE_4,PRIORIDADE_4,VILA,MACEIO,CRECHE AGENOR FERNANDES PONTES,CRECHE AGENOR FERNANDES PONTES,"VILA GOIABEIRA, 132","VILA GOIABEIRA, 132, Maceio, Alagoas, Brasil",39,1.0,MATCH_FORTE,NAO_ENCONTRADO,,,,PENDENTE,,
PRIORIDADE_4,PRIORIDADE_4,ESCOLA_URBANA_OU_SEDE,PENEDO,ESCOLA ESTADUAL CLEMENTINO DO MONTE,ESCOLA ESTADUAL CLEMENTINO DO MONTE,"PRACA CLEMENTINO DO MONTE, S/N (EM FRENTE AO PENEDENSE)","PRAÇA CLEMENTINO DO MONTE, S/N (EM FRENTE AO PENEDENSE), Penedo, Alagoas, Brasil",35,1.0,MATCH_FORTE,NAO_ENCONTRADO,,,,PENDENTE,,
PRIORIDADE_4,PRIORIDADE_4,POVOADO,PALMEIRA DOS INDIOS,ESCOLA MUNICIPAL NOÉ SIMPLÍCIO,ESCOLA MUNICIPAL NOE SIMPLICIO,POVOADO BONIFACIO,"POVOADO BONIFÁCIO, Palmeira Dos Indios, Alagoas, Brasil",34,1.0,MATCH_FORTE,NAO_ENCONTRADO,,,,PENDENTE,,
PRIORIDADE_4,PRIORIDADE_4,POVOADO,PALMEIRA DOS INDIOS,ESCOLA ESTADUAL EGÍDIO BARBOSA,ESCOLA ESTADUAL EGIDIO BARBOSA,POVOADO LAGOA DO CALDEIRAO,"POVOADO LAGOA DO CALDEIRÃO, Palmeira Dos Indios, Alagoas, Brasil",32,1.0,MATCH_FORTE,NAO_ENCONTRADO,,,,PENDENTE,,
PRIORIDADE_4,PRIORIDADE_4,POVOADO,PALMEIRA DOS INDIOS,ESCOLA MUNICIPAL PEDRO RODRIGUES GAIA,ESCOLA MUNICIPAL PEDRO RODRIGUES GAIA,POVOADO CORURIPE DA CAL,"POVOADO CORURIPE DA CAL, Palmeira Dos Indios, Alagoas, Brasil",31,1.0,MATCH_FORTE,NAO_ENCONTRADO,,,,PENDENTE,,
PRIORIDADE_4,PRIORIDADE_4,POVOADO,DELMIRO GOUVEIA,"RAIMYSON SILVA NASCIMENTO, EMEF","RAIMYSON SILVA NASCIMENTO, EMEF",POVOADO CARAIBEIRINHAS,"POVOADO CARAIBEIRINHAS, Delmiro Gouveia, Alagoas, Brasil",30,1.0,MATCH_FORTE,NAO_ENCONTRADO,,,,PENDENTE,,
PRIORIDADE_4,PRIORIDADE_4,POVOADO,DELMIRO GOUVEIA,"SAO JOSE, ESCOLA MUN DE ENSINO FUNDAMENTAL","SAO JOSE, ESCOLA MUN DE ENSINO FUNDAMENTAL",POVOADO SALGADO,"POVOADO SALGADO, Delmiro Gouveia, Alagoas, Brasil",29,1.0,MATCH_FORTE,NAO_ENCONTRADO,,,,PENDENTE,,
PRIORIDADE_4,PRIORIDADE_4,POVOADO,PENEDO,EMEB SANTO ANTÔNIO,EMEB SANTO ANTONIO,POVOADO TABULEIRO DOS NEGROS,"POVOADO TABULEIRO DOS NEGROS, Penedo, Alagoas, Brasil",28,1.0,MATCH_FORTE,NAO_ENCONTRADO,,,,PENDENTE,,
PRIORIDADE_4,PRIORIDADE_4,OUTROS,PALMEIRA DOS INDIOS,UNIVERSISADE ESTADUAL DE ALAGOAS - UNEAL - PALMERIA DOS ÍNDIOS,UNIVERSISADE ESTADUAL DE ALAGOAS - UNEAL - PALMERIA DOS INDIOS,"RODOVIA EDUARDO ALVES DA SILVA, KM 03","RODOVIA EDUARDO ALVES DA SILVA, KM 03, Palmeira Dos Indios, Alagoas, Brasil",26,1.0,MATCH_FORTE,NAO_ENCONTRADO,,,,PENDENTE,,
PRIORIDADE_4,PRIORIDADE_4,POVOADO,DELMIRO GOUVEIA,"ANTENOR CORREIA SERPA, ESCOLA MUNICIPAL DR.","ANTENOR CORREIA SERPA, ESCOLA MUNICIPAL DR.",POVOADO CRUZ,"POVOADO CRUZ, Delmiro Gouveia, Alagoas, Brasil",25,1.0,MATCH_FORTE,NAO_ENCONTRADO,,,,PENDENTE,,
PRIORIDADE_4,PRIORIDADE_4,POVOADO,PENEDO,EMEB PROFª MARIA DA GLÓRIA PIMENTEIRA,EMEB PROFa MARIA DA GLORIA PIMENTEIRA,POVOADO PONTA MOFINA,"POVOADO PONTA MOFINA, Penedo, Alagoas, Brasil",24,0.9231,MATCH_PROVAVEL,NAO_ENCONTRADO,,,,PENDENTE,,
PRIORIDADE_4,PRIORIDADE_4,POVOADO,DELMIRO GOUVEIA,ESCOLA MUNICIPAL DE EDUCAÇÃO BÁSICA JUSCELINO KUBISTCHEK DE OLIVEIRA,ESCOLA MUNICIPAL DE EDUCACAO BASICA JUSCELINO KUBISTCHEK DE OLIVEIRA,POVOADO ALTO BONITO,"POVOADO ALTO BONITO, Delmiro Gouveia, Alagoas, Brasil",23,1.0,MATCH_FORTE,NAO_ENCONTRADO,,,,PENDENTE,,
PRIORIDADE_4,PRIORIDADE_4,POVOADO,PENEDO,EMEB PROFESSOR IRÊNIO ARAÚJO,EMEB PROFESSOR IRENIO ARAUJO,POVOADO MARITUBA DO PEIXE,"POVOADO MARITUBA DO PEIXE, Penedo, Alagoas, Brasil",17,1.0,MATCH_FORTE,NAO_ENCONTRADO,,,,PENDENTE,,
